mtllib galaxy_xr_controller_left.mtl
usemtl galaxy_xr_controller_left
v 0.020849 0.000808 -0.048004
v 0.020849 0.000808 -0.048004
v 0.021033 -0.000156 -0.049044
v 0.021033 -0.000156 -0.049044
v 0.020363 -0.002604 -0.047034
v 0.020178 -0.001639 -0.045994
v 0.014340 0.004109 -0.046108
v 0.014340 0.004109 -0.046108
v 0.015678 0.004052 -0.045794
v 0.015678 0.004052 -0.045794
v 0.015008 0.001605 -0.043784
v 0.013670 0.001662 -0.044098
v 0.012159 -0.001525 -0.053091
v 0.012159 -0.001525 -0.053091
v 0.011232 -0.000589 -0.052293
v 0.011232 -0.000589 -0.052293
v 0.010561 -0.003037 -0.050283
v 0.011488 -0.003973 -0.051081
v 0.010690 0.000300 -0.051439
v 0.010690 0.000300 -0.051439
v 0.010533 0.001233 -0.050429
v 0.010533 0.001233 -0.050429
v 0.009863 -0.001215 -0.048419
v 0.010019 -0.002147 -0.049429
v 0.010673 0.002109 -0.049398
v 0.010673 0.002109 -0.049398
v 0.011215 0.002879 -0.048376
v 0.011215 0.002879 -0.048376
v 0.010544 0.000432 -0.046366
v 0.010003 -0.000338 -0.047389
v 0.017205 -0.003070 -0.053420
v 0.017205 -0.003070 -0.053420
v 0.015898 -0.003003 -0.053713
v 0.015898 -0.003003 -0.053713
v 0.015227 -0.005451 -0.051703
v 0.016534 -0.005517 -0.051410
v 0.014608 -0.002756 -0.053795
v 0.014608 -0.002756 -0.053795
v 0.013380 -0.002262 -0.053580
v 0.013380 -0.002262 -0.053580
v 0.012710 -0.004709 -0.051571
v 0.013937 -0.005203 -0.051785
v 0.019559 -0.002446 -0.052051
v 0.019559 -0.002446 -0.052051
v 0.018378 -0.002878 -0.052872
v 0.018378 -0.002878 -0.052872
v 0.017707 -0.005325 -0.050862
v 0.018889 -0.004894 -0.050041
v 0.019424 0.002627 -0.046347
v 0.019424 0.002627 -0.046347
v 0.020248 0.001775 -0.047079
v 0.020248 0.001775 -0.047079
v 0.019578 -0.000672 -0.045069
v 0.018754 0.000180 -0.044338
v 0.012022 0.003499 -0.047449
v 0.012022 0.003499 -0.047449
v 0.013137 0.003901 -0.046682
v 0.013137 0.003901 -0.046682
v 0.012467 0.001454 -0.044672
v 0.011351 0.001052 -0.045440
v 0.020882 -0.001018 -0.050061
v 0.020882 -0.001018 -0.050061
v 0.020403 -0.001777 -0.051055
v 0.020403 -0.001777 -0.051055
v 0.019732 -0.004224 -0.049045
v 0.020212 -0.003465 -0.048051
v 0.017003 0.003797 -0.045708
v 0.017003 0.003797 -0.045708
v 0.017003 0.003797 -0.045708
v 0.018272 0.003290 -0.045923
v 0.018272 0.003290 -0.045923
v 0.017602 0.000842 -0.043913
v 0.016332 0.001350 -0.043698
v 0.016332 0.001350 -0.043698
v 0.019984 0.001319 -0.048837
v 0.020138 0.000561 -0.049650
v 0.019510 0.002082 -0.048106
v 0.018843 0.002769 -0.047517
v 0.017920 0.003305 -0.047170
v 0.016910 0.003710 -0.046998
v 0.015862 0.003916 -0.047060
v 0.014808 0.003955 -0.047313
v 0.013843 0.003789 -0.047772
v 0.012943 0.003464 -0.048391
v 0.012293 0.002961 -0.049144
v 0.011864 0.002353 -0.049954
v 0.011743 0.001663 -0.050768
v 0.011879 0.000929 -0.051561
v 0.012318 0.000213 -0.052245
v 0.013055 -0.000532 -0.052880
v 0.014030 -0.001122 -0.053273
v 0.015013 -0.001522 -0.053450
v 0.016034 -0.001727 -0.053394
v 0.017064 -0.001771 -0.053155
v 0.018008 -0.001614 -0.052710
v 0.018949 -0.001269 -0.052054
v 0.019622 -0.000732 -0.051258
v 0.020016 -0.000124 -0.050460
v 0.015970 0.001203 -0.050294
v 0.009019 -0.028350 -0.051428
v 0.009019 -0.028350 -0.051428
v 0.009019 -0.028350 -0.051428
v 0.005348 -0.028049 -0.050966
v 0.005348 -0.028049 -0.050966
v 0.005637 -0.028414 -0.050415
v 0.008987 -0.028676 -0.050812
v -0.004454 -0.026280 -0.039904
v -0.004454 -0.026280 -0.039904
v -0.004739 -0.027064 -0.036933
v -0.004739 -0.027064 -0.036933
v -0.004162 -0.027893 -0.037331
v -0.003858 -0.027066 -0.040108
v 0.012472 -0.028603 -0.050198
v 0.012807 -0.028230 -0.050716
v 0.012807 -0.028230 -0.050716
v 0.021470 -0.029294 -0.037694
v 0.021470 -0.029294 -0.037694
v 0.021295 -0.028284 -0.040338
v 0.021295 -0.028284 -0.040338
v 0.020723 -0.029052 -0.040524
v 0.020949 -0.030060 -0.038119
v 0.020625 -0.027617 -0.043027
v 0.020625 -0.027617 -0.043027
v 0.018912 -0.027769 -0.046053
v 0.018912 -0.027769 -0.046053
v 0.018173 -0.028299 -0.046004
v 0.020083 -0.028346 -0.043113
v -0.001249 -0.026676 -0.046726
v -0.001249 -0.026676 -0.046726
v -0.003217 -0.026206 -0.043782
v -0.003217 -0.026206 -0.043782
v -0.002613 -0.026868 -0.043803
v -0.000536 -0.027268 -0.046638
v 0.016198 -0.027938 -0.048880
v 0.016198 -0.027938 -0.048880
v 0.015611 -0.028400 -0.048587
v 0.001976 -0.027471 -0.049449
v 0.001976 -0.027471 -0.049449
v 0.002533 -0.027932 -0.049094
v -0.004457 -0.028398 -0.034544
v -0.004457 -0.028398 -0.034544
v -0.003939 -0.029163 -0.035133
v 0.020770 -0.031597 -0.034674
v 0.020770 -0.031597 -0.034674
v 0.020278 -0.032205 -0.035285
v -0.003623 -0.030198 -0.032635
v -0.003623 -0.030198 -0.032635
v -0.001646 -0.033216 -0.030780
v -0.001646 -0.033216 -0.030780
v -0.001260 -0.033930 -0.031531
v -0.003222 -0.030893 -0.033304
v 0.019402 -0.033808 -0.032662
v 0.019402 -0.033808 -0.032662
v 0.019020 -0.034359 -0.033336
v 0.013555 -0.039194 -0.030143
v 0.013555 -0.039194 -0.030143
v 0.017133 -0.036517 -0.031213
v 0.017133 -0.036517 -0.031213
v 0.016610 -0.036922 -0.031878
v 0.013175 -0.039314 -0.030819
v 0.007464 -0.040535 -0.029661
v 0.007464 -0.040535 -0.029661
v 0.007525 -0.040509 -0.030362
v 0.004637 -0.039612 -0.030461
v 0.004398 -0.039498 -0.029748
v 0.004398 -0.039498 -0.029748
v 0.001763 -0.037507 -0.030020
v 0.001763 -0.037507 -0.030020
v 0.002116 -0.037854 -0.030750
v 0.008956 -0.028842 -0.050020
v 0.008584 -0.030856 -0.043244
v 0.013235 -0.030795 -0.042703
v 0.012229 -0.028807 -0.049457
v 0.012902 -0.038935 -0.031457
v 0.012655 -0.034460 -0.036447
v 0.010325 -0.039844 -0.031065
v 0.018004 -0.029861 -0.041555
v 0.017615 -0.028629 -0.045539
v 0.015169 -0.028678 -0.047969
v 0.019932 -0.029443 -0.040633
v 0.019309 -0.028796 -0.042972
v 0.018024 -0.031219 -0.038715
v 0.012966 -0.032409 -0.039414
v 0.020155 -0.030446 -0.038361
v 0.017577 -0.033314 -0.035800
v 0.019522 -0.032463 -0.035676
v 0.016208 -0.036718 -0.032525
v 0.018338 -0.034449 -0.033919
v -0.000850 -0.033955 -0.032306
v -0.000786 -0.031479 -0.036153
v -0.003214 -0.029659 -0.035539
v -0.002562 -0.031247 -0.033919
v 0.008428 -0.032513 -0.039657
v 0.004056 -0.030173 -0.042592
v 0.003981 -0.031623 -0.039327
v 0.005814 -0.028604 -0.049652
v 0.008221 -0.034712 -0.036493
v 0.003914 -0.033587 -0.036460
v -0.000629 -0.028911 -0.041186
v -0.000761 -0.030026 -0.038454
v -0.003098 -0.027589 -0.040176
v -0.003392 -0.028434 -0.037577
v 0.002456 -0.037607 -0.031447
v 0.004876 -0.039211 -0.031108
v 0.002897 -0.028192 -0.048422
v -0.000043 -0.027635 -0.046110
v -0.001886 -0.027369 -0.043580
v 0.010612 -0.040320 -0.029745
v 0.010612 -0.040320 -0.029745
v 0.010438 -0.040312 -0.030439
v 0.007601 -0.040023 -0.030986
v 0.008800 -0.017762 -0.047786
v 0.008800 -0.017762 -0.047786
v 0.005127 -0.017878 -0.047395
v 0.020840 -0.020714 -0.040989
v 0.018749 -0.019567 -0.043731
v -0.001307 -0.019173 -0.044081
v -0.003518 -0.020222 -0.041439
v 0.015877 -0.018622 -0.045910
v 0.021992 -0.021938 -0.037952
v -0.004870 -0.021552 -0.038217
v 0.021732 -0.024596 -0.031394
v 0.022313 -0.023208 -0.034784
v 0.020311 -0.025776 -0.028429
v 0.014978 -0.027610 -0.023818
v 0.018047 -0.026807 -0.025843
v -0.005279 -0.022808 -0.035027
v -0.004906 -0.024023 -0.031974
v 0.004602 -0.027900 -0.022798
v 0.008122 -0.028143 -0.022304
v 0.012476 -0.018012 -0.047284
v 0.011670 -0.028042 -0.022656
v 0.001401 -0.027341 -0.024080
v 0.001702 -0.018350 -0.046144
v -0.003755 -0.025180 -0.029109
v -0.001624 -0.026369 -0.026316
v 0.000064 0.002723 -0.049692
v 0.000436 0.002461 -0.049014
v -0.000912 0.003378 -0.048143
v -0.001166 0.003567 -0.048909
v -0.004778 -0.001929 -0.055567
v -0.004964 -0.002725 -0.055573
v -0.003596 -0.002894 -0.055583
v -0.003561 -0.002094 -0.055569
v -0.004544 0.003678 -0.045110
v -0.004544 0.003678 -0.045110
v -0.006638 0.003504 -0.045633
v -0.006170 0.003832 -0.046945
v -0.004338 0.003987 -0.046517
v -0.004338 0.003987 -0.046517
v -0.002120 -0.002014 -0.055304
v -0.002001 -0.002794 -0.055292
v -0.000523 -0.002332 -0.054571
v -0.000792 -0.001606 -0.054653
v 0.000224 -0.000957 -0.053790
v 0.000606 -0.001610 -0.053616
v 0.001322 -0.000576 -0.052361
v 0.000867 -0.000023 -0.052663
v 0.001027 0.000874 -0.051638
v 0.001502 0.000420 -0.051209
v 0.001200 0.001463 -0.050067
v 0.000749 0.001825 -0.050613
v -0.002571 0.004015 -0.048565
v -0.002489 0.003877 -0.047720
v -0.004182 0.004066 -0.047699
v -0.004182 0.004066 -0.047699
v -0.004084 0.004190 -0.048568
v -0.004084 0.004190 -0.048568
v -0.008100 0.000252 -0.053549
v -0.008706 -0.000352 -0.053292
v -0.007754 -0.001452 -0.054441
v -0.007260 -0.000752 -0.054568
v -0.010873 -0.000707 -0.050968
v -0.010489 -0.002132 -0.052493
v -0.009564 -0.001117 -0.052996
v -0.009920 0.000131 -0.051636
v -0.006514 -0.002220 -0.055182
v -0.006171 -0.001457 -0.055219
v -0.008236 0.002154 -0.051425
v -0.008882 0.001760 -0.050885
v -0.009038 0.000722 -0.052100
v -0.008388 0.001220 -0.052499
v -0.009978 0.001757 -0.048021
v -0.010706 0.000615 -0.049436
v -0.009758 0.001315 -0.050261
v -0.009103 0.002328 -0.049011
v -0.008643 0.002763 -0.046744
v -0.007918 0.003185 -0.047897
v 0.002673 0.000032 -0.048104
v 0.001506 0.001519 -0.046613
v 0.001000 0.002101 -0.047929
v 0.001951 0.000874 -0.049186
v 0.001762 0.000698 -0.045391
v 0.000134 0.001810 -0.044373
v -0.000088 0.002593 -0.045638
v -0.004724 0.002976 -0.043751
v -0.004724 0.002976 -0.043751
v -0.006987 0.002773 -0.044332
v -0.002326 0.002708 -0.043733
v -0.002318 0.003415 -0.045080
v -0.011558 -0.001736 -0.050098
v -0.011132 -0.003269 -0.051733
v -0.010611 0.000896 -0.046928
v -0.011376 -0.000342 -0.048449
v -0.009181 0.001999 -0.045532
v 0.003059 -0.000929 -0.047054
v 0.000221 0.004143 -0.050941
v 0.000221 0.004143 -0.050941
v -0.000993 0.004965 -0.050171
v -0.000993 0.004965 -0.050171
v -0.003969 -0.000434 -0.056743
v -0.003969 -0.000434 -0.056743
v -0.005483 0.004066 -0.048888
v -0.005302 0.005481 -0.050188
v -0.005302 0.005481 -0.050188
v -0.003904 0.005614 -0.049837
v -0.003904 0.005614 -0.049837
v -0.000672 -0.000093 -0.055897
v -0.000672 -0.000093 -0.055897
v -0.001987 -0.000455 -0.056495
v -0.001987 -0.000455 -0.056495
v 0.001002 0.001416 -0.053942
v 0.001002 0.001416 -0.053942
v 0.000346 0.000532 -0.055047
v 0.000346 0.000532 -0.055047
v 0.000915 0.003242 -0.051868
v 0.000915 0.003242 -0.051868
v 0.001178 0.002307 -0.052905
v 0.001178 0.002307 -0.052905
v -0.002395 0.005445 -0.049820
v -0.002395 0.005445 -0.049820
v -0.006938 0.000794 -0.055756
v -0.006938 0.000794 -0.055756
v -0.007747 0.001738 -0.054792
v -0.007747 0.001738 -0.054792
v -0.008052 0.002670 -0.053774
v -0.008052 0.002670 -0.053774
v -0.005881 0.000117 -0.056384
v -0.005881 0.000117 -0.056384
v -0.007936 0.003571 -0.052728
v -0.007936 0.003571 -0.052728
v -0.007726 0.002946 -0.050466
v -0.007457 0.004349 -0.051777
v -0.007457 0.004349 -0.051777
v -0.006816 0.003587 -0.049610
v -0.006589 0.005000 -0.050914
v -0.006589 0.005000 -0.050914
v -0.000496 0.003109 -0.046992
v -0.005317 -0.003922 -0.055616
v -0.003694 -0.004162 -0.055653
v -0.005763 0.003922 -0.048035
v -0.001867 -0.004082 -0.055318
v -0.000108 -0.003574 -0.054485
v 0.001233 -0.002752 -0.053371
v 0.002096 -0.001541 -0.051880
v 0.002298 -0.000333 -0.050488
v -0.002381 0.003760 -0.046513
v -0.008502 -0.002385 -0.054294
v -0.007060 -0.003322 -0.055162
v -0.008305 0.002649 -0.049802
v -0.007275 0.003375 -0.048837
v -0.005756 -0.005372 -0.055451
v -0.006068 -0.006718 -0.054921
v -0.004002 -0.007064 -0.055007
v -0.003858 -0.005692 -0.055523
v -0.001820 -0.005635 -0.055150
v -0.001846 -0.006996 -0.054621
v 0.000381 -0.006415 -0.053632
v 0.000239 -0.005088 -0.054213
v 0.001796 -0.004170 -0.052944
v 0.002048 -0.005437 -0.052276
v 0.003186 -0.003942 -0.050419
v 0.002826 -0.002775 -0.051213
v 0.003057 -0.001331 -0.049555
v 0.003450 -0.002366 -0.048603
v -0.009892 -0.004777 -0.053270
v -0.009327 -0.003561 -0.053930
v -0.008089 -0.005989 -0.054374
v -0.007669 -0.004680 -0.054938
v 0.000166 0.005049 -0.050212
v 0.000809 0.004554 -0.050687
v -0.004760 -0.000733 -0.057400
v -0.004042 -0.000874 -0.057468
v -0.004771 0.006214 -0.049561
v -0.003941 0.006248 -0.049406
v -0.003941 0.006248 -0.049406
v -0.000923 -0.000661 -0.056815
v -0.001712 -0.000838 -0.057122
v 0.001420 0.000848 -0.054813
v 0.000984 0.000357 -0.055430
v 0.001840 0.002963 -0.052351
v 0.001934 0.002424 -0.052956
v -0.003073 0.006194 -0.049350
v -0.002205 0.006049 -0.049397
v -0.008037 0.001152 -0.055731
v -0.008443 0.001716 -0.055147
v -0.008692 0.002270 -0.054553
v -0.008802 0.002814 -0.053947
v -0.006934 0.000181 -0.056677
v -0.007519 0.000624 -0.056257
v -0.008791 0.003350 -0.053332
v -0.008665 0.003863 -0.052730
v -0.008429 0.004339 -0.052163
v -0.008085 0.004778 -0.051625
v -0.007631 0.005180 -0.051110
v -0.007058 0.005538 -0.050627
v -0.006353 0.005848 -0.050186
v -0.005572 0.006083 -0.049820
v -0.005526 -0.000499 -0.057244
v -0.006272 -0.000189 -0.057002
v -0.001373 0.005814 -0.049551
v -0.000582 0.005482 -0.049819
v 0.001287 0.004037 -0.051205
v 0.001624 0.003505 -0.051761
v 0.001901 0.001896 -0.053556
v 0.001732 0.001374 -0.054169
v 0.000445 -0.000060 -0.055965
v -0.000192 -0.000400 -0.056424
v -0.002524 -0.000926 -0.057332
v -0.003316 -0.000934 -0.057446
v 0.001377 0.005078 -0.050593
v 0.000650 0.005628 -0.050066
v 0.000882 0.006152 -0.050263
v 0.001644 0.005582 -0.050810
v -0.000195 0.006110 -0.049630
v -0.000004 0.006652 -0.049813
v -0.003956 0.006982 -0.049145
v -0.003956 0.006982 -0.049145
v -0.004887 0.006939 -0.049321
v -0.004892 0.007528 -0.049474
v -0.003921 0.007576 -0.049291
v -0.003921 0.007576 -0.049291
v -0.005787 0.006788 -0.049612
v -0.005832 0.007369 -0.049777
v 0.002640 0.002684 -0.053137
v 0.002529 0.003290 -0.052461
v 0.002842 0.003718 -0.052759
v 0.002964 0.003086 -0.053462
v 0.002283 0.003898 -0.051799
v 0.002581 0.004353 -0.052071
v -0.002008 0.006754 -0.049145
v -0.002982 0.006920 -0.049086
v -0.002903 0.007509 -0.049232
v -0.001888 0.007331 -0.049299
v -0.009073 0.001867 -0.055608
v -0.008616 0.001224 -0.056272
v -0.008840 0.001549 -0.056768
v -0.009321 0.002228 -0.056067
v -0.008029 0.000623 -0.056869
v -0.008221 0.000915 -0.057399
v -0.009469 0.003111 -0.054243
v -0.009351 0.002495 -0.054931
v -0.009609 0.002889 -0.055350
v -0.009727 0.003536 -0.054624
v -0.009300 0.004297 -0.052866
v -0.009450 0.003717 -0.053546
v -0.009699 0.004174 -0.053891
v -0.009534 0.004783 -0.053178
v -0.008632 0.005328 -0.051625
v -0.009027 0.004834 -0.052229
v -0.009242 0.005343 -0.052507
v -0.008824 0.005856 -0.051873
v -0.007468 0.006180 -0.050507
v -0.008117 0.005779 -0.051047
v -0.008281 0.006326 -0.051269
v -0.007597 0.006743 -0.050707
v -0.006669 0.006526 -0.050018
v -0.006757 0.007099 -0.050199
v -0.006610 -0.000299 -0.057715
v -0.005762 -0.000650 -0.057989
v -0.005825 -0.000414 -0.058584
v -0.006722 -0.000049 -0.058296
v -0.004892 -0.000914 -0.058165
v -0.004907 -0.000689 -0.058768
v -0.001080 0.006484 -0.049325
v -0.000924 0.007045 -0.049492
v -0.000060 0.007580 -0.051035
v 0.000755 0.007103 -0.051466
v 0.000931 0.006852 -0.050929
v 0.000064 0.007350 -0.050479
v 0.001459 0.006561 -0.051987
v 0.001680 0.006285 -0.051473
v -0.003184 -0.000924 -0.058817
v -0.003126 -0.000607 -0.059204
v -0.004003 -0.000536 -0.059238
v -0.004050 -0.000855 -0.058849
v -0.003074 -0.000210 -0.059484
v -0.003946 -0.000140 -0.059521
v -0.004812 0.000029 -0.059444
v -0.004874 -0.000368 -0.059158
v -0.005553 0.008289 -0.050962
v -0.004659 0.008421 -0.050696
v -0.004776 0.008228 -0.050126
v -0.005714 0.008079 -0.050415
v -0.003738 0.008448 -0.050546
v -0.003738 0.008448 -0.050546
v -0.003811 0.008267 -0.049959
v -0.003811 0.008267 -0.049959
v 0.000508 -0.000257 -0.057552
v 0.000602 0.000079 -0.057901
v -0.000262 -0.000244 -0.058383
v -0.000350 -0.000576 -0.058024
v 0.000613 0.000483 -0.058172
v -0.000238 0.000162 -0.058654
v -0.001166 -0.000065 -0.059041
v -0.001200 -0.000470 -0.058769
v -0.001281 -0.000796 -0.058401
v 0.002739 0.001854 -0.054881
v 0.002840 0.002213 -0.055197
v 0.002483 0.001580 -0.055960
v 0.002382 0.001229 -0.055639
v 0.002809 0.002597 -0.055493
v 0.002459 0.001969 -0.056243
v 0.001964 0.001381 -0.056970
v 0.001979 0.000988 -0.056696
v 0.001879 0.000645 -0.056369
v 0.002667 0.004730 -0.052373
v 0.002932 0.004090 -0.053062
v 0.002623 0.005077 -0.052713
v 0.002886 0.004448 -0.053389
v 0.003011 0.003819 -0.054083
v 0.003058 0.003453 -0.053768
v -0.002781 0.008377 -0.050499
v -0.002803 0.008196 -0.049907
v -0.001829 0.008209 -0.050561
v -0.001799 0.008018 -0.049973
v -0.007891 0.002156 -0.058259
v -0.008493 0.002768 -0.057651
v -0.008773 0.002281 -0.057412
v -0.008146 0.001641 -0.058046
v -0.008960 0.003421 -0.056980
v -0.009260 0.002964 -0.056709
v -0.009226 0.004057 -0.056286
v -0.009541 0.003628 -0.055986
v -0.009325 0.004680 -0.055582
v -0.009649 0.004279 -0.055251
v -0.006718 0.000278 -0.058680
v -0.007524 0.000720 -0.058279
v -0.007518 0.000388 -0.057905
v -0.006648 0.000667 -0.058970
v -0.007444 0.001108 -0.058565
v -0.008236 0.001254 -0.057762
v -0.009292 0.005295 -0.054878
v -0.009615 0.004921 -0.054516
v -0.009130 0.005879 -0.054194
v -0.009445 0.005533 -0.053801
v -0.008839 0.006407 -0.053551
v -0.009145 0.006088 -0.053129
v -0.008425 0.006889 -0.052945
v -0.008718 0.006596 -0.052495
v -0.007896 0.007330 -0.052373
v -0.008167 0.007061 -0.051894
v -0.007237 0.007719 -0.051841
v -0.007479 0.007473 -0.051337
v -0.006435 0.008047 -0.051358
v -0.006638 0.007820 -0.050831
v -0.004702 0.000606 -0.059606
v -0.005596 0.000866 -0.059433
v -0.005742 0.000302 -0.059261
v -0.006465 0.001215 -0.059153
v -0.000922 0.007946 -0.050736
v -0.000845 0.007738 -0.050162
v 0.001721 0.005963 -0.051106
v 0.002277 0.005357 -0.051716
v 0.002196 0.004979 -0.051417
v 0.002232 0.005692 -0.052071
v 0.003030 0.002832 -0.054473
v 0.002932 0.002469 -0.054163
v 0.002989 0.003208 -0.054779
v 0.001351 0.000489 -0.057341
v 0.001253 0.000149 -0.057004
v 0.001348 0.000887 -0.057612
v -0.001210 0.000524 -0.059205
v -0.002130 0.000402 -0.059478
v -0.002130 -0.000187 -0.059321
v -0.003034 0.000375 -0.059640
v -0.000314 0.007576 -0.051613
v 0.000429 0.007138 -0.052008
v 0.001072 0.006642 -0.052484
v -0.003030 0.000994 -0.059500
v -0.003796 0.001056 -0.059536
v -0.003870 0.000442 -0.059679
v -0.004559 0.001206 -0.059471
v -0.005141 0.008034 -0.051984
v -0.005141 0.008034 -0.051984
v -0.004395 0.008139 -0.051763
v -0.004395 0.008139 -0.051763
v -0.004518 0.008351 -0.051304
v -0.005337 0.008234 -0.051547
v -0.003628 0.008158 -0.051638
v -0.003628 0.008158 -0.051638
v -0.003628 0.008158 -0.051638
v -0.003676 0.008372 -0.051167
v -0.003676 0.008372 -0.051167
v 0.000191 0.001616 -0.058330
v -0.000550 0.001336 -0.058755
v -0.000325 0.000744 -0.058830
v 0.000485 0.001050 -0.058366
v -0.001360 0.001135 -0.059099
v 0.002087 0.003455 -0.055973
v 0.001789 0.002909 -0.056630
v 0.002234 0.002467 -0.056514
v 0.002562 0.003066 -0.055799
v 0.001363 0.002396 -0.057268
v 0.001766 0.001905 -0.057208
v 0.001907 0.005604 -0.053554
v 0.002137 0.005060 -0.054140
v 0.002621 0.004825 -0.053797
v 0.002369 0.005422 -0.053157
v 0.002248 0.004515 -0.054743
v 0.002742 0.004228 -0.054457
v -0.002831 0.008096 -0.051599
v -0.002831 0.008096 -0.051599
v -0.002801 0.008304 -0.051124
v -0.002038 0.007956 -0.051650
v -0.002038 0.007956 -0.051650
v -0.001931 0.008150 -0.051180
v -0.007481 0.002630 -0.058238
v -0.008032 0.003190 -0.057680
v -0.008460 0.003786 -0.057064
v -0.007985 0.003983 -0.057010
v -0.007985 0.003983 -0.057010
v -0.008207 0.004514 -0.056431
v -0.008207 0.004514 -0.056431
v -0.008703 0.004369 -0.056429
v -0.008290 0.005035 -0.055844
v -0.008290 0.005035 -0.055844
v -0.008794 0.004941 -0.055784
v -0.006174 0.001765 -0.059056
v -0.006868 0.002158 -0.058697
v -0.007223 0.001642 -0.058761
v -0.008263 0.005547 -0.055255
v -0.008263 0.005547 -0.055255
v -0.008765 0.005503 -0.055138
v -0.008127 0.006033 -0.054683
v -0.008127 0.006033 -0.054683
v -0.008616 0.006037 -0.054510
v -0.008348 0.006520 -0.053920
v -0.007968 0.006960 -0.053365
v -0.007537 0.006874 -0.053641
v -0.007537 0.006874 -0.053641
v -0.007095 0.007239 -0.053162
v -0.007095 0.007239 -0.053162
v -0.007483 0.007362 -0.052840
v -0.006545 0.007562 -0.052718
v -0.006545 0.007562 -0.052718
v -0.006879 0.007717 -0.052353
v -0.005876 0.007834 -0.052314
v -0.005876 0.007834 -0.052314
v -0.006144 0.008015 -0.051909
v -0.005378 0.001445 -0.059312
v -0.001283 0.007738 -0.051796
v -0.001283 0.007738 -0.051796
v -0.001101 0.007910 -0.051340
v -0.000567 0.007433 -0.052044
v -0.000567 0.007433 -0.052044
v 0.001558 0.006131 -0.053000
v 0.001990 0.006001 -0.052552
v 0.002235 0.003985 -0.055349
v 0.002727 0.003648 -0.055119
v 0.000830 0.001967 -0.057834
v 0.001183 0.001435 -0.057825
v -0.002202 0.001021 -0.059351
v 0.000955 0.006536 -0.050556
v 0.000067 0.007039 -0.050102
v -0.003870 0.007973 -0.049573
v -0.003870 0.007973 -0.049573
v -0.004849 0.007927 -0.049751
v -0.005797 0.007769 -0.050052
v -0.001826 0.007723 -0.049585
v -0.002847 0.007903 -0.049517
v -0.009354 0.002587 -0.056412
v -0.008866 0.001898 -0.057122
v -0.009756 0.003912 -0.054945
v -0.009642 0.003257 -0.055683
v -0.009554 0.005176 -0.053482
v -0.009724 0.004559 -0.054203
v -0.008828 0.006255 -0.052162
v -0.009254 0.005739 -0.052803
v -0.007582 0.007147 -0.050987
v -0.008275 0.006728 -0.051553
v -0.006732 0.007501 -0.050476
v -0.005807 -0.000090 -0.058973
v -0.000858 0.007434 -0.049779
v -0.002174 -0.000588 -0.059045
v -0.002243 -0.000908 -0.058667
v -0.003254 -0.001136 -0.058216
v -0.004078 -0.001072 -0.058242
v 0.000270 -0.000511 -0.057039
v -0.000551 -0.000812 -0.057484
v -0.001440 -0.001018 -0.057836
v 0.002419 0.001503 -0.054497
v 0.002072 0.000908 -0.055221
v 0.001587 0.000352 -0.055917
v -0.007363 0.000120 -0.057346
v 0.001910 0.004498 -0.051174
v 0.002606 0.002092 -0.053809
v 0.000985 -0.000122 -0.056520
v -0.002358 -0.001123 -0.058080
v 0.000110 0.007035 -0.052404
v 0.000110 0.007035 -0.052404
v 0.000696 0.006583 -0.052837
v 0.000696 0.006583 -0.052837
v -0.003040 0.001440 -0.059228
v -0.003040 0.001440 -0.059228
v -0.003737 0.001496 -0.059262
v -0.003737 0.001496 -0.059262
v -0.004432 0.001633 -0.059202
v -0.004432 0.001633 -0.059202
v -0.000106 0.002006 -0.058162
v -0.000106 0.002006 -0.058162
v -0.000781 0.001751 -0.058550
v -0.000781 0.001751 -0.058550
v -0.001519 0.001568 -0.058863
v -0.001519 0.001568 -0.058863
v 0.001620 0.003681 -0.056016
v 0.001620 0.003681 -0.056016
v 0.001349 0.003184 -0.056614
v 0.001349 0.003184 -0.056614
v 0.000962 0.002717 -0.057195
v 0.000962 0.002717 -0.057195
v 0.001456 0.005638 -0.053812
v 0.001456 0.005638 -0.053812
v 0.001666 0.005142 -0.054345
v 0.001666 0.005142 -0.054345
v 0.001767 0.004646 -0.054895
v 0.001767 0.004646 -0.054895
v -0.007093 0.002931 -0.058080
v -0.007093 0.002931 -0.058080
v -0.007595 0.003440 -0.057571
v -0.007595 0.003440 -0.057571
v -0.005903 0.002142 -0.058824
v -0.005903 0.002142 -0.058824
v -0.006535 0.002500 -0.058498
v -0.006535 0.002500 -0.058498
v -0.007883 0.006473 -0.054146
v -0.007883 0.006473 -0.054146
v -0.005178 0.001851 -0.059057
v -0.005178 0.001851 -0.059057
v 0.001138 0.006117 -0.053308
v 0.001138 0.006117 -0.053308
v 0.001755 0.004164 -0.055447
v 0.001755 0.004164 -0.055447
v 0.000476 0.002326 -0.057711
v 0.000476 0.002326 -0.057711
v -0.002286 0.001464 -0.059092
v -0.002286 0.001464 -0.059092
v -0.005072 0.007913 -0.052111
v -0.003276 0.004786 -0.055401
v -0.003615 0.008033 -0.051778
v -0.002084 0.007838 -0.051789
v -0.007810 0.004013 -0.056950
v -0.008104 0.005026 -0.055828
v -0.007947 0.005987 -0.054710
v -0.007379 0.006796 -0.053706
v -0.006424 0.007459 -0.052818
v -0.000667 0.007335 -0.052169
v 0.000548 0.006516 -0.052933
v -0.003048 0.001564 -0.059086
v -0.004389 0.001750 -0.059060
v -0.000224 0.002110 -0.058059
v -0.001584 0.001688 -0.058734
v 0.001438 0.003722 -0.055993
v 0.000804 0.002794 -0.057128
v 0.001280 0.005606 -0.053871
v 0.001579 0.004651 -0.054914
v -0.006952 0.003000 -0.057980
v -0.005805 0.002240 -0.058697
v 0.007663 0.010988 0.007949
v 0.007616 0.012772 0.006620
v 0.017578 0.009111 0.006392
v 0.017578 0.009111 0.006392
v 0.018213 0.007657 0.007644
v 0.018213 0.007657 0.007644
v 0.017414 0.008891 -0.001986
v 0.018205 0.007674 -0.003379
v 0.017933 0.006981 -0.001015
v 0.016943 0.009476 -0.000145
v 0.017864 0.006730 0.001411
v 0.016930 0.009586 0.001891
v 0.014097 -0.009819 -0.006477
v 0.013599 -0.010061 -0.004109
v 0.015904 -0.006776 -0.002643
v 0.016396 -0.006656 -0.005583
v 0.018317 0.002147 0.000336
v 0.017667 -0.002681 -0.001111
v 0.017533 -0.003090 0.001948
v 0.018402 0.002054 0.003360
v 0.014685 -0.009846 -0.008918
v 0.016433 -0.008022 -0.009023
v 0.013241 -0.010993 -0.008124
v 0.012385 -0.011523 -0.006893
v 0.019182 0.004921 -0.004828
v 0.018607 0.002402 -0.002568
v 0.011738 -0.011965 -0.005108
v 0.019427 0.000836 -0.006203
v 0.018140 0.007977 -0.003923
v 0.019179 0.005172 -0.005383
v 0.018081 0.006659 0.003926
v 0.017309 0.009211 0.003844
v 0.013323 -0.010453 -0.001718
v 0.015605 -0.007286 0.000219
v 0.011633 -0.012131 -0.003185
v 0.012055 -0.011862 -0.007207
v 0.011342 -0.012358 -0.005258
v 0.017132 0.009727 0.004098
v 0.016698 0.010121 0.001937
v 0.018749 0.000295 0.006447
v 0.019047 0.004368 0.007146
v 0.019497 0.001036 -0.006743
v 0.018916 -0.002899 -0.007540
v 0.018108 -0.002588 -0.004224
v 0.019035 -0.002766 -0.008073
v 0.017829 -0.005924 -0.008521
v 0.017935 -0.005878 -0.009060
v 0.016123 -0.007197 0.003753
v 0.017647 -0.003917 0.005045
v 0.016461 -0.008078 -0.009576
v 0.014614 -0.009377 0.002521
v 0.013110 -0.011111 0.000769
v 0.012919 -0.011345 0.001274
v 0.014461 -0.009591 0.003024
v 0.018531 0.007044 0.006694
v 0.018001 0.008244 0.005665
v 0.012154 -0.011881 -0.001061
v 0.011223 -0.012544 -0.003150
v 0.011820 -0.012239 -0.000768
v 0.007942 -0.005966 0.005146
v 0.015746 -0.007542 0.004624
v 0.015746 -0.007542 0.004624
v 0.014144 -0.009789 0.003345
v 0.014144 -0.009789 0.003345
v 0.007959 -0.008497 0.003792
v 0.007607 0.012587 -0.002818
v 0.016859 0.009720 -0.002685
v 0.016859 0.009720 -0.002685
v 0.016319 0.010438 -0.000468
v 0.016319 0.010438 -0.000468
v 0.007581 0.013362 -0.000556
v 0.007969 -0.010614 0.001887
v 0.012549 -0.011579 0.001543
v 0.012549 -0.011579 0.001543
v 0.011394 -0.012546 -0.000632
v 0.011394 -0.012546 -0.000632
v 0.007971 -0.011870 -0.000371
v 0.007655 0.011138 -0.004537
v 0.017830 0.008293 -0.004312
v 0.017830 0.008293 -0.004312
v 0.018810 0.004648 0.008176
v 0.018810 0.004648 0.008176
v 0.007743 0.007432 0.008392
v 0.016316 0.010603 0.001944
v 0.016316 0.010603 0.001944
v 0.007573 0.013773 0.001999
v 0.007969 -0.012377 -0.002942
v 0.010779 -0.012888 -0.003157
v 0.010779 -0.012888 -0.003157
v 0.010919 -0.012680 -0.005392
v 0.010919 -0.012680 -0.005392
v 0.007968 -0.012149 -0.005182
v 0.018492 0.000284 0.007466
v 0.018492 0.000284 0.007466
v 0.007828 0.002715 0.007766
v 0.017352 -0.004126 0.006000
v 0.017352 -0.004126 0.006000
v 0.007900 -0.002162 0.006483
v 0.007966 -0.008544 -0.009657
v 0.014326 -0.010093 -0.009826
v 0.014326 -0.010093 -0.009826
v 0.016250 -0.008088 -0.009980
v 0.016250 -0.008088 -0.009980
v 0.007950 -0.005723 -0.009836
v 0.007583 0.013672 0.004408
v 0.016775 0.010206 0.004261
v 0.016775 0.010206 0.004261
v 0.012647 -0.011479 -0.008863
v 0.012647 -0.011479 -0.008863
v 0.012647 -0.011479 -0.008863
v 0.007970 -0.010486 -0.008665
v 0.007970 -0.010486 -0.008665
v 0.007969 -0.011402 -0.007237
v 0.011678 -0.012125 -0.007455
v 0.011678 -0.012125 -0.007455
v 0.007732 0.008213 -0.005978
v 0.018911 0.005447 -0.005785
v 0.018911 0.005447 -0.005785
v 0.007813 0.004511 -0.007120
v 0.019336 0.001274 -0.007149
v 0.019336 0.001274 -0.007149
v 0.007875 0.000877 -0.008212
v 0.018934 -0.002597 -0.008480
v 0.018934 -0.002597 -0.008480
v 0.007924 -0.002775 -0.009265
v 0.017803 -0.005786 -0.009466
v 0.017803 -0.005786 -0.009466
v 0.017907 0.008685 0.006100
v 0.018512 0.007332 0.007255
v 0.016008 -0.007388 0.004257
v 0.017242 0.009327 -0.002394
v 0.016708 0.009986 -0.000316
v 0.019053 0.004477 0.007738
v 0.018723 0.000258 0.007021
v 0.017585 -0.004046 0.005586
v 0.014616 -0.009988 -0.009452
v 0.012993 -0.011276 -0.008549
v 0.015011 0.009864 -0.038355
v 0.015011 0.009864 -0.038355
v 0.015212 0.008966 -0.039449
v 0.015212 0.008966 -0.039449
v 0.014606 0.006392 -0.037581
v 0.014405 0.007291 -0.036487
v 0.008439 0.012902 -0.036249
v 0.008439 0.012902 -0.036249
v 0.009779 0.012858 -0.035944
v 0.009779 0.012858 -0.035944
v 0.009173 0.010284 -0.034076
v 0.007833 0.010329 -0.034381
v 0.006352 0.007630 -0.043537
v 0.006352 0.007630 -0.043537
v 0.005408 0.008497 -0.042684
v 0.005408 0.008497 -0.042684
v 0.004802 0.005924 -0.040816
v 0.005746 0.005057 -0.041669
v 0.004850 0.009324 -0.041779
v 0.004850 0.009324 -0.041779
v 0.004677 0.010193 -0.040716
v 0.004677 0.010193 -0.040716
v 0.004071 0.007619 -0.038848
v 0.004244 0.006751 -0.039911
v 0.004803 0.011012 -0.039637
v 0.004803 0.011012 -0.039637
v 0.005331 0.011734 -0.038574
v 0.005331 0.011734 -0.038574
v 0.004725 0.009160 -0.036706
v 0.004197 0.008438 -0.037769
v 0.011430 0.006222 -0.043972
v 0.011430 0.006222 -0.043972
v 0.010120 0.006275 -0.044256
v 0.010120 0.006275 -0.044256
v 0.009514 0.003702 -0.042388
v 0.010824 0.003649 -0.042104
v 0.008825 0.006498 -0.044320
v 0.008825 0.006498 -0.044320
v 0.007587 0.006951 -0.044073
v 0.007587 0.006951 -0.044073
v 0.006981 0.004377 -0.042205
v 0.008219 0.003924 -0.042452
v 0.013776 0.006819 -0.042577
v 0.013776 0.006819 -0.042577
v 0.012601 0.006409 -0.043418
v 0.012601 0.006409 -0.043418
v 0.011995 0.003836 -0.041550
v 0.013170 0.004246 -0.040709
v 0.013554 0.011552 -0.036591
v 0.013554 0.011552 -0.036591
v 0.014393 0.010763 -0.037373
v 0.014393 0.010763 -0.037373
v 0.013787 0.008189 -0.035505
v 0.012948 0.008979 -0.034723
v 0.006129 0.012318 -0.037616
v 0.006129 0.012318 -0.037616
v 0.007238 0.012700 -0.036830
v 0.007238 0.012700 -0.036830
v 0.006632 0.010127 -0.034962
v 0.005523 0.009744 -0.035748
v 0.015076 0.008161 -0.040513
v 0.015076 0.008161 -0.040513
v 0.014609 0.007450 -0.041548
v 0.014609 0.007450 -0.041548
v 0.014003 0.004876 -0.039680
v 0.014470 0.005587 -0.038645
v 0.011109 0.012628 -0.035877
v 0.011109 0.012628 -0.035877
v 0.011109 0.012628 -0.035877
v 0.012389 0.012163 -0.036125
v 0.012389 0.012163 -0.036125
v 0.011783 0.009590 -0.034257
v 0.010503 0.010055 -0.034009
v 0.010503 0.010055 -0.034009
v 0.014131 0.010402 -0.039154
v 0.014299 0.009696 -0.040009
v 0.013644 0.011111 -0.038379
v 0.012964 0.011747 -0.037749
v 0.012031 0.012242 -0.037368
v 0.011013 0.012613 -0.037170
v 0.009960 0.012799 -0.037216
v 0.008905 0.012828 -0.037463
v 0.007941 0.012666 -0.037927
v 0.007046 0.012358 -0.038561
v 0.006404 0.011884 -0.039339
v 0.005985 0.011314 -0.040182
v 0.005876 0.010669 -0.041034
v 0.006024 0.009985 -0.041868
v 0.006476 0.009320 -0.042594
v 0.007227 0.008629 -0.043273
v 0.008213 0.008086 -0.043703
v 0.009203 0.007719 -0.043906
v 0.010230 0.007534 -0.043865
v 0.011261 0.007500 -0.043632
v 0.012203 0.007653 -0.043182
v 0.013139 0.007980 -0.042511
v 0.013804 0.008486 -0.041687
v 0.014188 0.009056 -0.040857
v 0.010114 0.010279 -0.040601
v -0.000661 0.014125 -0.035048
v -0.000484 0.013436 -0.036056
v -0.000366 0.013087 -0.035839
v -0.000366 0.013087 -0.035839
v -0.000551 0.013802 -0.034791
v -0.000551 0.013802 -0.034791
v -0.001171 0.014804 -0.034087
v -0.001099 0.014495 -0.033813
v -0.001099 0.014495 -0.033813
v -0.003004 0.015830 -0.032765
v -0.001968 0.015382 -0.033312
v -0.001927 0.015088 -0.033021
v -0.001927 0.015088 -0.033021
v -0.002991 0.015552 -0.032454
v -0.002991 0.015552 -0.032454
v -0.004163 0.015847 -0.032155
v -0.004163 0.015847 -0.032155
v -0.004163 0.015847 -0.032155
v -0.004157 0.016107 -0.032492
v -0.005326 0.016211 -0.032472
v -0.005370 0.015955 -0.032136
v -0.005370 0.015955 -0.032136
v -0.006502 0.016171 -0.032668
v -0.006587 0.015912 -0.032340
v -0.006587 0.015912 -0.032340
v -0.007594 0.015962 -0.033098
v -0.007688 0.015686 -0.032798
v -0.007688 0.015686 -0.032798
v -0.009328 0.015052 -0.034655
v -0.008586 0.015578 -0.033782
v -0.008704 0.015289 -0.033504
v -0.008704 0.015289 -0.033504
v -0.009475 0.014752 -0.034395
v -0.009475 0.014752 -0.034395
v -0.009932 0.014133 -0.035379
v -0.009932 0.014133 -0.035379
v -0.009748 0.014443 -0.035620
v -0.010040 0.013463 -0.036392
v -0.010040 0.013463 -0.036392
v -0.009852 0.013795 -0.036598
v -0.009692 0.013128 -0.037577
v -0.009878 0.012769 -0.037408
v -0.009878 0.012769 -0.037408
v -0.009230 0.012492 -0.038468
v -0.009385 0.012125 -0.038306
v -0.009385 0.012125 -0.038306
v -0.007249 0.011365 -0.039921
v -0.008371 0.011855 -0.039316
v -0.008489 0.011470 -0.039179
v -0.008489 0.011470 -0.039179
v -0.007333 0.010960 -0.039809
v -0.007333 0.010960 -0.039809
v -0.006200 0.010678 -0.040107
v -0.006200 0.010678 -0.040107
v -0.006131 0.011099 -0.040196
v -0.005025 0.010574 -0.040129
v -0.005025 0.010574 -0.040129
v -0.004994 0.010996 -0.040219
v -0.003847 0.011029 -0.040037
v -0.003838 0.010608 -0.039941
v -0.003838 0.010608 -0.039941
v -0.002784 0.011222 -0.039621
v -0.002767 0.010816 -0.039501
v -0.002767 0.010816 -0.039501
v -0.000971 0.012189 -0.037968
v -0.001740 0.011626 -0.038895
v -0.001690 0.011236 -0.038747
v -0.001690 0.011236 -0.038747
v -0.000887 0.011815 -0.037792
v -0.000887 0.011815 -0.037792
v -0.000481 0.012426 -0.036838
v -0.000481 0.012426 -0.036838
v -0.000588 0.012795 -0.037026
v -0.000646 0.010404 -0.034179
v -0.000834 0.011128 -0.033119
v -0.005648 0.013268 -0.030482
v -0.006878 0.013224 -0.030691
v -0.010315 0.010780 -0.034732
v -0.010153 0.010078 -0.035760
v -0.009723 0.012081 -0.032722
v -0.010204 0.011458 -0.033707
v -0.005304 0.007896 -0.038463
v -0.004103 0.007931 -0.038272
v -0.007630 0.008298 -0.038128
v -0.006493 0.008001 -0.038442
v -0.001192 0.009126 -0.036151
v -0.000767 0.009737 -0.035190
v -0.003251 0.012855 -0.030820
v -0.004427 0.013159 -0.030502
v -0.004427 0.013159 -0.030502
v -0.001406 0.011827 -0.032141
v -0.002218 0.012403 -0.031375
v -0.007978 0.012987 -0.031172
v -0.008964 0.012600 -0.031862
v -0.009637 0.009434 -0.036662
v -0.008756 0.008798 -0.037510
v -0.003029 0.008154 -0.037816
v -0.001981 0.008567 -0.037078
v -0.005158 0.013677 -0.036372
v 0.041808 -0.003692 -0.033824
v 0.041808 -0.003692 -0.033824
v 0.041808 -0.003692 -0.033824
v 0.041146 -0.001070 -0.030776
v 0.041146 -0.001070 -0.030776
v 0.041146 -0.001070 -0.030776
v 0.041146 -0.001070 -0.030776
v 0.040482 -0.001374 -0.036651
v 0.040482 -0.001374 -0.036651
v 0.040482 -0.001374 -0.036651
v 0.039977 0.001556 -0.027871
v 0.039977 0.001556 -0.027871
v 0.039977 0.001556 -0.027871
v 0.039977 0.001556 -0.027871
v 0.038059 0.004397 -0.024883
v 0.038059 0.004397 -0.024883
v 0.038059 0.004397 -0.024883
v 0.038059 0.004397 -0.024883
v 0.038059 0.004397 -0.024883
v 0.038846 0.003689 -0.030727
v 0.038846 0.003689 -0.030727
v 0.035901 0.007111 -0.021911
v 0.035901 0.007111 -0.021911
v 0.033191 0.009562 -0.019501
v 0.033191 0.009562 -0.019501
v 0.032954 0.011098 -0.022987
v 0.032954 0.011098 -0.022987
v 0.032954 0.011098 -0.022987
v 0.035344 0.008674 -0.025249
v 0.035344 0.008674 -0.025249
v 0.035344 0.008674 -0.025249
v 0.029940 0.011819 -0.017177
v 0.029940 0.011819 -0.017177
v 0.029940 0.011819 -0.017177
v 0.029940 0.011819 -0.017177
v 0.029940 0.011819 -0.017177
v 0.025073 0.015022 -0.016373
v 0.025073 0.015022 -0.016373
v 0.025073 0.015022 -0.016373
v 0.025073 0.015022 -0.016373
v 0.030193 0.013133 -0.020789
v 0.030193 0.013133 -0.020789
v 0.030193 0.013133 -0.020789
v 0.014588 0.018002 -0.011085
v 0.014588 0.018002 -0.011085
v 0.014588 0.018002 -0.011085
v 0.014588 0.018002 -0.011085
v 0.017357 0.017664 -0.013422
v 0.017357 0.017664 -0.013422
v 0.018590 0.016161 -0.012056
v 0.018590 0.016161 -0.012056
v 0.016491 0.016083 -0.010262
v 0.016491 0.016083 -0.010262
v 0.011747 0.019604 -0.011296
v 0.011747 0.019604 -0.011296
v 0.011747 0.019604 -0.011296
v 0.011747 0.019604 -0.011296
v 0.012911 0.020266 -0.016105
v 0.012911 0.020266 -0.016105
v 0.012911 0.020266 -0.016105
v 0.016172 0.019421 -0.016324
v 0.016172 0.019421 -0.016324
v 0.016172 0.019421 -0.016324
v 0.003785 0.021658 -0.012071
v 0.003785 0.021658 -0.012071
v -0.001690 0.021608 -0.012967
v -0.001690 0.021608 -0.012967
v -0.001268 0.021702 -0.017967
v -0.001268 0.021702 -0.017967
v 0.004514 0.021746 -0.016646
v 0.004514 0.021746 -0.016646
v 0.004514 0.021746 -0.016646
v 0.004514 0.021746 -0.016646
v -0.008050 0.019670 -0.017076
v -0.008050 0.019670 -0.017076
v -0.012121 0.016881 -0.019364
v -0.011415 0.018019 -0.023398
v -0.011415 0.018019 -0.023398
v -0.007440 0.019989 -0.020788
v -0.007440 0.019989 -0.020788
v -0.015808 0.013997 -0.022131
v -0.015808 0.013997 -0.022131
v -0.015808 0.013997 -0.022131
v -0.017629 0.013055 -0.027944
v -0.017629 0.013055 -0.027944
v -0.014483 0.015904 -0.026154
v -0.014483 0.015904 -0.026154
v -0.014483 0.015904 -0.026154
v -0.020911 0.008017 -0.029147
v -0.020911 0.008017 -0.029147
v -0.020911 0.008017 -0.029147
v -0.022232 0.006559 -0.032211
v -0.022232 0.006559 -0.032211
v -0.022232 0.006559 -0.032211
v -0.022232 0.006559 -0.032211
v -0.021583 0.008259 -0.033692
v -0.021583 0.008259 -0.033692
v -0.020291 0.009962 -0.030499
v -0.020291 0.009962 -0.030499
v -0.023118 0.004246 -0.035767
v -0.023118 0.004246 -0.035767
v -0.023118 0.004246 -0.035767
v -0.023496 0.001517 -0.039258
v -0.023496 0.001517 -0.039258
v -0.023496 0.001517 -0.039258
v -0.023496 0.001517 -0.039258
v -0.023496 0.001517 -0.039258
v -0.023496 0.001517 -0.039258
v -0.022654 0.005705 -0.037064
v -0.022654 0.005705 -0.037064
v -0.023463 -0.001370 -0.042618
v -0.023463 -0.001370 -0.042618
v -0.023463 -0.001370 -0.042618
v -0.022840 -0.004189 -0.045851
v -0.022840 -0.004189 -0.045851
v -0.022840 -0.004189 -0.045851
v -0.022186 0.001653 -0.045217
v -0.022186 0.001653 -0.045217
v -0.022186 0.001653 -0.045217
v -0.022186 0.001653 -0.045217
v -0.021686 -0.006961 -0.048974
v -0.021686 -0.006961 -0.048974
v -0.021686 -0.006961 -0.048974
v -0.019979 -0.009721 -0.051992
v -0.019979 -0.009721 -0.051992
v -0.019979 -0.009721 -0.051992
v -0.018796 -0.006268 -0.054242
v -0.018796 -0.006268 -0.054242
v -0.018796 -0.006268 -0.054242
v -0.018796 -0.006268 -0.054242
v -0.020454 -0.003600 -0.051217
v -0.020454 -0.003600 -0.051217
v -0.017640 -0.012342 -0.054741
v -0.017640 -0.012342 -0.054741
v -0.017640 -0.012342 -0.054741
v -0.015036 -0.014699 -0.057123
v -0.015036 -0.014699 -0.057123
v -0.014040 -0.011057 -0.059119
v -0.014040 -0.011057 -0.059119
v -0.016703 -0.008748 -0.056850
v -0.016703 -0.008748 -0.056850
v -0.016703 -0.008748 -0.056850
v -0.016703 -0.008748 -0.056850
v -0.016703 -0.008748 -0.056850
v -0.012081 -0.016941 -0.059279
v -0.012081 -0.016941 -0.059279
v -0.012081 -0.016941 -0.059279
v -0.012081 -0.016941 -0.059279
v -0.008823 -0.018777 -0.060913
v -0.008823 -0.018777 -0.060913
v -0.007724 -0.015095 -0.062889
v -0.007724 -0.015095 -0.062889
v -0.007724 -0.015095 -0.062889
v -0.011122 -0.013226 -0.061290
v -0.011122 -0.013226 -0.061290
v -0.005228 -0.020307 -0.062136
v -0.005228 -0.020307 -0.062136
v -0.005228 -0.020307 -0.062136
v -0.005228 -0.020307 -0.062136
v -0.001219 -0.021702 -0.063121
v -0.001219 -0.021702 -0.063121
v -0.001219 -0.021702 -0.063121
v -0.000228 -0.018070 -0.064772
v -0.000228 -0.018070 -0.064772
v -0.000228 -0.018070 -0.064772
v -0.004151 -0.016762 -0.064194
v -0.004151 -0.016762 -0.064194
v -0.004151 -0.016762 -0.064194
v 0.002998 -0.022779 -0.063693
v 0.002998 -0.022779 -0.063693
v 0.002998 -0.022779 -0.063693
v 0.002998 -0.022779 -0.063693
v 0.007312 -0.023432 -0.063700
v 0.007312 -0.023432 -0.063700
v 0.007947 -0.019549 -0.065124
v 0.007947 -0.019549 -0.065124
v 0.007947 -0.019549 -0.065124
v 0.007947 -0.019549 -0.065124
v 0.003840 -0.019083 -0.065252
v 0.003840 -0.019083 -0.065252
v 0.003840 -0.019083 -0.065252
v 0.003840 -0.019083 -0.065252
v 0.011659 -0.023757 -0.063306
v 0.011659 -0.023757 -0.063306
v 0.015895 -0.023776 -0.062569
v 0.015895 -0.023776 -0.062569
v 0.016093 -0.019843 -0.064113
v 0.016093 -0.019843 -0.064113
v 0.016093 -0.019843 -0.064113
v 0.012041 -0.019917 -0.064705
v 0.012041 -0.019917 -0.064705
v 0.012041 -0.019917 -0.064705
v 0.020016 -0.023349 -0.061335
v 0.020016 -0.023349 -0.061335
v 0.020016 -0.023349 -0.061335
v 0.023960 -0.022577 -0.059725
v 0.023960 -0.022577 -0.059725
v 0.023960 -0.022577 -0.059725
v 0.023960 -0.022577 -0.059725
v 0.023732 -0.018856 -0.061356
v 0.023732 -0.018856 -0.061356
v 0.023732 -0.018856 -0.061356
v 0.020008 -0.019553 -0.062903
v 0.020008 -0.019553 -0.062903
v 0.027665 -0.021434 -0.057732
v 0.027665 -0.021434 -0.057732
v 0.027665 -0.021434 -0.057732
v 0.027665 -0.021434 -0.057732
v 0.031005 -0.020006 -0.055428
v 0.031005 -0.020006 -0.055428
v 0.031005 -0.020006 -0.055428
v 0.030223 -0.016532 -0.056934
v 0.030223 -0.016532 -0.056934
v 0.030223 -0.016532 -0.056934
v 0.030223 -0.016532 -0.056934
v 0.027123 -0.017879 -0.059219
v 0.027123 -0.017879 -0.059219
v 0.027123 -0.017879 -0.059219
v 0.033996 -0.018277 -0.052816
v 0.033996 -0.018277 -0.052816
v 0.033996 -0.018277 -0.052816
v 0.033996 -0.018277 -0.052816
v 0.036540 -0.016351 -0.049989
v 0.036540 -0.016351 -0.049989
v 0.036540 -0.016351 -0.049989
v 0.035424 -0.013092 -0.052022
v 0.035424 -0.013092 -0.052022
v 0.035424 -0.013092 -0.052022
v 0.033045 -0.014963 -0.054526
v 0.033045 -0.014963 -0.054526
v 0.038657 -0.014169 -0.046967
v 0.038657 -0.014169 -0.046967
v 0.040277 -0.011765 -0.043819
v 0.040277 -0.011765 -0.043819
v 0.040277 -0.011765 -0.043819
v 0.040277 -0.011765 -0.043819
v 0.038890 -0.008706 -0.046073
v 0.038890 -0.008706 -0.046073
v 0.038890 -0.008706 -0.046073
v 0.038890 -0.008706 -0.046073
v 0.037535 -0.011017 -0.049110
v 0.037535 -0.011017 -0.049110
v 0.037535 -0.011017 -0.049110
v 0.041368 -0.009175 -0.040562
v 0.041368 -0.009175 -0.040562
v 0.041368 -0.009175 -0.040562
v 0.041896 -0.006479 -0.037194
v 0.041896 -0.006479 -0.037194
v 0.041896 -0.006479 -0.037194
v 0.041896 -0.006479 -0.037194
v 0.041896 -0.006479 -0.037194
v 0.039976 -0.006445 -0.042925
v 0.039976 -0.006445 -0.042925
v 0.037765 0.000698 -0.038536
v 0.037765 0.000698 -0.038536
v 0.037765 0.000698 -0.038536
v 0.036593 0.005097 -0.032939
v 0.033509 0.009555 -0.028342
v 0.033509 0.009555 -0.028342
v 0.033509 0.009555 -0.028342
v 0.028775 0.013721 -0.024513
v 0.028775 0.013721 -0.024513
v 0.028775 0.013721 -0.024513
v 0.024318 0.016532 -0.020077
v 0.024318 0.016532 -0.020077
v 0.024318 0.016532 -0.020077
v 0.023606 0.016872 -0.021921
v 0.023606 0.016872 -0.021921
v 0.023606 0.016872 -0.021921
v 0.023606 0.016872 -0.021921
v 0.020640 0.018012 -0.018480
v 0.020640 0.018012 -0.018480
v 0.019981 0.018333 -0.021093
v 0.009657 0.021091 -0.016036
v 0.009657 0.021091 -0.016036
v 0.009657 0.021091 -0.016036
v 0.010275 0.021040 -0.019748
v 0.010275 0.021040 -0.019748
v 0.013383 0.020318 -0.019978
v 0.013383 0.020318 -0.019978
v 0.005156 0.021563 -0.020188
v 0.005156 0.021563 -0.020188
v 0.005156 0.021563 -0.020188
v -0.000573 0.021364 -0.021560
v -0.000573 0.021364 -0.021560
v -0.000573 0.021364 -0.021560
v -0.006960 0.020005 -0.022783
v -0.006960 0.020005 -0.022783
v -0.006335 0.019777 -0.024587
v -0.010683 0.018339 -0.025198
v -0.010683 0.018339 -0.025198
v -0.009724 0.018301 -0.026926
v -0.012420 0.016999 -0.029166
v -0.012420 0.016999 -0.029166
v -0.012420 0.016999 -0.029166
v -0.013732 0.016534 -0.027577
v -0.016278 0.014564 -0.029985
v -0.014569 0.015299 -0.031904
v -0.014569 0.015299 -0.031904
v -0.016648 0.013341 -0.034595
v -0.016648 0.013341 -0.034595
v -0.016648 0.013341 -0.034595
v -0.016648 0.013341 -0.034595
v -0.018967 0.012004 -0.031956
v -0.018967 0.012004 -0.031956
v -0.020546 0.009739 -0.035171
v -0.020546 0.009739 -0.035171
v -0.020546 0.009739 -0.035171
v -0.017996 0.011323 -0.037678
v -0.017996 0.011323 -0.037678
v -0.019132 0.008956 -0.040592
v -0.019132 0.008956 -0.040592
v -0.021640 0.007146 -0.038333
v -0.021640 0.007146 -0.038333
v -0.021640 0.007146 -0.038333
v -0.022204 0.004620 -0.041589
v -0.022204 0.004620 -0.041589
v -0.019673 0.006589 -0.043724
v -0.019673 0.006589 -0.043724
v -0.019697 0.003863 -0.046886
v -0.019697 0.003863 -0.046886
v -0.018201 -0.001272 -0.052564
v -0.018201 -0.001272 -0.052564
v -0.016450 -0.003652 -0.055240
v -0.016450 -0.003652 -0.055240
v -0.016450 -0.003652 -0.055240
v -0.016450 -0.003652 -0.055240
v -0.014412 -0.005840 -0.057568
v -0.014412 -0.005840 -0.057568
v -0.014412 -0.005840 -0.057568
v -0.012086 -0.007875 -0.059609
v -0.012086 -0.007875 -0.059609
v -0.012086 -0.007875 -0.059609
v -0.006163 -0.011514 -0.062941
v -0.006163 -0.011514 -0.062941
v -0.006163 -0.011514 -0.062941
v -0.009483 -0.009854 -0.061475
v -0.009483 -0.009854 -0.061475
v -0.009483 -0.009854 -0.061475
v -0.002802 -0.012895 -0.063988
v -0.002802 -0.012895 -0.063988
v -0.002802 -0.012895 -0.063988
v 0.000892 -0.014044 -0.064821
v 0.000892 -0.014044 -0.064821
v 0.000892 -0.014044 -0.064821
v 0.004715 -0.014963 -0.064987
v 0.004715 -0.014963 -0.064987
v 0.004715 -0.014963 -0.064987
v 0.004715 -0.014963 -0.064987
v 0.008487 -0.015548 -0.064906
v 0.008487 -0.015548 -0.064906
v 0.012274 -0.015922 -0.064508
v 0.012274 -0.015922 -0.064508
v 0.012274 -0.015922 -0.064508
v 0.015807 -0.016069 -0.063611
v 0.015807 -0.016069 -0.063611
v 0.015807 -0.016069 -0.063611
v 0.019458 -0.015751 -0.062555
v 0.019458 -0.015751 -0.062555
v 0.022710 -0.015127 -0.061138
v 0.022710 -0.015127 -0.061138
v 0.022710 -0.015127 -0.061138
v 0.022710 -0.015127 -0.061138
v 0.025832 -0.014277 -0.059434
v 0.025832 -0.014277 -0.059434
v 0.028641 -0.013135 -0.057218
v 0.028641 -0.013135 -0.057218
v 0.028641 -0.013135 -0.057218
v 0.028641 -0.013135 -0.057218
v 0.031174 -0.011799 -0.054842
v 0.031174 -0.011799 -0.054842
v 0.033205 -0.010279 -0.052539
v 0.033205 -0.010279 -0.052539
v 0.033205 -0.010279 -0.052539
v 0.037695 -0.004181 -0.044092
v 0.036567 -0.006328 -0.047081
v 0.036567 -0.006328 -0.047081
v 0.035172 0.005611 -0.033882
v 0.035172 0.005611 -0.033882
v 0.036052 0.003067 -0.036868
v 0.036052 0.003067 -0.036868
v 0.026841 0.013481 -0.026985
v 0.026841 0.013481 -0.026985
v 0.030528 0.011223 -0.028459
v 0.033437 0.008297 -0.031122
v 0.033437 0.008297 -0.031122
v 0.022778 0.014839 -0.026915
v 0.022778 0.014839 -0.026915
v 0.022910 0.016733 -0.023587
v 0.022910 0.016733 -0.023587
v 0.022910 0.016733 -0.023587
v 0.035910 0.000453 -0.040460
v 0.035910 0.000453 -0.040460
v 0.035910 0.000453 -0.040460
v 0.036993 -0.003555 -0.044333
v 0.036993 -0.003555 -0.044333
v 0.036993 -0.003555 -0.044333
v 0.035098 -0.008510 -0.049926
v 0.035098 -0.008510 -0.049926
v 0.035098 -0.008510 -0.049926
v 0.034313 -0.007729 -0.050027
v 0.034313 -0.007729 -0.050027
v 0.032777 -0.009329 -0.052237
v 0.032777 -0.009329 -0.052237
v 0.000185 0.012587 -0.037202
v 0.000185 0.012587 -0.037202
v 0.004183 0.011137 -0.038454
v 0.004918 0.011817 -0.037371
v 0.000255 0.013455 -0.035969
v 0.000255 0.013455 -0.035969
v 0.000255 0.013455 -0.035969
v -0.000623 0.004697 -0.047478
v -0.000623 0.004697 -0.047478
v -0.000623 0.004697 -0.047478
v 0.001209 0.003593 -0.048499
v 0.001209 0.003593 -0.048499
v 0.001209 0.003593 -0.048499
v 0.006822 0.006264 -0.044264
v 0.006822 0.006264 -0.044264
v 0.006822 0.006264 -0.044264
v 0.005661 0.006914 -0.043690
v 0.016300 0.019615 -0.020239
v 0.016300 0.019615 -0.020239
v 0.015879 0.018696 -0.023016
v 0.015879 0.018696 -0.023016
v 0.015879 0.018696 -0.023016
v 0.015879 0.018696 -0.023016
v 0.010485 0.019949 -0.022926
v 0.010485 0.019949 -0.022926
v 0.005756 0.020479 -0.023422
v 0.005756 0.020479 -0.023422
v 0.005756 0.020479 -0.023422
v 0.005756 0.020479 -0.023422
v 0.000731 0.020074 -0.024917
v 0.000731 0.020074 -0.024917
v -0.004508 0.018620 -0.027719
v -0.011125 0.015349 -0.033859
v -0.011125 0.015349 -0.033859
v -0.011125 0.015349 -0.033859
v -0.011125 0.015349 -0.033859
v -0.009008 0.016817 -0.031419
v -0.009008 0.016817 -0.031419
v -0.013558 0.012967 -0.037417
v -0.013558 0.012967 -0.037417
v -0.015060 0.009803 -0.041728
v -0.015599 0.005251 -0.047982
v -0.015599 0.005251 -0.047982
v -0.014315 0.000684 -0.052748
v -0.014315 0.000684 -0.052748
v -0.011445 -0.003432 -0.056988
v -0.011445 -0.003432 -0.056988
v -0.011445 -0.003432 -0.056988
v -0.007055 -0.006979 -0.060076
v -0.007055 -0.006979 -0.060076
v -0.007055 -0.006979 -0.060076
v -0.001901 -0.009723 -0.062485
v -0.001901 -0.009723 -0.062485
v -0.001901 -0.009723 -0.062485
v -0.001901 -0.009723 -0.062485
v 0.005177 -0.012134 -0.063631
v 0.005177 -0.012134 -0.063631
v 0.005177 -0.012134 -0.063631
v 0.012600 -0.013313 -0.063199
v 0.012600 -0.013313 -0.063199
v 0.018872 -0.013272 -0.061530
v 0.018872 -0.013272 -0.061530
v 0.018872 -0.013272 -0.061530
v 0.024881 -0.012441 -0.058562
v 0.024881 -0.012441 -0.058562
v 0.030393 -0.010866 -0.054773
v 0.030393 -0.010866 -0.054773
v 0.030393 -0.010866 -0.054773
v 0.030393 -0.010866 -0.054773
v -0.000610 0.015070 -0.033759
v -0.000610 0.015070 -0.033759
v -0.000610 0.015070 -0.033759
v 0.001294 0.018863 -0.026822
v 0.001294 0.018863 -0.026822
v 0.001294 0.018863 -0.026822
v -0.001525 0.015760 -0.032862
v -0.010696 0.013006 -0.037789
v -0.010696 0.013006 -0.037789
v -0.010817 0.013773 -0.036608
v -0.010661 0.014503 -0.035447
v -0.010661 0.014503 -0.035447
v -0.010155 0.015166 -0.034378
v -0.010155 0.015166 -0.034378
v -0.010155 0.015166 -0.034378
v -0.009395 0.015790 -0.033346
v -0.009395 0.015790 -0.033346
v -0.008338 0.016266 -0.032558
v -0.008338 0.016266 -0.032558
v -0.007015 0.016611 -0.031983
v -0.007015 0.016611 -0.031983
v -0.005580 0.016717 -0.031778
v -0.010136 0.012257 -0.038890
v -0.010136 0.012257 -0.038890
v -0.010055 -0.000398 -0.054284
v -0.010055 -0.000398 -0.054284
v -0.008378 -0.004148 -0.057742
v -0.008378 -0.004148 -0.057742
v -0.008787 -0.001768 -0.055664
v -0.008787 -0.001768 -0.055664
v -0.003461 -0.003408 -0.056947
v -0.003461 -0.003408 -0.056947
v -0.005181 -0.003241 -0.056946
v -0.005181 -0.003241 -0.056946
v -0.005181 -0.003241 -0.056946
v -0.005910 -0.004842 -0.058412
v -0.005910 -0.004842 -0.058412
v -0.002623 -0.005716 -0.059040
v -0.012292 0.007435 -0.045172
v -0.012292 0.007435 -0.045172
v -0.012292 0.007435 -0.045172
v -0.004784 0.005508 -0.047108
v -0.004784 0.005508 -0.047108
v -0.005541 0.010471 -0.040930
v -0.006810 0.005338 -0.047568
v -0.006810 0.005338 -0.047568
v 0.001836 -0.001652 -0.054361
v 0.001836 -0.001652 -0.054361
v 0.009939 -0.000567 -0.051621
v 0.009939 -0.000567 -0.051621
v 0.002644 -0.000280 -0.052719
v 0.002644 -0.000280 -0.052719
v 0.002253 0.002346 -0.049787
v 0.002253 0.002346 -0.049787
v 0.002779 0.001020 -0.051230
v 0.002779 0.001020 -0.051230
v 0.002779 0.001020 -0.051230
v 0.009638 0.000509 -0.050467
v 0.009687 0.001528 -0.049272
v 0.009687 0.001528 -0.049272
v 0.027276 -0.001117 -0.046642
v 0.027276 -0.001117 -0.046642
v 0.021459 -0.001633 -0.049421
v 0.021459 -0.001633 -0.049421
v 0.028155 -0.005027 -0.050663
v -0.004105 0.016624 -0.031828
v -0.004105 0.016624 -0.031828
v -0.002753 0.016285 -0.032222
v -0.002753 0.016285 -0.032222
v -0.002753 0.016285 -0.032222
v -0.002636 0.005352 -0.046994
v 0.004095 0.008570 -0.041891
v -0.002422 0.010714 -0.040152
v -0.002422 0.010714 -0.040152
v -0.002422 0.010714 -0.040152
v 0.004714 0.007688 -0.042899
v 0.004714 0.007688 -0.042899
v 0.008142 0.005767 -0.044589
v 0.008142 0.005767 -0.044589
v 0.010202 0.002449 -0.048062
v 0.003764 0.009459 -0.040794
v -0.001257 0.011158 -0.039382
v -0.010552 0.000963 -0.052851
v -0.010552 0.000963 -0.052851
v -0.010547 0.002314 -0.051352
v 0.034654 0.005680 -0.034093
v 0.034654 0.005680 -0.034093
v 0.034654 0.005680 -0.034093
v 0.035475 0.003299 -0.036889
v 0.026864 0.013062 -0.027645
v 0.026864 0.013062 -0.027645
v 0.030310 0.010941 -0.029022
v 0.030310 0.010941 -0.029022
v 0.033019 0.008185 -0.031504
v 0.023064 0.014342 -0.027580
v 0.023064 0.014342 -0.027580
v 0.019169 0.014272 -0.029358
v 0.019169 0.014272 -0.029358
v 0.019682 0.013792 -0.029855
v 0.019682 0.013792 -0.029855
v 0.034273 -0.001594 -0.043983
v 0.035340 0.000835 -0.040236
v 0.033808 -0.001091 -0.043525
v 0.033808 -0.001091 -0.043525
v 0.031301 -0.002064 -0.046064
v 0.031021 -0.001548 -0.045457
v 0.027260 -0.000649 -0.046007
v 0.017873 0.009641 -0.036449
v 0.017873 0.009641 -0.036449
v 0.019221 0.006582 -0.040051
v 0.019717 0.006538 -0.039823
v 0.019717 0.006538 -0.039823
v 0.018454 0.009410 -0.036458
v 0.018454 0.009410 -0.036458
v 0.017723 0.012263 -0.032837
v 0.017723 0.012263 -0.032837
v 0.018321 0.011885 -0.033091
v 0.020895 0.003921 -0.042887
v 0.023935 0.000943 -0.045436
v 0.023935 0.000943 -0.045436
v 0.024130 0.001272 -0.044877
v 0.021283 0.004054 -0.042485
v 0.021283 0.004054 -0.042485
v 0.030545 0.006481 -0.034410
v 0.030545 0.006481 -0.034410
v 0.024082 0.010029 -0.032511
v 0.029698 0.002123 -0.040608
v 0.029698 0.002123 -0.040608
v 0.029698 0.002123 -0.040608
v 0.023468 0.005485 -0.038955
v 0.023468 0.005485 -0.038955
v 0.008713 0.020711 -0.011636
v 0.010786 0.018972 -0.007612
v 0.010786 0.018972 -0.007612
v 0.010786 0.018972 -0.007612
v 0.007974 0.020337 -0.007736
v 0.007974 0.020337 -0.007736
v 0.003234 0.021529 -0.008098
v 0.003234 0.021529 -0.008098
v 0.003234 0.021529 -0.008098
v -0.008302 0.019267 -0.014130
v -0.008302 0.019267 -0.014130
v -0.008302 0.019267 -0.014130
v -0.012014 0.015858 -0.015416
v -0.015022 0.012833 -0.017073
v -0.015022 0.012833 -0.017073
v -0.015022 0.012833 -0.017073
v -0.015022 0.012833 -0.017073
v 0.040821 -0.005475 -0.031884
v 0.040821 -0.005475 -0.031884
v 0.040821 -0.005475 -0.031884
v 0.040169 -0.002848 -0.028915
v 0.040169 -0.002848 -0.028915
v 0.040169 -0.002848 -0.028915
v 0.038988 -0.000112 -0.026170
v 0.038988 -0.000112 -0.026170
v 0.036919 0.002645 -0.023226
v 0.036919 0.002645 -0.023226
v 0.034653 0.005420 -0.020425
v 0.034653 0.005420 -0.020425
v 0.032064 0.007934 -0.018112
v 0.032064 0.007934 -0.018112
v 0.029176 0.010396 -0.016143
v 0.029176 0.010396 -0.016143
v 0.029176 0.010396 -0.016143
v 0.024586 0.012166 -0.013417
v 0.024586 0.012166 -0.013417
v 0.024984 0.013837 -0.014479
v 0.024984 0.013837 -0.014479
v 0.024984 0.013837 -0.014479
v -0.022173 0.001437 -0.033124
v -0.022173 0.001437 -0.033124
v -0.022545 -0.003634 -0.039973
v -0.022545 -0.003634 -0.039973
v -0.021116 -0.008757 -0.046033
v -0.021116 -0.008757 -0.046033
v -0.022084 -0.006294 -0.042987
v -0.017252 -0.014101 -0.051700
v -0.011849 -0.018268 -0.056633
v -0.011849 -0.018268 -0.056633
v -0.005044 -0.021968 -0.059515
v -0.005044 -0.021968 -0.059515
v -0.005044 -0.021968 -0.059515
v -0.005044 -0.021968 -0.059515
v 0.002833 -0.024437 -0.060991
v 0.002833 -0.024437 -0.060991
v 0.011336 -0.025479 -0.060783
v 0.011336 -0.025479 -0.060783
v 0.027019 -0.023265 -0.055450
v 0.027019 -0.023265 -0.055450
v 0.019465 -0.025077 -0.058931
v 0.019465 -0.025077 -0.058931
v 0.019465 -0.025077 -0.058931
v 0.019465 -0.025077 -0.058931
v 0.033506 -0.020006 -0.050486
v 0.033506 -0.020006 -0.050486
v 0.038113 -0.015735 -0.044531
v 0.038113 -0.015735 -0.044531
v 0.038113 -0.015735 -0.044531
v 0.040508 -0.010843 -0.038354
v 0.040508 -0.010843 -0.038354
v 0.040935 -0.008255 -0.035060
v 0.040935 -0.008255 -0.035060
v 0.034129 -0.005233 -0.020796
v 0.034129 -0.005233 -0.020796
v 0.035843 -0.007790 -0.023872
v 0.035843 -0.007790 -0.023872
v 0.035843 -0.007790 -0.023872
v 0.032002 -0.010722 -0.021709
v 0.032002 -0.010722 -0.021709
v 0.030306 -0.008284 -0.018883
v 0.029311 -0.000231 -0.015671
v 0.029311 -0.000231 -0.015671
v 0.031820 -0.002727 -0.018189
v 0.027888 -0.005781 -0.016331
v 0.025019 -0.003240 -0.013744
v 0.025019 -0.003240 -0.013744
v 0.020229 -0.006589 -0.011873
v 0.020335 -0.001728 -0.010078
v 0.020335 -0.001728 -0.010078
v -0.018586 -0.003864 -0.026019
v -0.018586 -0.003864 -0.026019
v -0.018590 0.002029 -0.022094
v -0.018590 0.002029 -0.022094
v -0.018590 0.002029 -0.022094
v -0.016946 -0.000505 -0.017136
v -0.016946 -0.000505 -0.017136
v -0.016616 -0.006727 -0.022093
v -0.016616 -0.006727 -0.022093
v -0.016616 -0.006727 -0.022093
v -0.018357 -0.009555 -0.031717
v -0.018357 -0.009555 -0.031717
v -0.018357 -0.009555 -0.031717
v -0.016120 -0.012172 -0.028512
v -0.016120 -0.012172 -0.028512
v -0.013632 -0.014727 -0.025619
v -0.012743 -0.017689 -0.028771
v -0.012743 -0.017689 -0.028771
v -0.015416 -0.015097 -0.031938
v -0.013254 -0.018621 -0.034166
v -0.013254 -0.018621 -0.034166
v -0.011624 -0.020941 -0.041386
v -0.011624 -0.020941 -0.041386
v -0.014271 -0.018679 -0.044525
v -0.014271 -0.018679 -0.044525
v -0.016893 -0.014598 -0.038474
v -0.016893 -0.014598 -0.038474
v -0.010218 -0.021821 -0.049272
v -0.010218 -0.021821 -0.049272
v -0.010218 -0.021821 -0.049272
v -0.005890 -0.024433 -0.045227
v -0.005890 -0.024433 -0.045227
v -0.002444 -0.026023 -0.049609
v -0.003889 -0.025192 -0.052478
v -0.003889 -0.025192 -0.052478
v -0.003889 -0.025192 -0.052478
v -0.003889 -0.025192 -0.052478
v 0.002569 -0.027081 -0.054170
v 0.002569 -0.027081 -0.054170
v 0.002569 -0.027081 -0.054170
v 0.002521 -0.027474 -0.050558
v 0.002521 -0.027474 -0.050558
v 0.006328 -0.028127 -0.051847
v 0.006328 -0.028127 -0.051847
v 0.010630 -0.028125 -0.054206
v 0.010630 -0.028125 -0.054206
v 0.010630 -0.028125 -0.054206
v 0.010340 -0.028493 -0.052006
v 0.010340 -0.028493 -0.052006
v 0.018043 -0.027617 -0.052460
v 0.018043 -0.027617 -0.052460
v 0.014404 -0.028409 -0.050876
v 0.014404 -0.028409 -0.050876
v 0.014404 -0.028409 -0.050876
v 0.024469 -0.025957 -0.049180
v 0.024469 -0.025957 -0.049180
v 0.024469 -0.025957 -0.049180
v 0.024469 -0.025957 -0.049180
v 0.024469 -0.025957 -0.049180
v 0.022966 -0.026522 -0.047297
v 0.022966 -0.026522 -0.047297
v 0.030820 -0.023124 -0.044073
v 0.030820 -0.023124 -0.044073
v 0.030820 -0.023124 -0.044073
v 0.030820 -0.023124 -0.044073
v 0.028059 -0.024404 -0.043240
v 0.028059 -0.024404 -0.043240
v 0.034846 -0.019446 -0.038733
v 0.034846 -0.019446 -0.038733
v 0.030510 -0.021836 -0.035983
v 0.030510 -0.021836 -0.035983
v 0.036775 -0.014839 -0.032652
v 0.036775 -0.014839 -0.032652
v 0.036775 -0.014839 -0.032652
v 0.036775 -0.014839 -0.032652
v 0.033804 -0.017463 -0.030702
v 0.033804 -0.017463 -0.030702
v 0.036785 -0.010422 -0.027160
v 0.036785 -0.010422 -0.027160
v 0.036785 -0.010422 -0.027160
v 0.037066 -0.012645 -0.029899
v 0.037066 -0.012645 -0.029899
v 0.037066 -0.012645 -0.029899
v 0.033651 -0.015401 -0.027584
v 0.033651 -0.015401 -0.027584
v 0.033035 -0.013158 -0.024835
v 0.006449 -0.028201 -0.051402
v 0.006449 -0.028201 -0.051402
v 0.010311 -0.028507 -0.051540
v 0.010311 -0.028507 -0.051540
v 0.002753 -0.027571 -0.050110
v 0.002753 -0.027571 -0.050110
v 0.002753 -0.027571 -0.050110
v 0.002753 -0.027571 -0.050110
v -0.007891 -0.023662 -0.034352
v -0.007891 -0.023662 -0.034352
v -0.007891 -0.023662 -0.034352
v -0.006188 -0.024167 -0.037124
v -0.006188 -0.024167 -0.037124
v -0.007532 -0.023742 -0.040016
v -0.007532 -0.023742 -0.040016
v -0.007532 -0.023742 -0.040016
v 0.014204 -0.028454 -0.050431
v 0.014204 -0.028454 -0.050431
v 0.014204 -0.028454 -0.050431
v 0.017586 -0.027980 -0.048222
v 0.017586 -0.027980 -0.048222
v 0.017586 -0.027980 -0.048222
v 0.018030 -0.027981 -0.048627
v 0.018030 -0.027981 -0.048627
v 0.018030 -0.027981 -0.048627
v 0.018030 -0.027981 -0.048627
v 0.025045 -0.024029 -0.031947
v 0.025045 -0.024029 -0.031947
v 0.023013 -0.024953 -0.035152
v 0.023013 -0.024953 -0.035152
v 0.023013 -0.024953 -0.035152
v 0.022765 -0.025008 -0.032843
v 0.022765 -0.025008 -0.032843
v 0.020729 -0.027052 -0.045516
v 0.020729 -0.027052 -0.045516
v 0.022362 -0.025942 -0.041571
v 0.022362 -0.025942 -0.041571
v 0.025165 -0.025350 -0.042448
v -0.003303 -0.025308 -0.044180
v -0.003303 -0.025308 -0.044180
v -0.003303 -0.025308 -0.044180
v -0.003303 -0.025308 -0.044180
v -0.000818 -0.026506 -0.047578
v -0.000818 -0.026506 -0.047578
v -0.000818 -0.026506 -0.047578
v -0.000818 -0.026506 -0.047578
v -0.001232 -0.026370 -0.048036
v -0.003905 -0.025082 -0.044414
v -0.003905 -0.025082 -0.044414
v 0.022935 -0.025215 -0.037486
v 0.022935 -0.025215 -0.037486
v 0.022935 -0.025215 -0.037486
v 0.025521 -0.024492 -0.037331
v -0.005100 -0.024485 -0.039434
v -0.005100 -0.024485 -0.039434
v -0.005100 -0.024485 -0.039434
v -0.005100 -0.024485 -0.039434
v -0.005700 -0.024239 -0.039558
v -0.004212 -0.024361 -0.030314
v -0.004881 -0.023039 -0.034462
v -0.004881 -0.023039 -0.034462
v -0.004881 -0.023039 -0.034462
v -0.005822 -0.024733 -0.034760
v -0.005822 -0.024733 -0.034760
v -0.005822 -0.024733 -0.034760
v -0.005822 -0.024733 -0.034760
v -0.005191 -0.026010 -0.030719
v -0.005191 -0.026010 -0.030719
v -0.005191 -0.026010 -0.030719
v -0.005191 -0.026010 -0.030719
v -0.006322 -0.024484 -0.034671
v -0.005616 -0.025849 -0.030320
v -0.005616 -0.025849 -0.030320
v 0.021554 -0.025805 -0.028715
v 0.023387 -0.024874 -0.027451
v 0.023387 -0.024874 -0.027451
v -0.003598 -0.027830 -0.027199
v -0.003255 -0.027859 -0.027716
v -0.003255 -0.027859 -0.027716
v -0.003255 -0.027859 -0.027716
v -0.003255 -0.027859 -0.027716
v 0.020179 -0.027207 -0.023915
v 0.020179 -0.027207 -0.023915
v 0.020179 -0.027207 -0.023915
v 0.018985 -0.027566 -0.025593
v 0.018985 -0.027566 -0.025593
v 0.012223 -0.031666 -0.021201
v 0.012223 -0.031666 -0.021201
v 0.016626 -0.029649 -0.022060
v 0.016626 -0.029649 -0.022060
v 0.016626 -0.029649 -0.022060
v 0.015755 -0.029566 -0.023765
v 0.015755 -0.029566 -0.023765
v 0.011689 -0.031232 -0.022775
v 0.011689 -0.031232 -0.022775
v 0.011689 -0.031232 -0.022775
v 0.011689 -0.031232 -0.022775
v 0.002379 -0.031760 -0.021883
v 0.007132 -0.032473 -0.021165
v 0.007132 -0.032473 -0.021165
v 0.007132 -0.032473 -0.021165
v 0.007160 -0.031860 -0.022745
v 0.002999 -0.031280 -0.023497
v 0.002999 -0.031280 -0.023497
v 0.002999 -0.031280 -0.023497
v -0.000545 -0.029859 -0.024905
v -0.000545 -0.029859 -0.024905
v -0.001529 -0.030037 -0.023279
v -0.001529 -0.030037 -0.023279
v -0.000259 -0.029807 -0.025379
v -0.000259 -0.029807 -0.025379
v 0.015788 0.012377 -0.006044
v 0.015788 0.012377 -0.006044
v 0.014973 0.010891 -0.003851
v 0.014973 0.010891 -0.003851
v 0.014973 0.010891 -0.003851
v 0.014973 0.010891 -0.003851
v 0.013449 0.012875 -0.001981
v 0.013449 0.012875 -0.001981
v 0.014084 0.014470 -0.005199
v 0.014084 0.014470 -0.005199
v 0.012220 0.016412 -0.004365
v 0.012220 0.016412 -0.004365
v 0.012220 0.016412 -0.004365
v 0.011352 0.016072 -0.000543
v 0.009224 0.018297 -0.000377
v 0.009224 0.018297 -0.000377
v 0.009224 0.018297 -0.000377
v 0.009878 0.018469 -0.004049
v 0.009878 0.018469 -0.004049
v 0.009878 0.018469 -0.004049
v 0.002832 0.021382 -0.004303
v 0.002832 0.021382 -0.004303
v 0.002832 0.021382 -0.004303
v 0.002832 0.021382 -0.004303
v 0.007306 0.019937 -0.004014
v 0.007306 0.019937 -0.004014
v 0.007306 0.019937 -0.004014
v 0.007306 0.019937 -0.004014
v 0.006853 0.019901 -0.000349
v 0.006853 0.019901 -0.000349
v 0.002601 0.021317 -0.000681
v 0.002601 0.021317 -0.000681
v -0.001962 0.021538 -0.004917
v -0.001962 0.021538 -0.004917
v -0.001962 0.021538 -0.004917
v -0.002015 0.021497 -0.001241
v -0.002015 0.021497 -0.001241
v -0.008574 0.018638 -0.002431
v -0.008574 0.018638 -0.002431
v -0.008574 0.018638 -0.002431
v -0.008515 0.018786 -0.006146
v -0.008515 0.018786 -0.006146
v -0.011847 0.014664 -0.006987
v -0.011847 0.014664 -0.006987
v -0.011926 0.015151 -0.011349
v -0.011926 0.015151 -0.011349
v -0.011926 0.015151 -0.011349
v -0.008504 0.019023 -0.010132
v -0.008504 0.019023 -0.010132
v -0.008504 0.019023 -0.010132
v -0.014517 0.011846 -0.012386
v -0.014517 0.011846 -0.012386
v -0.014300 0.010997 -0.007688
v -0.014300 0.010997 -0.007688
v -0.015663 0.007571 -0.008513
v -0.015663 0.007571 -0.008513
v -0.015663 0.007571 -0.008513
v -0.016056 0.008704 -0.013294
v -0.016056 0.008704 -0.013294
v -0.016056 0.008704 -0.013294
v -0.016056 0.008704 -0.013294
v 0.010938 0.015841 0.004798
v 0.010938 0.015841 0.004798
v 0.010938 0.015841 0.004798
v 0.008887 0.018267 0.004728
v -0.014196 0.010822 -0.003743
v -0.014196 0.010822 -0.003743
v -0.015482 0.007197 -0.004183
v -0.015482 0.007197 -0.004183
v -0.015482 0.007197 -0.004183
v -0.016860 0.005380 -0.014427
v -0.016860 0.005380 -0.014427
v -0.016860 0.005380 -0.014427
v -0.017947 0.007189 -0.019698
v -0.017947 0.007189 -0.019698
v -0.017947 0.007189 -0.019698
v -0.009383 -0.022214 -0.027582
v -0.009383 -0.022214 -0.027582
v -0.006903 -0.025398 -0.028941
v -0.006903 -0.025398 -0.028941
v 0.012342 -0.021970 -0.016920
v 0.012342 -0.021970 -0.016920
v 0.011861 -0.029927 -0.020179
v 0.011861 -0.029927 -0.020179
v 0.011861 -0.029927 -0.020179
v 0.011861 -0.029927 -0.020179
v 0.005561 -0.023299 -0.017664
v 0.005561 -0.023299 -0.017664
v -0.001531 -0.028611 -0.022219
v -0.001531 -0.028611 -0.022219
v -0.005261 -0.025623 -0.023670
v -0.005261 -0.025623 -0.023670
v -0.001196 -0.022847 -0.018675
v -0.001196 -0.022847 -0.018675
v -0.001196 -0.022847 -0.018675
v -0.001196 -0.022847 -0.018675
v 0.018219 -0.019150 -0.016712
v 0.022359 -0.015345 -0.017015
v 0.022359 -0.015345 -0.017015
v 0.024034 -0.017731 -0.019204
v 0.019596 -0.021521 -0.019039
v 0.019596 -0.021521 -0.019039
v 0.019596 -0.021521 -0.019039
v -0.014300 -0.009315 -0.018952
v -0.014300 -0.009315 -0.018952
v -0.014300 -0.009315 -0.018952
v -0.011648 -0.016520 -0.023300
v 0.016397 -0.015841 -0.014988
v 0.016397 -0.015841 -0.014988
v 0.011077 -0.018902 -0.015632
v 0.011077 -0.018902 -0.015632
v 0.009731 -0.016027 -0.013537
v 0.009731 -0.016027 -0.013537
v 0.009731 -0.016027 -0.013537
v 0.014869 -0.013194 -0.012804
v 0.014869 -0.013194 -0.012804
v 0.014869 -0.013194 -0.012804
v 0.003876 -0.017375 -0.013938
v 0.003876 -0.017375 -0.013938
v 0.003876 -0.017375 -0.013938
v 0.004871 -0.020049 -0.016254
v 0.004871 -0.020049 -0.016254
v -0.001634 -0.019803 -0.017169
v -0.002717 -0.017104 -0.015027
v -0.002717 -0.017104 -0.015027
v -0.002717 -0.017104 -0.015027
v -0.002717 -0.017104 -0.015027
v 0.023727 -0.009182 -0.014725
v 0.020071 -0.012473 -0.014802
v 0.017836 -0.010201 -0.012400
v 0.017836 -0.010201 -0.012400
v 0.017836 -0.010201 -0.012400
v -0.010870 -0.010999 -0.011818
v -0.010870 -0.010999 -0.011818
v -0.010870 -0.010999 -0.011818
v -0.010870 -0.010999 -0.011818
v -0.011516 -0.012488 -0.017235
v 0.003344 -0.015824 -0.010905
v 0.003344 -0.015824 -0.010905
v 0.003344 -0.015824 -0.010905
v 0.008959 -0.014388 -0.010372
v 0.008959 -0.014388 -0.010372
v 0.008959 -0.014388 -0.010372
v 0.008959 -0.014388 -0.010372
v 0.008959 -0.014388 -0.010372
v -0.008929 -0.014492 -0.016597
v -0.008929 -0.014492 -0.016597
v -0.008929 -0.014492 -0.016597
v -0.004260 -0.015080 -0.011359
v -0.004260 -0.015080 -0.011359
v 0.016138 -0.009263 -0.010465
v 0.013874 -0.011347 -0.010323
v 0.013874 -0.011347 -0.010323
v 0.002929 -0.015775 -0.004721
v 0.002929 -0.015775 -0.004721
v 0.008005 -0.014077 -0.004584
v 0.008005 -0.014077 -0.004584
v 0.007877 -0.014224 0.001338
v 0.007877 -0.014224 0.001338
v 0.007877 -0.014224 0.001338
v 0.002562 -0.016833 0.000845
v 0.002562 -0.016833 0.000845
v 0.002562 -0.016833 0.000845
v 0.009592 -0.012712 0.000624
v 0.011035 -0.011049 0.003160
v 0.011035 -0.011049 0.003160
v 0.015686 0.001879 0.008469
v 0.015686 0.001879 0.008469
v 0.015686 0.001879 0.008469
v 0.015753 0.001884 0.010312
v 0.015753 0.001884 0.010312
v 0.015753 0.001884 0.010312
v 0.015047 0.006630 0.010641
v 0.015025 0.006498 0.009142
v 0.016764 0.010980 -0.006517
v 0.016764 0.010980 -0.006517
v 0.016303 0.008460 -0.005009
v 0.017699 -0.006468 -0.009942
v 0.017699 -0.006468 -0.009942
v 0.017699 -0.006468 -0.009942
v 0.018538 -0.002695 -0.008914
v 0.018538 -0.002695 -0.008914
v 0.018538 -0.002695 -0.008914
v -0.016124 0.003784 -0.009592
v -0.016124 0.003784 -0.009592
v -0.016124 0.003784 -0.009592
v -0.016124 0.003784 -0.009592
v -0.015756 0.003150 -0.004623
v -0.015756 0.003150 -0.004623
v -0.015756 0.003150 -0.004623
v -0.015756 0.003150 -0.004623
v -0.014690 -0.003676 -0.005358
v -0.014690 -0.003676 -0.005358
v -0.014690 -0.003676 -0.005358
v -0.015331 -0.003153 -0.012090
v -0.015331 -0.003153 -0.012090
v -0.015331 -0.003153 -0.012090
v -0.010567 -0.011254 -0.005341
v -0.010567 -0.011254 -0.005341
v -0.004369 -0.015115 -0.005239
v -0.004369 -0.015115 -0.005239
v -0.010562 -0.011935 0.008863
v -0.010562 -0.011935 0.008863
v -0.009354 -0.011983 0.039204
v -0.009354 -0.011983 0.039204
v -0.003900 -0.016918 0.039222
v -0.003900 -0.016918 0.039222
v -0.004510 -0.016924 0.008613
v -0.004510 -0.016924 0.008613
v -0.014021 -0.004185 0.009248
v -0.014021 -0.004185 0.009248
v -0.014021 -0.004185 0.009248
v -0.012764 -0.004770 0.039229
v -0.012764 -0.004770 0.039229
v 0.002521 -0.017685 0.008666
v 0.002521 -0.017685 0.008666
v 0.002521 -0.017685 0.008666
v 0.002521 -0.017685 0.008666
v 0.002775 -0.018069 0.039369
v 0.002775 -0.018069 0.039369
v 0.002775 -0.018069 0.039369
v 0.008085 -0.014547 0.009044
v 0.008085 -0.014547 0.009044
v 0.008810 -0.015247 0.039431
v 0.008810 -0.015247 0.039431
v 0.008810 -0.015247 0.039431
v 0.012998 -0.010157 0.039413
v 0.012998 -0.010157 0.039413
v 0.012998 -0.010157 0.039413
v 0.012998 -0.010157 0.039413
v 0.012495 -0.008991 0.009408
v 0.012495 -0.008991 0.009408
v 0.015433 -0.004364 0.039372
v 0.015433 -0.004364 0.039372
v 0.014573 -0.003834 0.009853
v 0.014573 -0.003834 0.009853
v 0.015700 0.007641 0.039291
v 0.015700 0.007641 0.039291
v 0.016613 0.001726 0.039332
v 0.016613 0.001726 0.039332
v 0.013202 0.012234 0.011066
v 0.013202 0.012234 0.011066
v 0.013202 0.012234 0.011066
v 0.013766 0.012921 0.039294
v 0.013766 0.012921 0.039294
v 0.013766 0.012921 0.039294
v 0.013766 0.012921 0.039294
v 0.006432 0.019948 0.004621
v 0.006432 0.019948 0.004621
v 0.006044 0.019861 0.011034
v 0.006044 0.019861 0.011034
v 0.006044 0.019861 0.011034
v -0.012712 0.009583 0.039191
v -0.012712 0.009583 0.039191
v -0.012712 0.009583 0.039191
v -0.013740 0.010520 0.009573
v -0.013740 0.010520 0.009573
v -0.008692 0.018143 0.010109
v -0.008692 0.018143 0.010109
v -0.008448 0.017097 0.039172
v -0.008448 0.017097 0.039172
v -0.014116 0.002155 0.039206
v -0.014116 0.002155 0.039206
v -0.014116 0.002155 0.039206
v -0.015291 0.002633 0.009371
v -0.015291 0.002633 0.009371
v -0.015011 0.006669 0.009443
v -0.015011 0.006669 0.009443
v -0.013916 0.005857 0.039227
v 0.010493 0.017213 0.039271
v 0.010493 0.017213 0.039271
v 0.013658 0.012860 0.043431
v 0.013658 0.012860 0.043431
v 0.010019 0.017172 0.045212
v 0.010019 0.017172 0.045212
v 0.010019 0.017172 0.045212
v 0.010019 0.017172 0.045212
v 0.006390 0.020126 0.039278
v 0.006390 0.020126 0.039278
v 0.006390 0.020126 0.039278
v 0.006113 0.019770 0.045125
v 0.006113 0.019770 0.045125
v 0.006113 0.019770 0.045125
v -0.002455 0.020815 0.039167
v -0.002455 0.020815 0.039167
v -0.002455 0.020815 0.039167
v -0.002400 0.020491 0.045053
v -0.002400 0.020491 0.045053
v -0.002400 0.020491 0.045053
v -0.008064 0.016630 0.044950
v -0.008064 0.016630 0.044950
v -0.008064 0.016630 0.044950
v -0.008064 0.016630 0.044950
v -0.008064 0.016630 0.044950
v -0.012356 0.009320 0.043027
v -0.012356 0.009320 0.043027
v -0.012356 0.009320 0.043027
v -0.013818 0.002007 0.042926
v -0.013818 0.002007 0.042926
v -0.013818 0.002007 0.042926
v -0.012532 -0.004717 0.042864
v -0.012532 -0.004717 0.042864
v -0.009042 -0.012061 0.042733
v -0.009042 -0.012061 0.042733
v -0.003653 -0.016354 0.044774
v -0.003653 -0.016354 0.044774
v -0.003653 -0.016354 0.044774
v -0.003653 -0.016354 0.044774
v 0.002613 -0.017613 0.044809
v 0.002613 -0.017613 0.044809
v 0.002613 -0.017613 0.044809
v 0.008398 -0.015051 0.044906
v 0.008398 -0.015051 0.044906
v 0.008398 -0.015051 0.044906
v 0.012824 -0.010138 0.043277
v 0.012824 -0.010138 0.043277
v 0.015305 -0.004473 0.043323
v 0.015305 -0.004473 0.043323
v 0.015305 -0.004473 0.043323
v 0.015305 -0.004473 0.043323
v 0.016535 0.001584 0.043240
v 0.016535 0.001584 0.043240
v 0.016535 0.001584 0.043240
v 0.015679 0.007418 0.043435
v 0.015679 0.007418 0.043435
v 0.013260 0.012606 0.046903
v 0.013260 0.012606 0.046903
v 0.013260 0.012606 0.046903
v 0.009363 0.016595 0.050026
v 0.009363 0.016595 0.050026
v 0.009363 0.016595 0.050026
v 0.009363 0.016595 0.050026
v 0.005767 0.018859 0.050071
v 0.005767 0.018859 0.050071
v 0.001221 0.020998 0.045083
v 0.001221 0.020998 0.045083
v 0.001054 0.019892 0.050050
v 0.001054 0.019892 0.050050
v -0.002325 0.019475 0.050066
v -0.002325 0.019475 0.050066
v -0.002325 0.019475 0.050066
v -0.002325 0.019475 0.050066
v -0.007456 0.015778 0.049767
v -0.007456 0.015778 0.049767
v -0.011763 0.008941 0.046627
v -0.011763 0.008941 0.046627
v -0.011763 0.008941 0.046627
v -0.011280 0.008574 0.049607
v -0.011280 0.008574 0.049607
v -0.013198 0.001855 0.046399
v -0.013198 0.001855 0.046399
v -0.013198 0.001855 0.046399
v -0.012399 0.001700 0.049532
v -0.012399 0.001700 0.049532
v -0.012399 0.001700 0.049532
v -0.012399 0.001700 0.049532
v -0.012013 -0.004619 0.046382
v -0.012013 -0.004619 0.046382
v -0.012013 -0.004619 0.046382
v -0.012013 -0.004619 0.046382
v -0.011355 -0.004539 0.049460
v -0.011355 -0.004539 0.049460
v -0.011355 -0.004539 0.049460
v -0.008477 -0.011914 0.046304
v -0.008477 -0.011914 0.046304
v -0.007851 -0.011548 0.049354
v -0.003222 -0.015452 0.049460
v -0.003222 -0.015452 0.049460
v -0.003222 -0.015452 0.049460
v 0.002559 -0.016728 0.049393
v 0.002559 -0.016728 0.049393
v 0.002559 -0.016728 0.049393
v 0.002559 -0.016728 0.049393
v 0.007735 -0.014070 0.049424
v 0.007735 -0.014070 0.049424
v 0.012363 -0.009919 0.046800
v 0.012363 -0.009919 0.046800
v 0.012363 -0.009919 0.046800
v 0.012363 -0.009919 0.046800
v 0.011898 -0.009728 0.049521
v 0.011898 -0.009728 0.049521
v 0.011898 -0.009728 0.049521
v 0.014486 -0.004249 0.049598
v 0.014486 -0.004249 0.049598
v 0.014486 -0.004249 0.049598
v 0.014887 -0.004422 0.046862
v 0.014887 -0.004422 0.046862
v 0.014887 -0.004422 0.046862
v 0.016102 0.001433 0.046881
v 0.016102 0.001433 0.046881
v 0.015560 0.001384 0.049701
v 0.015560 0.001384 0.049701
v 0.015560 0.001384 0.049701
v 0.014930 0.006911 0.049837
v 0.014930 0.006911 0.049837
v 0.014930 0.006911 0.049837
v 0.015339 0.007138 0.046980
v 0.015339 0.007138 0.046980
v 0.012789 0.012316 0.049903
v 0.012789 0.012316 0.049903
v 0.012789 0.012316 0.049903
v 0.012029 0.011740 0.052762
v 0.012029 0.011740 0.052762
v 0.012029 0.011740 0.052762
v 0.011116 0.010909 0.055358
v 0.011116 0.010909 0.055358
v 0.008389 0.015175 0.054215
v 0.008389 0.015175 0.054215
v 0.008389 0.015175 0.054215
v 0.008389 0.015175 0.054215
v -0.001489 0.015008 0.057472
v -0.001489 0.015008 0.057472
v -0.001489 0.015008 0.057472
v -0.005597 0.011923 0.057263
v -0.005597 0.011923 0.057263
v -0.005597 0.011923 0.057263
v -0.005597 0.011923 0.057263
v -0.006684 0.014149 0.053812
v -0.006684 0.014149 0.053812
v -0.006684 0.014149 0.053812
v -0.002019 0.017495 0.054187
v -0.002019 0.017495 0.054187
v -0.002019 0.017495 0.054187
v -0.009591 0.007603 0.054892
v -0.009591 0.007603 0.054892
v -0.008235 0.006952 0.057198
v -0.008235 0.006952 0.057198
v -0.008235 0.006952 0.057198
v -0.008898 0.001442 0.057251
v -0.008898 0.001442 0.057251
v -0.010284 0.001501 0.054942
v -0.010284 0.001501 0.054942
v -0.010284 0.001501 0.054942
v -0.007877 -0.003984 0.057248
v -0.007877 -0.003984 0.057248
v -0.009326 -0.004251 0.054883
v -0.009326 -0.004251 0.054883
v -0.005099 -0.008869 0.057087
v -0.005099 -0.008869 0.057087
v -0.005099 -0.008869 0.057087
v -0.001483 -0.011753 0.056992
v -0.001483 -0.011753 0.056992
v -0.002504 -0.013938 0.053456
v -0.002504 -0.013938 0.053456
v -0.002504 -0.013938 0.053456
v -0.006211 -0.010014 0.054737
v -0.006211 -0.010014 0.054737
v -0.006211 -0.010014 0.054737
v 0.002271 -0.012500 0.056920
v 0.002271 -0.012500 0.056920
v 0.002271 -0.012500 0.056920
v 0.002271 -0.012500 0.056920
v 0.006331 -0.010803 0.056908
v 0.006331 -0.010803 0.056908
v 0.006331 -0.010803 0.056908
v 0.007061 -0.012556 0.053307
v 0.007061 -0.012556 0.053307
v 0.007061 -0.012556 0.053307
v 0.007061 -0.012556 0.053307
v 0.002492 -0.015056 0.053350
v 0.002492 -0.015056 0.053350
v 0.002492 -0.015056 0.053350
v 0.009479 -0.007283 0.057126
v 0.009479 -0.007283 0.057126
v 0.009479 -0.007283 0.057126
v 0.010545 -0.008479 0.054717
v 0.010545 -0.008479 0.054717
v 0.011255 -0.009260 0.052140
v 0.011255 -0.009260 0.052140
v 0.011255 -0.009260 0.052140
v 0.012864 -0.003642 0.054885
v 0.012864 -0.003642 0.054885
v 0.012864 -0.003642 0.054885
v 0.013793 -0.003957 0.052241
v 0.013793 -0.003957 0.052241
v 0.014690 0.001356 0.052423
v 0.014690 0.001356 0.052423
v 0.014690 0.001356 0.052423
v 0.014690 0.001356 0.052423
v 0.013610 0.001305 0.055158
v 0.013610 0.001305 0.055158
v 0.013610 0.001305 0.055158
v 0.013610 0.001305 0.055158
v 0.013207 0.006068 0.055266
v 0.013207 0.006068 0.055266
v 0.013207 0.006068 0.055266
v 0.013207 0.006068 0.055266
v 0.014187 0.006565 0.052583
v 0.014187 0.006565 0.052583
v 0.007074 0.013089 0.057707
v 0.007074 0.013089 0.057707
v 0.007074 0.013089 0.057707
v 0.007074 0.013089 0.057707
v 0.009774 0.009735 0.057772
v 0.009774 0.009735 0.057772
v 0.009774 0.009735 0.057772
v 0.007518 0.007350 0.060635
v 0.007518 0.007350 0.060635
v 0.007518 0.007350 0.060635
v 0.005508 0.010093 0.060467
v 0.005508 0.010093 0.060467
v 0.002502 0.011855 0.060333
v 0.002502 0.011855 0.060333
v 0.004118 0.014889 0.057564
v 0.004118 0.014889 0.057564
v 0.004118 0.014889 0.057564
v 0.004118 0.014889 0.057564
v 0.000771 0.015641 0.057540
v 0.000771 0.015641 0.057540
v 0.000771 0.015641 0.057540
v 0.000771 0.015641 0.057540
v -0.000834 0.011346 0.060342
v -0.000834 0.011346 0.060342
v -0.000834 0.011346 0.060342
v -0.000834 0.011346 0.060342
v -0.003913 0.009298 0.060047
v -0.003913 0.009298 0.060047
v -0.003913 0.009298 0.060047
v -0.003913 0.009298 0.060047
v -0.005755 0.006106 0.060078
v -0.005755 0.006106 0.060078
v -0.005755 0.006106 0.060078
v -0.005755 0.006106 0.060078
v -0.006454 0.001394 0.060014
v -0.006454 0.001394 0.060014
v -0.006454 0.001394 0.060014
v -0.006454 0.001394 0.060014
v -0.005457 -0.003210 0.059999
v -0.005457 -0.003210 0.059999
v -0.005457 -0.003210 0.059999
v -0.003350 -0.006296 0.060062
v -0.003350 -0.006296 0.060062
v -0.003350 -0.006296 0.060062
v -0.003350 -0.006296 0.060062
v -0.000601 -0.008061 0.060155
v -0.000601 -0.008061 0.060155
v 0.002081 -0.008333 0.060259
v 0.002081 -0.008333 0.060259
v 0.002081 -0.008333 0.060259
v 0.004953 -0.007034 0.060335
v 0.004953 -0.007034 0.060335
v 0.004953 -0.007034 0.060335
v 0.004953 -0.007034 0.060335
v 0.007377 -0.003672 0.060724
v 0.007377 -0.003672 0.060724
v 0.007377 -0.003672 0.060724
v 0.011399 -0.003169 0.057361
v 0.011399 -0.003169 0.057361
v 0.011399 -0.003169 0.057361
v 0.011676 0.005401 0.057767
v 0.011676 0.005401 0.057767
v 0.011676 0.005401 0.057767
v 0.011676 0.005401 0.057767
v 0.012099 0.001246 0.057621
v 0.012099 0.001246 0.057621
v 0.012099 0.001246 0.057621
v 0.012099 0.001246 0.057621
v 0.008566 0.001170 0.060930
v 0.008566 0.001170 0.060930
v 0.008566 0.001170 0.060930
v 0.008566 0.001170 0.060930
v 0.008566 0.001170 0.060930
v 0.008566 0.001170 0.060930
v 0.008659 0.004408 0.060745
v 0.008659 0.004408 0.060745
v 0.008659 0.004408 0.060745
v 0.004102 0.007280 0.062014
v 0.004102 0.007280 0.062014
v 0.004102 0.007280 0.062014
v 0.001998 0.008459 0.061910
v 0.001998 0.008459 0.061910
v 0.001998 0.008459 0.061910
v -0.000223 0.007912 0.061953
v -0.000223 0.007912 0.061953
v -0.002080 0.005532 0.062141
v -0.002080 0.005532 0.062141
v -0.002080 0.005532 0.062141
v -0.002080 0.005532 0.062141
v -0.002715 0.001381 0.062245
v -0.002715 0.001381 0.062245
v -0.002715 0.001381 0.062245
v -0.002715 0.001381 0.062245
v -0.001945 -0.002679 0.062013
v -0.001945 -0.002679 0.062013
v -0.001945 -0.002679 0.062013
v 0.000245 -0.004740 0.061862
v 0.000245 -0.004740 0.061862
v 0.001927 -0.005042 0.061862
v 0.001927 -0.005042 0.061862
v 0.001927 -0.005042 0.061862
v 0.003961 -0.004484 0.061814
v 0.003961 -0.004484 0.061814
v 0.003961 -0.004484 0.061814
v 0.005045 -0.002168 0.062204
v 0.005045 -0.002168 0.062204
v 0.005045 -0.002168 0.062204
v 0.005704 0.001262 0.062353
v 0.005704 0.001262 0.062353
v 0.005704 0.001262 0.062353
v 0.005345 0.004671 0.062317
v 0.005345 0.004671 0.062317
v 0.005345 0.004671 0.062317
v 0.001598 0.001279 0.062913
v 0.001598 0.001279 0.062913
v 0.001598 0.001279 0.062913
v 0.001598 0.001279 0.062913
v 0.001652 0.006139 0.062652
v 0.001652 0.006139 0.062652
v 0.001739 -0.002435 0.062687
v 0.001739 -0.002435 0.062687
v 0.001739 -0.002435 0.062687
v 0.001739 -0.002435 0.062687
v -0.010552 -0.011734 0.001284
v -0.010552 -0.011734 0.001284
v -0.004515 -0.016254 0.001031
v -0.004515 -0.016254 0.001031
v -0.004515 -0.016254 0.001031
v -0.004515 -0.016254 0.001031
v -0.014365 -0.003903 0.001896
v -0.014365 -0.003903 0.001896
v -0.015553 0.002826 0.002088
v -0.015553 0.002826 0.002088
v 0.012587 0.013073 0.004928
v 0.012587 0.013073 0.004928
v 0.013431 0.011455 0.007174
v 0.013431 0.011455 0.007174
v 0.014465 -0.003845 0.006735
v 0.014465 -0.003845 0.006735
v 0.014465 -0.003845 0.006735
v 0.012451 -0.008817 0.004580
v 0.012451 -0.008817 0.004580
v 0.014283 0.009257 0.008551
v 0.014283 0.009257 0.008551
v 0.014283 0.009257 0.008551
v 0.012573 0.013621 0.000562
v 0.012573 0.013621 0.000562
v 0.012309 0.013724 0.002760
v 0.012309 0.013724 0.002760
v -0.009891 -0.020268 -0.025008
v -0.009891 -0.020268 -0.025008
v -0.004706 -0.027730 -0.025515
v -0.004706 -0.027730 -0.025515
v -0.004706 -0.027730 -0.025515
v -0.009097 -0.018325 -0.021477
v -0.009097 -0.018325 -0.021477
v 0.002228 -0.030232 -0.021135
v 0.002228 -0.030232 -0.021135
v 0.002228 -0.030232 -0.021135
v 0.016090 -0.028144 -0.020475
v 0.016090 -0.028144 -0.020475
v 0.020981 -0.024073 -0.020931
v 0.020981 -0.024073 -0.020931
v 0.020981 -0.024073 -0.020931
v 0.006960 -0.030644 -0.020365
v 0.006960 -0.030644 -0.020365
v 0.006960 -0.030644 -0.020365
v 0.006960 -0.030644 -0.020365
v 0.026489 -0.021802 -0.024651
v 0.026489 -0.021802 -0.024651
v 0.026489 -0.021802 -0.024651
v 0.027496 -0.022574 -0.030750
v 0.027496 -0.022574 -0.030750
v 0.028122 -0.023355 -0.036623
v 0.028122 -0.023355 -0.036623
v 0.030560 -0.019837 -0.028870
v 0.030560 -0.019837 -0.028870
v 0.030208 -0.018357 -0.025589
v 0.030208 -0.018357 -0.025589
v 0.030208 -0.018357 -0.025589
v 0.039203 -0.007780 -0.029481
v 0.039203 -0.007780 -0.029481
v 0.038340 -0.005056 -0.026360
v 0.038340 -0.005056 -0.026360
v 0.036732 -0.002406 -0.023418
v 0.034639 0.000151 -0.020603
v 0.024723 0.004893 -0.012022
v 0.024723 0.004893 -0.012022
v 0.024723 0.004893 -0.012022
v 0.026986 0.007313 -0.013963
v 0.026986 0.007313 -0.013963
v 0.029589 0.005021 -0.015983
v 0.029589 0.005021 -0.015983
v 0.026953 0.002275 -0.013709
v 0.026953 0.002275 -0.013709
v -0.020522 -0.001336 -0.029497
v -0.020601 -0.006644 -0.035598
v -0.020234 -0.009242 -0.038881
v -0.020234 -0.009242 -0.038881
v -0.020234 -0.009242 -0.038881
v -0.019226 -0.011807 -0.042234
v -0.019226 -0.011807 -0.042234
v -0.019226 -0.011807 -0.042234
v -0.019226 -0.011807 -0.042234
v -0.019226 -0.011807 -0.042234
v -0.015913 -0.016531 -0.048123
v -0.015913 -0.016531 -0.048123
v -0.011207 -0.020275 -0.052999
v -0.011207 -0.020275 -0.052999
v -0.004585 -0.023808 -0.056059
v 0.002641 -0.025993 -0.057665
v 0.002641 -0.025993 -0.057665
v 0.002641 -0.025993 -0.057665
v 0.002641 -0.025993 -0.057665
v 0.010985 -0.027024 -0.057578
v 0.010985 -0.027024 -0.057578
v 0.018852 -0.026499 -0.056040
v 0.018852 -0.026499 -0.056040
v 0.018852 -0.026499 -0.056040
v 0.018852 -0.026499 -0.056040
v 0.025981 -0.024782 -0.052838
v 0.025981 -0.024782 -0.052838
v 0.025981 -0.024782 -0.052838
v 0.025981 -0.024782 -0.052838
v 0.032535 -0.021614 -0.047895
v 0.032535 -0.021614 -0.047895
v 0.036937 -0.017529 -0.041634
v 0.036937 -0.017529 -0.041634
v 0.036937 -0.017529 -0.041634
v 0.039046 -0.012771 -0.035500
v 0.039046 -0.012771 -0.035500
v 0.039046 -0.012771 -0.035500
v 0.039444 -0.010311 -0.032474
v 0.039444 -0.010311 -0.032474
v -0.020083 0.001244 -0.026655
v -0.017723 0.010953 -0.022609
v -0.017723 0.010953 -0.022609
v -0.017723 0.010953 -0.022609
v 0.018275 0.014122 -0.009800
v 0.018275 0.014122 -0.009800
v 0.018275 0.014122 -0.009800
v 0.018275 0.014122 -0.009800
v 0.017032 0.013529 -0.008153
v 0.017032 0.013529 -0.008153
v 0.017032 0.013529 -0.008153
v 0.017032 0.013529 -0.008153
v 0.015307 0.015521 -0.007663
v 0.015307 0.015521 -0.007663
v 0.015307 0.015521 -0.007663
v 0.019847 0.010104 -0.009272
v 0.018008 0.009151 -0.007085
v 0.018209 0.012168 -0.008541
v 0.018209 0.012168 -0.008541
v 0.018209 0.012168 -0.008541
v 0.011086 -0.012725 -0.008716
v 0.011086 -0.012725 -0.008716
v 0.009399 -0.013345 -0.006244
v 0.009399 -0.013345 -0.006244
v 0.009399 -0.013345 -0.006244
v 0.008823 -0.013446 -0.002306
v 0.008823 -0.013446 -0.002306
v -0.008658 0.018411 0.003328
v -0.008658 0.018411 0.003328
v -0.008658 0.018411 0.003328
v -0.011536 0.014533 0.002854
v -0.011536 0.014533 0.002854
v -0.011536 0.014533 0.002854
v -0.011661 0.014571 -0.003037
v 0.006719 -0.026273 -0.051178
v 0.006719 -0.026273 -0.051178
v 0.010344 -0.026560 -0.051314
v 0.010344 -0.026560 -0.051314
v 0.003227 -0.025673 -0.049998
v -0.004801 -0.022671 -0.036929
v -0.004801 -0.022671 -0.036929
v -0.005667 -0.024419 -0.037105
v -0.005667 -0.024419 -0.037105
v 0.014000 -0.026509 -0.050278
v 0.014000 -0.026509 -0.050278
v 0.017169 -0.026064 -0.048220
v 0.017169 -0.026064 -0.048220
v 0.021619 -0.023311 -0.035422
v 0.021619 -0.023311 -0.035422
v 0.022283 -0.025152 -0.035313
v 0.022283 -0.025152 -0.035313
v 0.022283 -0.025152 -0.035313
v 0.022170 -0.025370 -0.037539
v 0.022170 -0.025370 -0.037539
v 0.022170 -0.025370 -0.037539
v 0.021584 -0.023511 -0.037758
v 0.021584 -0.023511 -0.037758
v 0.021584 -0.023511 -0.037758
v 0.021542 -0.026098 -0.041319
v 0.021542 -0.026098 -0.041319
v 0.021542 -0.026098 -0.041319
v 0.021542 -0.026098 -0.041319
v 0.021542 -0.026098 -0.041319
v 0.020054 -0.027153 -0.045131
v 0.020054 -0.027153 -0.045131
v 0.020054 -0.027153 -0.045131
v 0.020054 -0.027153 -0.045131
v 0.019524 -0.025276 -0.045325
v 0.019524 -0.025276 -0.045325
v 0.019524 -0.025276 -0.045325
v 0.021013 -0.024230 -0.041597
v 0.021013 -0.024230 -0.041597
v -0.000177 -0.024654 -0.047624
v -0.002587 -0.023486 -0.044268
v -0.002587 -0.023486 -0.044268
v -0.004304 -0.022694 -0.039388
v -0.004304 -0.022694 -0.039388
v 0.020981 -0.025999 -0.029076
v 0.020981 -0.025999 -0.029076
v 0.020981 -0.025999 -0.029076
v 0.022073 -0.025222 -0.033103
v 0.022073 -0.025222 -0.033103
v 0.022073 -0.025222 -0.033103
v 0.021308 -0.023416 -0.033111
v 0.021308 -0.023416 -0.033111
v 0.020069 -0.024273 -0.028901
v 0.020069 -0.024273 -0.028901
v 0.020069 -0.024273 -0.028901
v -0.002408 -0.026163 -0.027220
v -0.002408 -0.026163 -0.027220
v -0.002408 -0.026163 -0.027220
v -0.002408 -0.026163 -0.027220
v 0.018638 -0.027671 -0.026081
v 0.018638 -0.027671 -0.026081
v 0.018638 -0.027671 -0.026081
v 0.018638 -0.027671 -0.026081
v 0.017736 -0.025960 -0.025760
v 0.017736 -0.025960 -0.025760
v 0.017736 -0.025960 -0.025760
v 0.011534 -0.031107 -0.023234
v 0.011534 -0.031107 -0.023234
v 0.011534 -0.031107 -0.023234
v 0.015502 -0.029542 -0.024262
v 0.015502 -0.029542 -0.024262
v 0.015502 -0.029542 -0.024262
v 0.014785 -0.027786 -0.023769
v 0.014785 -0.027786 -0.023769
v 0.011142 -0.029297 -0.022587
v 0.011142 -0.029297 -0.022587
v 0.011142 -0.029297 -0.022587
v 0.011142 -0.029297 -0.022587
v 0.003180 -0.031140 -0.023967
v 0.003180 -0.031140 -0.023967
v 0.003180 -0.031140 -0.023967
v 0.007168 -0.031682 -0.023204
v 0.007168 -0.031682 -0.023204
v 0.007168 -0.031682 -0.023204
v 0.007168 -0.031682 -0.023204
v 0.007138 -0.029848 -0.022510
v 0.007138 -0.029848 -0.022510
v 0.003453 -0.029310 -0.023318
v 0.003453 -0.029310 -0.023318
v 0.000345 -0.028040 -0.024784
v 0.000345 -0.028040 -0.024784
v 0.017478 -0.006402 -0.009854
v 0.017478 -0.006402 -0.009854
v 0.015944 -0.009147 -0.010281
v 0.015944 -0.009147 -0.010281
v 0.013144 -0.006714 -0.009831
v 0.013144 -0.006714 -0.009831
v 0.014119 -0.004516 -0.009346
v 0.014119 -0.004516 -0.009346
v 0.009785 -0.012398 0.000450
v 0.009785 -0.012398 0.000450
v 0.009785 -0.012398 0.000450
v 0.011149 -0.010750 0.002758
v 0.011149 -0.010750 0.002758
v 0.011149 -0.010750 0.002758
v 0.008012 -0.009137 0.002341
v 0.008012 -0.009137 0.002341
v 0.008012 -0.009137 0.002341
v 0.006848 -0.010585 0.000479
v 0.006848 -0.010585 0.000479
v 0.006848 -0.010585 0.000479
v 0.015617 0.001849 0.007999
v 0.015617 0.001849 0.007999
v 0.015617 0.001849 0.007999
v 0.015012 0.006485 0.008747
v 0.015012 0.006485 0.008747
v 0.015012 0.006485 0.008747
v 0.011535 0.005564 0.007603
v 0.011535 0.005564 0.007603
v 0.012038 0.001979 0.007135
v 0.012038 0.001979 0.007135
v 0.012038 0.001979 0.007135
v 0.012038 0.001979 0.007135
v 0.014835 0.010698 -0.003697
v 0.014835 0.010698 -0.003697
v 0.014835 0.010698 -0.003697
v 0.014835 0.010698 -0.003697
v 0.014835 0.010698 -0.003697
v 0.016071 0.008302 -0.004875
v 0.016071 0.008302 -0.004875
v 0.012917 0.007348 -0.005344
v 0.012917 0.007348 -0.005344
v 0.012917 0.007348 -0.005344
v 0.011708 0.009595 -0.004268
v 0.011708 0.009595 -0.004268
v 0.018256 -0.002736 -0.008805
v 0.018256 -0.002736 -0.008805
v 0.018256 -0.002736 -0.008805
v 0.014555 -0.001823 -0.008573
v 0.014555 -0.001823 -0.008573
v 0.014555 -0.001823 -0.008573
v 0.014409 -0.003727 0.006308
v 0.014409 -0.003727 0.006308
v 0.011049 -0.002447 0.005648
v 0.011049 -0.002447 0.005648
v 0.011049 -0.002447 0.005648
v 0.012451 -0.008613 0.004190
v 0.012451 -0.008613 0.004190
v 0.012451 -0.008613 0.004190
v 0.009428 -0.006793 0.003845
v 0.009428 -0.006793 0.003845
v 0.009428 -0.006793 0.003845
v 0.009428 -0.006793 0.003845
v 0.014317 0.009119 0.008185
v 0.014317 0.009119 0.008185
v 0.014317 0.009119 0.008185
v 0.014317 0.009119 0.008185
v 0.013527 0.011218 0.006874
v 0.013527 0.011218 0.006874
v 0.013527 0.011218 0.006874
v 0.010161 0.009710 0.006312
v 0.010161 0.009710 0.006312
v 0.010161 0.009710 0.006312
v 0.010803 0.007896 0.007154
v 0.010803 0.007896 0.007154
v 0.010803 0.007896 0.007154
v 0.010803 0.007896 0.007154
v 0.012762 0.012724 0.004814
v 0.012762 0.012724 0.004814
v 0.012762 0.012724 0.004814
v 0.012762 0.012724 0.004814
v 0.009536 0.011202 0.004853
v 0.009536 0.011202 0.004853
v 0.009536 0.011202 0.004853
v 0.012604 0.013152 0.000573
v 0.012604 0.013152 0.000573
v 0.012604 0.013152 0.000573
v 0.013356 0.012421 -0.001740
v 0.013356 0.012421 -0.001740
v 0.013356 0.012421 -0.001740
v 0.010153 0.011233 -0.002104
v 0.010153 0.011233 -0.002104
v 0.010153 0.011233 -0.002104
v 0.010153 0.011233 -0.002104
v 0.009348 0.011894 0.000310
v 0.009348 0.011894 0.000310
v 0.012399 0.013279 0.002746
v 0.012399 0.013279 0.002746
v 0.012399 0.013279 0.002746
v 0.009162 0.011893 0.002878
v 0.009162 0.011893 0.002878
v 0.009162 0.011893 0.002878
v 0.009162 0.011893 0.002878
v 0.017722 0.003155 -0.006906
v 0.017722 0.003155 -0.006906
v 0.014052 0.003452 -0.006824
v 0.014052 0.003452 -0.006824
v 0.014052 0.003452 -0.006824
v 0.013802 -0.011120 -0.010015
v 0.013802 -0.011120 -0.010015
v 0.011712 -0.008487 -0.009926
v 0.011712 -0.008487 -0.009926
v 0.011152 -0.012486 -0.008523
v 0.011152 -0.012486 -0.008523
v 0.011152 -0.012486 -0.008523
v 0.008928 -0.010425 -0.009011
v 0.008928 -0.010425 -0.009011
v 0.008928 -0.010425 -0.009011
v 0.009565 -0.013077 -0.006197
v 0.009565 -0.013077 -0.006197
v 0.009565 -0.013077 -0.006197
v 0.009565 -0.013077 -0.006197
v 0.009565 -0.013077 -0.006197
v 0.006667 -0.011355 -0.006566
v 0.006667 -0.011355 -0.006566
v 0.008996 -0.013091 -0.002356
v 0.008996 -0.013091 -0.002356
v 0.008996 -0.013091 -0.002356
v 0.008996 -0.013091 -0.002356
v 0.005959 -0.011475 -0.002422
v 0.008701 -0.018173 -0.035178
v 0.008701 -0.018173 -0.035178
v 0.008701 -0.018173 -0.035178
v 0.008701 -0.018173 -0.035178
v 0.008701 -0.018173 -0.035178
v 0.006078 0.000747 -0.002329
v 0.006078 0.000747 -0.002329
v 0.006078 0.000747 -0.002329
v 0.006078 0.000747 -0.002329
v 0.006078 0.000747 -0.002329
v -0.008665 0.004559 -0.048671
v -0.008665 0.004559 -0.048671
v -0.007152 -0.002679 -0.056519
v -0.007152 -0.002679 -0.056519
v 0.002136 -0.006639 -0.059379
v -0.001426 -0.003262 -0.056553
v -0.001426 -0.003262 -0.056553
v -0.000858 0.004372 -0.047710
v -0.000858 0.004372 -0.047710
v -0.000858 0.004372 -0.047710
v 0.000857 0.003343 -0.048669
v 0.000857 0.003343 -0.048669
v 0.001867 0.002150 -0.049824
v 0.001867 0.002150 -0.049824
v 0.002333 0.000921 -0.051198
v 0.002333 0.000921 -0.051198
v 0.002193 -0.000283 -0.052585
v 0.002193 -0.000283 -0.052585
v 0.001397 -0.001501 -0.054134
v 0.001397 -0.001501 -0.054134
v 0.000077 -0.002406 -0.055259
v 0.000077 -0.002406 -0.055259
v 0.000077 -0.002406 -0.055259
v 0.000404 -0.002599 -0.055600
v 0.000404 -0.002599 -0.055600
v 0.000404 -0.002599 -0.055600
v -0.001621 -0.002962 -0.056168
v -0.001621 -0.002962 -0.056168
v -0.001621 -0.002962 -0.056168
v -0.001621 -0.002962 -0.056168
v -0.001621 -0.002962 -0.056168
v -0.003497 -0.003125 -0.056538
v -0.003497 -0.003125 -0.056538
v -0.003497 -0.003125 -0.056538
v -0.005082 -0.002947 -0.056551
v -0.005082 -0.002947 -0.056551
v -0.005082 -0.002947 -0.056551
v -0.006901 -0.002377 -0.056168
v -0.006901 -0.002377 -0.056168
v -0.006901 -0.002377 -0.056168
v -0.006901 -0.002377 -0.056168
v -0.008395 -0.001517 -0.055403
v -0.008395 -0.001517 -0.055403
v -0.009571 -0.000254 -0.054128
v -0.009571 -0.000254 -0.054128
v -0.009571 -0.000254 -0.054128
v -0.010049 0.000980 -0.052783
v -0.010049 0.000980 -0.052783
v -0.010049 0.000980 -0.052783
v -0.010067 0.002248 -0.051398
v -0.010067 0.002248 -0.051398
v -0.009491 0.003374 -0.050077
v -0.009925 0.003549 -0.049921
v -0.009925 0.003549 -0.049921
v -0.008331 0.004273 -0.048890
v -0.008331 0.004273 -0.048890
v -0.008331 0.004273 -0.048890
v -0.008331 0.004273 -0.048890
v -0.006600 0.004981 -0.047880
v -0.006600 0.004981 -0.047880
v -0.006600 0.004981 -0.047880
v -0.004746 0.005123 -0.047359
v -0.004746 0.005123 -0.047359
v -0.002731 0.004995 -0.047296
v 0.018076 0.003265 -0.007057
v 0.018076 0.003265 -0.007057
v -0.018803 0.011102 -0.026355
v -0.018803 0.011102 -0.026355
v -0.020575 0.005256 -0.027391
v -0.020575 0.005256 -0.027391
v -0.020575 0.005256 -0.027391
v 0.011708 -0.002513 -0.053322
v 0.011708 -0.002513 -0.053322
v 0.010670 -0.001586 -0.052579
v -0.001810 0.021580 -0.008887
v -0.001810 0.021580 -0.008887
v -0.002211 0.021385 0.003971
v -0.002211 0.021385 0.003971
v -0.002211 0.021385 0.003971
v 0.002372 0.021223 0.004363
v 0.002372 0.021223 0.004363
v 0.002372 0.021223 0.004363
v 0.002135 0.021194 0.010753
v 0.002135 0.021194 0.010753
v -0.002342 0.021256 0.010515
v -0.002342 0.021256 0.010515
v -0.000397 0.011819 -0.038352
v -0.000397 0.011819 -0.038352
v -0.000397 0.011819 -0.038352
v 0.003829 0.010337 -0.039610
v -0.003935 0.010438 -0.040744
v -0.006889 0.010699 -0.040796
v 0.021206 0.000453 -0.047073
v 0.021206 0.000453 -0.047073
v 0.020476 0.001470 -0.046123
v 0.020011 0.001281 -0.046382
v 0.020660 0.000366 -0.047255
v 0.020660 0.000366 -0.047255
v 0.020660 0.000366 -0.047255
v 0.020660 0.000366 -0.047255
v 0.021507 -0.000620 -0.048226
v 0.020936 -0.000619 -0.048285
v 0.020936 -0.000619 -0.048285
v 0.020936 -0.000619 -0.048285
v 0.020871 -0.001525 -0.049371
v 0.020871 -0.001525 -0.049371
v 0.020959 -0.002542 -0.050637
v 0.020411 -0.002360 -0.050463
v 0.020411 -0.002360 -0.050463
v 0.020411 -0.002360 -0.050463
v 0.020162 -0.003327 -0.051782
v 0.020162 -0.003327 -0.051782
v 0.019673 -0.003016 -0.051499
v 0.019673 -0.003016 -0.051499
v 0.019673 -0.003016 -0.051499
v 0.018955 -0.003823 -0.052703
v 0.018955 -0.003823 -0.052703
v 0.018599 -0.003478 -0.052320
v 0.018599 -0.003478 -0.052320
v 0.018599 -0.003478 -0.052320
v 0.018599 -0.003478 -0.052320
v 0.017556 -0.004120 -0.053432
v 0.017344 -0.003717 -0.052990
v 0.017344 -0.003717 -0.052990
v 0.016042 -0.004104 -0.053841
v 0.015989 -0.003709 -0.053365
v 0.015989 -0.003709 -0.053365
v 0.015989 -0.003709 -0.053365
v 0.015989 -0.003709 -0.053365
v 0.014463 -0.003843 -0.053996
v 0.014576 -0.003460 -0.053510
v 0.014576 -0.003460 -0.053510
v 0.014576 -0.003460 -0.053510
v 0.013000 -0.003281 -0.053798
v 0.013000 -0.003281 -0.053798
v 0.013000 -0.003281 -0.053798
v 0.013272 -0.002962 -0.053328
v 0.013272 -0.002962 -0.053328
v 0.013272 -0.002962 -0.053328
v 0.012115 -0.002265 -0.052891
v 0.012115 -0.002265 -0.052891
v 0.012115 -0.002265 -0.052891
v 0.012115 -0.002265 -0.052891
v 0.011183 -0.001431 -0.052222
v 0.011183 -0.001431 -0.052222
v 0.011183 -0.001431 -0.052222
v 0.010534 -0.000521 -0.051377
v 0.010534 -0.000521 -0.051377
v 0.010534 -0.000521 -0.051377
v 0.010239 0.000443 -0.050345
v 0.010239 0.000443 -0.050345
v 0.010277 0.001366 -0.049276
v 0.010277 0.001366 -0.049276
v 0.010725 0.002194 -0.048177
v 0.010725 0.002194 -0.048177
v 0.010725 0.002194 -0.048177
v 0.010725 0.002194 -0.048177
v 0.010725 0.002194 -0.048177
v 0.011018 0.003209 -0.046953
v 0.011018 0.003209 -0.046953
v 0.011457 0.002882 -0.047179
v 0.011457 0.002882 -0.047179
v 0.011457 0.002882 -0.047179
v 0.012209 0.003731 -0.046014
v 0.012209 0.003731 -0.046014
v 0.012526 0.003352 -0.046316
v 0.012526 0.003352 -0.046316
v 0.013568 0.004021 -0.045284
v 0.013757 0.003614 -0.045661
v 0.013757 0.003614 -0.045661
v 0.013757 0.003614 -0.045661
v 0.013757 0.003614 -0.045661
v 0.015114 0.003993 -0.044856
v 0.015114 0.003993 -0.044856
v 0.015114 0.003993 -0.044856
v 0.015152 0.003586 -0.045254
v 0.015152 0.003586 -0.045254
v 0.015152 0.003586 -0.045254
v 0.016653 0.003727 -0.044691
v 0.016653 0.003727 -0.044691
v 0.016545 0.003346 -0.045112
v 0.016545 0.003346 -0.045112
v 0.018138 0.003159 -0.044890
v 0.018138 0.003159 -0.044890
v 0.017893 0.002825 -0.045272
v 0.017893 0.002825 -0.045272
v 0.019446 0.002416 -0.045344
v 0.019446 0.002416 -0.045344
v 0.019073 0.002153 -0.045694
v 0.019073 0.002153 -0.045694
v 0.015405 0.009546 -0.037620
v 0.015405 0.009546 -0.037620
v 0.015405 0.009546 -0.037620
v 0.014751 0.010398 -0.036651
v 0.014751 0.010398 -0.036651
v 0.014295 0.010197 -0.036862
v 0.014295 0.010197 -0.036862
v 0.014886 0.009424 -0.037753
v 0.014886 0.009424 -0.037753
v 0.014886 0.009424 -0.037753
v 0.014886 0.009424 -0.037753
v 0.015693 0.008645 -0.038752
v 0.015164 0.008586 -0.038771
v 0.015164 0.008586 -0.038771
v 0.015682 0.007775 -0.039911
v 0.015146 0.007812 -0.039842
v 0.015146 0.007812 -0.039842
v 0.015272 0.006981 -0.041083
v 0.014786 0.007070 -0.040910
v 0.014786 0.007070 -0.040910
v 0.014786 0.007070 -0.040910
v 0.014596 0.006301 -0.042172
v 0.014162 0.006469 -0.041910
v 0.014162 0.006469 -0.041910
v 0.013581 0.005796 -0.043116
v 0.013581 0.005796 -0.043116
v 0.013243 0.005988 -0.042775
v 0.013243 0.005988 -0.042775
v 0.012397 0.005460 -0.043875
v 0.012397 0.005460 -0.043875
v 0.012397 0.005460 -0.043875
v 0.012157 0.005699 -0.043471
v 0.012157 0.005699 -0.043471
v 0.012157 0.005699 -0.043471
v 0.011020 0.005356 -0.044379
v 0.011020 0.005356 -0.044379
v 0.010892 0.005595 -0.043935
v 0.009578 0.005419 -0.044673
v 0.009585 0.005707 -0.044197
v 0.009585 0.005707 -0.044197
v 0.009585 0.005707 -0.044197
v 0.009585 0.005707 -0.044197
v 0.008285 0.006002 -0.044120
v 0.008285 0.006002 -0.044120
v 0.008285 0.006002 -0.044120
v 0.007077 0.006470 -0.043823
v 0.007077 0.006470 -0.043823
v 0.006021 0.007078 -0.043305
v 0.006021 0.007078 -0.043305
v 0.006021 0.007078 -0.043305
v 0.005181 0.007796 -0.042593
v 0.005181 0.007796 -0.042593
v 0.005181 0.007796 -0.042593
v 0.004616 0.008588 -0.041673
v 0.004616 0.008588 -0.041673
v 0.004332 0.009403 -0.040684
v 0.004332 0.009403 -0.040684
v 0.004385 0.010190 -0.039605
v 0.004385 0.010190 -0.039605
v 0.004385 0.010190 -0.039605
v 0.004385 0.010190 -0.039605
v 0.004716 0.010917 -0.038567
v 0.004716 0.010917 -0.038567
v 0.005372 0.011521 -0.037574
v 0.005372 0.011521 -0.037574
v 0.005372 0.011521 -0.037574
v 0.005877 0.012349 -0.036422
v 0.005877 0.012349 -0.036422
v 0.006246 0.012000 -0.036724
v 0.006246 0.012000 -0.036724
v 0.007113 0.012671 -0.035681
v 0.007113 0.012671 -0.035681
v 0.007356 0.012277 -0.036036
v 0.008457 0.012802 -0.035151
v 0.008457 0.012802 -0.035151
v 0.008457 0.012802 -0.035151
v 0.008573 0.012397 -0.035567
v 0.008573 0.012397 -0.035567
v 0.008573 0.012397 -0.035567
v 0.008573 0.012397 -0.035567
v 0.009909 0.012682 -0.034922
v 0.009909 0.012682 -0.034922
v 0.009909 0.012682 -0.034922
v 0.009884 0.012282 -0.035334
v 0.009884 0.012282 -0.035334
v 0.009884 0.012282 -0.035334
v 0.011328 0.012381 -0.034930
v 0.011328 0.012381 -0.034930
v 0.011168 0.012016 -0.035349
v 0.012665 0.011854 -0.035266
v 0.012387 0.011534 -0.035625
v 0.012387 0.011534 -0.035625
v 0.012387 0.011534 -0.035625
v 0.013833 0.011200 -0.035819
v 0.013833 0.011200 -0.035819
v 0.013449 0.010943 -0.036133
v 0.013449 0.010943 -0.036133
v -0.000269 0.013379 -0.035960
v -0.000269 0.013379 -0.035960
v -0.000269 0.013379 -0.035960
v -0.000349 0.012630 -0.037085
v -0.000349 0.012630 -0.037085
v -0.000349 0.012630 -0.037085
v -0.000856 0.011916 -0.038114
v -0.001656 0.011337 -0.039044
v -0.002706 0.010934 -0.039721
v -0.002706 0.010934 -0.039721
v -0.004075 0.010715 -0.040259
v -0.004075 0.010715 -0.040259
v -0.004075 0.010715 -0.040259
v -0.005519 0.010744 -0.040434
v -0.005519 0.010744 -0.040434
v -0.005519 0.010744 -0.040434
v -0.005519 0.010744 -0.040434
v -0.006718 0.010952 -0.040306
v -0.006718 0.010952 -0.040306
v -0.006718 0.010952 -0.040306
v -0.008092 0.011107 -0.040369
v -0.008092 0.011107 -0.040369
v -0.007817 0.011305 -0.039915
v -0.007817 0.011305 -0.039915
v -0.007817 0.011305 -0.039915
v -0.007817 0.011305 -0.039915
v -0.009257 0.011616 -0.039757
v -0.009257 0.011616 -0.039757
v -0.008869 0.011813 -0.039380
v -0.008869 0.011813 -0.039380
v -0.008869 0.011813 -0.039380
v -0.009660 0.012388 -0.038635
v -0.009660 0.012388 -0.038635
v -0.009660 0.012388 -0.038635
v -0.010166 0.013063 -0.037671
v -0.010166 0.013063 -0.037671
v -0.010166 0.013063 -0.037671
v -0.010166 0.013063 -0.037671
v -0.010281 0.013759 -0.036608
v -0.010281 0.013759 -0.036608
v -0.010281 0.013759 -0.036608
v -0.010281 0.013759 -0.036608
v -0.010135 0.014432 -0.035559
v -0.010135 0.014432 -0.035559
v -0.010135 0.014432 -0.035559
v -0.009677 0.015033 -0.034583
v -0.009677 0.015033 -0.034583
v -0.009677 0.015033 -0.034583
v -0.008982 0.015616 -0.033654
v -0.008982 0.015616 -0.033654
v -0.008035 0.016040 -0.032947
v -0.006844 0.016342 -0.032428
v -0.006844 0.016342 -0.032428
v -0.006844 0.016342 -0.032428
v -0.006844 0.016342 -0.032428
v -0.005554 0.016410 -0.032228
v -0.005554 0.016410 -0.032228
v -0.004224 0.016308 -0.032273
v -0.004224 0.016308 -0.032273
v -0.004224 0.016308 -0.032273
v -0.003005 0.015980 -0.032602
v -0.003005 0.015980 -0.032602
v -0.001900 0.015499 -0.033177
v -0.001900 0.015499 -0.033177
v -0.001070 0.014862 -0.033959
v -0.001070 0.014862 -0.033959
v -0.001070 0.014862 -0.033959
v -0.000007 0.014286 -0.034814
v -0.000007 0.014286 -0.034814
v -0.000007 0.014286 -0.034814
v -0.000512 0.014138 -0.034907
v 0.010435 0.018462 -0.025355
v 0.010435 0.018462 -0.025355
v -0.018800 0.008137 -0.022850
v -0.018800 0.008137 -0.022850
v -0.018800 0.008137 -0.022850
v 0.019974 0.003545 -0.008394
v 0.019974 0.003545 -0.008394
v 0.019974 0.003545 -0.008394
v 0.021993 0.007621 -0.010282
v 0.021993 0.007621 -0.010282
v 0.018872 0.006643 -0.007589
v 0.018872 0.006643 -0.007589
v 0.018872 0.006643 -0.007589
v 0.023544 0.009740 -0.011875
v -0.019843 0.008533 -0.026040
v -0.019843 0.008533 -0.026040
v -0.019843 0.008533 -0.026040
v -0.019843 0.008533 -0.026040
v -0.001107 0.003218 -0.046959
v -0.001107 0.003218 -0.046959
v 0.000487 0.002261 -0.047824
v 0.000487 0.002261 -0.047824
v 0.000487 0.002261 -0.047824
v 0.001445 0.001113 -0.048950
v 0.001445 0.001113 -0.048950
v 0.001445 0.001113 -0.048950
v 0.001445 0.001113 -0.048950
v 0.001445 0.001113 -0.048950
v 0.001910 -0.000071 -0.050241
v 0.001910 -0.000071 -0.050241
v 0.001783 -0.001258 -0.051600
v 0.001783 -0.001258 -0.051600
v 0.001783 -0.001258 -0.051600
v 0.001783 -0.001258 -0.051600
v 0.001086 -0.002405 -0.053006
v 0.001086 -0.002405 -0.053006
v 0.001086 -0.002405 -0.053006
v -0.000158 -0.003303 -0.054170
v -0.000158 -0.003303 -0.054170
v -0.000158 -0.003303 -0.054170
v -0.000158 -0.003303 -0.054170
v -0.001804 -0.003860 -0.054993
v -0.001804 -0.003860 -0.054993
v -0.001804 -0.003860 -0.054993
v -0.001804 -0.003860 -0.054993
v -0.003580 -0.004017 -0.055375
v -0.003580 -0.004017 -0.055375
v -0.005212 -0.003823 -0.055342
v -0.005212 -0.003823 -0.055342
v -0.005212 -0.003823 -0.055342
v -0.006899 -0.003266 -0.054994
v -0.006899 -0.003266 -0.054994
v -0.006899 -0.003266 -0.054994
v -0.008304 -0.002390 -0.054196
v -0.008304 -0.002390 -0.054196
v -0.008304 -0.002390 -0.054196
v -0.009346 -0.001248 -0.053041
v -0.009346 -0.001248 -0.053041
v -0.009346 -0.001248 -0.053041
v -0.009816 -0.000077 -0.051753
v -0.009816 -0.000077 -0.051753
v -0.009816 -0.000077 -0.051753
v -0.009755 0.001085 -0.050431
v -0.009755 0.001085 -0.050431
v -0.009755 0.001085 -0.050431
v -0.009208 0.002163 -0.049187
v -0.009208 0.002163 -0.049187
v -0.009208 0.002163 -0.049187
v -0.008122 0.003030 -0.048068
v -0.008122 0.003030 -0.048068
v -0.006558 0.003692 -0.047151
v -0.006558 0.003692 -0.047151
v -0.006558 0.003692 -0.047151
v -0.006558 0.003692 -0.047151
v -0.004785 0.003849 -0.046668
v -0.004785 0.003849 -0.046668
v -0.002928 0.003728 -0.046583
v -0.002928 0.003728 -0.046583
v -0.002928 0.003728 -0.046583
v -0.002928 0.003728 -0.046583
v 0.019472 0.000067 -0.045639
v 0.019472 0.000067 -0.045639
v 0.020067 -0.000774 -0.046444
v 0.020067 -0.000774 -0.046444
v 0.020321 -0.001673 -0.047390
v 0.020321 -0.001673 -0.047390
v 0.020258 -0.002505 -0.048385
v 0.020258 -0.002505 -0.048385
v 0.020258 -0.002505 -0.048385
v 0.019835 -0.003274 -0.049387
v 0.019835 -0.003274 -0.049387
v 0.019835 -0.003274 -0.049387
v 0.019835 -0.003274 -0.049387
v 0.019155 -0.003880 -0.050325
v 0.019155 -0.003880 -0.050325
v 0.019155 -0.003880 -0.050325
v 0.018184 -0.004305 -0.051064
v 0.018184 -0.004305 -0.051064
v 0.018184 -0.004305 -0.051064
v 0.018184 -0.004305 -0.051064
v 0.018184 -0.004305 -0.051064
v 0.017017 -0.004533 -0.051668
v 0.017017 -0.004533 -0.051668
v 0.017017 -0.004533 -0.051668
v 0.015780 -0.004530 -0.052004
v 0.015780 -0.004530 -0.052004
v 0.015780 -0.004530 -0.052004
v 0.015780 -0.004530 -0.052004
v 0.014488 -0.004298 -0.052125
v 0.014488 -0.004298 -0.052125
v 0.014488 -0.004298 -0.052125
v 0.013308 -0.003853 -0.051952
v 0.013308 -0.003853 -0.051952
v 0.013308 -0.003853 -0.051952
v 0.012249 -0.003215 -0.051541
v 0.012249 -0.003215 -0.051541
v 0.011392 -0.002446 -0.050926
v 0.011392 -0.002446 -0.050926
v 0.010801 -0.001624 -0.050180
v 0.010556 -0.000755 -0.049220
v 0.010589 0.000094 -0.048249
v 0.010589 0.000094 -0.048249
v 0.010589 0.000094 -0.048249
v 0.010971 0.000855 -0.047260
v 0.010971 0.000855 -0.047260
v 0.011653 0.001477 -0.046350
v 0.012611 0.001916 -0.045564
v 0.012611 0.001916 -0.045564
v 0.013743 0.002151 -0.044969
v 0.013743 0.002151 -0.044969
v 0.015004 0.002149 -0.044598
v 0.015004 0.002149 -0.044598
v 0.015004 0.002149 -0.044598
v 0.015004 0.002149 -0.044598
v 0.016283 0.001917 -0.044482
v 0.016283 0.001917 -0.044482
v 0.017521 0.001467 -0.044624
v 0.017521 0.001467 -0.044624
v 0.018605 0.000858 -0.045010
v 0.018605 0.000858 -0.045010
v 0.013746 0.008935 -0.036122
v 0.013746 0.008935 -0.036122
v 0.013746 0.008935 -0.036122
v 0.014322 0.008230 -0.036948
v 0.014322 0.008230 -0.036948
v 0.014322 0.008230 -0.036948
v 0.014577 0.007452 -0.037890
v 0.014577 0.007452 -0.037890
v 0.014577 0.007452 -0.037890
v 0.014577 0.007452 -0.037890
v 0.014556 0.006722 -0.038884
v 0.014556 0.006722 -0.038884
v 0.014556 0.006722 -0.038884
v 0.014210 0.006049 -0.039845
v 0.014210 0.006049 -0.039845
v 0.014210 0.006049 -0.039845
v 0.014210 0.006049 -0.039845
v 0.014210 0.006049 -0.039845
v 0.013658 0.005488 -0.040803
v 0.013658 0.005488 -0.040803
v 0.013658 0.005488 -0.040803
v 0.012760 0.005051 -0.041548
v 0.012760 0.005051 -0.041548
v 0.012760 0.005051 -0.041548
v 0.011786 0.004782 -0.042182
v 0.011786 0.004782 -0.042182
v 0.011786 0.004782 -0.042182
v 0.010642 0.004679 -0.042643
v 0.010642 0.004679 -0.042643
v 0.010642 0.004679 -0.042643
v 0.009401 0.004771 -0.042855
v 0.009401 0.004771 -0.042855
v 0.009401 0.004771 -0.042855
v 0.008226 0.005047 -0.042749
v 0.007097 0.005461 -0.042546
v 0.007097 0.005461 -0.042546
v 0.007097 0.005461 -0.042546
v 0.006151 0.006028 -0.041991
v 0.006151 0.006028 -0.041991
v 0.006151 0.006028 -0.041991
v 0.005370 0.006684 -0.041355
v 0.005370 0.006684 -0.041355
v 0.005370 0.006684 -0.041355
v 0.004875 0.007398 -0.040501
v 0.004875 0.007398 -0.040501
v 0.004593 0.008160 -0.039599
v 0.004593 0.008160 -0.039599
v 0.004593 0.008160 -0.039599
v 0.004689 0.008856 -0.038599
v 0.004689 0.008856 -0.038599
v 0.004689 0.008856 -0.038599
v 0.004689 0.008856 -0.038599
v 0.004991 0.009531 -0.037657
v 0.004991 0.009531 -0.037657
v 0.004991 0.009531 -0.037657
v 0.005604 0.010064 -0.036768
v 0.005604 0.010064 -0.036768
v 0.005604 0.010064 -0.036768
v 0.006396 0.010514 -0.036001
v 0.006396 0.010514 -0.036001
v 0.006396 0.010514 -0.036001
v 0.006396 0.010514 -0.036001
v 0.007397 0.010764 -0.035390
v 0.007397 0.010764 -0.035390
v 0.008502 0.010890 -0.034959
v 0.008502 0.010890 -0.034959
v 0.008502 0.010890 -0.034959
v 0.009681 0.010794 -0.034748
v 0.010865 0.010575 -0.034753
v 0.010865 0.010575 -0.034753
v 0.011974 0.010139 -0.035000
v 0.011974 0.010139 -0.035000
v 0.011974 0.010139 -0.035000
v 0.012968 0.009614 -0.035461
v 0.012968 0.009614 -0.035461
v 0.012968 0.009614 -0.035461
v -0.000829 0.012227 -0.035027
v -0.000829 0.012227 -0.035027
v -0.000829 0.012227 -0.035027
v -0.000866 0.011535 -0.036040
v -0.000866 0.011535 -0.036040
v -0.000866 0.011535 -0.036040
v -0.001314 0.010871 -0.036981
v -0.001314 0.010871 -0.036981
v -0.001314 0.010871 -0.036981
v -0.001314 0.010871 -0.036981
v -0.002009 0.010329 -0.037802
v -0.002009 0.010329 -0.037802
v -0.002009 0.010329 -0.037802
v -0.002009 0.010329 -0.037802
v -0.002914 0.009912 -0.038555
v -0.002914 0.009912 -0.038555
v -0.002914 0.009912 -0.038555
v -0.004229 0.009678 -0.039085
v -0.004229 0.009678 -0.039085
v -0.004229 0.009678 -0.039085
v -0.004229 0.009678 -0.039085
v -0.005573 0.009715 -0.039125
v -0.006699 0.009901 -0.039034
v -0.006699 0.009901 -0.039034
v -0.006699 0.009901 -0.039034
v -0.007717 0.010245 -0.038661
v -0.007717 0.010245 -0.038661
v -0.008635 0.010725 -0.038121
v -0.008635 0.010725 -0.038121
v -0.008635 0.010725 -0.038121
v -0.008635 0.010725 -0.038121
v -0.009277 0.011287 -0.037381
v -0.009277 0.011287 -0.037381
v -0.009707 0.011932 -0.036548
v -0.009707 0.011932 -0.036548
v -0.009713 0.012525 -0.035587
v -0.009548 0.013140 -0.034713
v -0.009134 0.013636 -0.033861
v -0.009134 0.013636 -0.033861
v -0.008527 0.014165 -0.033104
v -0.008527 0.014165 -0.033104
v -0.007694 0.014524 -0.032483
v -0.007694 0.014524 -0.032483
v -0.006691 0.014809 -0.032027
v -0.006691 0.014809 -0.032027
v -0.005577 0.014913 -0.031794
v -0.005577 0.014913 -0.031794
v -0.005577 0.014913 -0.031794
v -0.004399 0.014833 -0.031811
v -0.004399 0.014833 -0.031811
v -0.004399 0.014833 -0.031811
v -0.003323 0.014529 -0.032079
v -0.003323 0.014529 -0.032079
v -0.002323 0.014142 -0.032567
v -0.002323 0.014142 -0.032567
v -0.002323 0.014142 -0.032567
v -0.001588 0.013547 -0.033260
v -0.001588 0.013547 -0.033260
v -0.001588 0.013547 -0.033260
v -0.001041 0.012931 -0.034089
v -0.004052 -0.000144 -0.050781
v 0.015354 -0.001158 -0.047996
v 0.015354 -0.001158 -0.047996
v 0.015354 -0.001158 -0.047996
v 0.015354 -0.001158 -0.047996
v 0.009549 0.007724 -0.038580
v -0.005377 0.012243 -0.035224
v -0.005377 0.012243 -0.035224
v -0.005377 0.012243 -0.035224
v 0.022034 -0.007582 -0.055438
v 0.008281 -0.007761 -0.059439
v 0.010725 0.016084 0.011163
v 0.010725 0.016084 0.011163
v 0.035819 -0.005658 -0.047276
v 0.035819 -0.005658 -0.047276
v 0.020151 0.012952 -0.010460
v 0.020151 0.012952 -0.010460
v 0.022269 0.014315 -0.012762
v 0.022269 0.014315 -0.012762
v 0.022269 0.014315 -0.012762
v 0.022269 0.014315 -0.012762
v 0.019790 0.014395 -0.011009
v 0.019790 0.014395 -0.011009
v 0.019790 0.014395 -0.011009
v 0.021141 0.017175 -0.016261
v 0.021141 0.017175 -0.016261
v 0.024825 0.016004 -0.018349
v 0.024825 0.016004 -0.018349
v 0.024825 0.016004 -0.018349
v 0.021754 0.015787 -0.014260
v 0.022663 0.004059 -0.010419
v 0.022663 0.004059 -0.010419
v 0.013373 0.017163 -0.007596
v 0.013373 0.017163 -0.007596
v 0.013373 0.017163 -0.007596
v -0.017835 -0.012288 -0.035240
v -0.017835 -0.012288 -0.035240
v -0.017835 -0.012288 -0.035240
v -0.017835 -0.012288 -0.035240
v -0.016848 0.010065 -0.018370
v -0.016848 0.010065 -0.018370
v -0.014010 0.010712 0.002515
v -0.014010 0.010712 0.002515
v -0.015286 0.006873 0.002269
v -0.015286 0.006873 0.002269
v 0.001403 0.021335 0.039207
v 0.001403 0.021335 0.039207
v 0.005118 0.017155 0.054225
v 0.005118 0.017155 0.054225
v 0.005118 0.017155 0.054225
v 0.000903 0.017969 0.054213
v 0.000903 0.017969 0.054213
v 0.000903 0.017969 0.054213
v -0.010517 0.008091 0.052480
v -0.011285 0.001567 0.052560
v -0.011285 0.001567 0.052560
v -0.010357 -0.004405 0.052425
v -0.010357 -0.004405 0.052425
v -0.007017 -0.010838 0.052274
v -0.007017 -0.010838 0.052274
v -0.007017 -0.010838 0.052274
v 0.029402 -0.016388 -0.022626
v 0.029402 -0.016388 -0.022626
v 0.029402 -0.016388 -0.022626
v 0.028079 -0.014177 -0.019868
v 0.026457 -0.011818 -0.017254
v 0.026457 -0.011818 -0.017254
v 0.026457 -0.011818 -0.017254
v 0.023426 -0.000041 -0.011915
v 0.032056 0.002642 -0.018082
v 0.025344 -0.019815 -0.021754
v 0.025344 -0.019815 -0.021754
v 0.025344 -0.019815 -0.021754
v -0.016969 0.013955 -0.029034
v -0.016969 0.013955 -0.029034
v -0.016969 0.013955 -0.029034
v -0.016969 0.013955 -0.029034
v 0.032213 -0.006631 -0.050368
v 0.033664 -0.003673 -0.046777
v 0.033664 -0.003673 -0.046777
v 0.013290 -0.008347 -0.058817
v 0.013290 -0.008347 -0.058817
v 0.017489 -0.008345 -0.057661
v 0.017489 -0.008345 -0.057661
vt 0.006332 0.051252
vt 0.871062 0.875732
vt 0.011088 0.059467
vt 0.866828 0.875732
vt 0.866828 0.895105
vt 0.871062 0.895105
vt 0.026192 0.005447
vt 0.793638 0.875732
vt 0.018220 0.009904
vt 0.789342 0.875732
vt 0.789342 0.895105
vt 0.793638 0.895105
vt 0.074159 0.043160
vt 0.828262 0.875732
vt 0.074173 0.033013
vt 0.824234 0.875732
vt 0.824234 0.895105
vt 0.828262 0.895105
vt 0.072036 0.024381
vt 0.819611 0.875732
vt 0.067335 0.016495
vt 0.815098 0.875732
vt 0.815098 0.895105
vt 0.819611 0.895105
vt 0.061008 0.010057
vt 0.810976 0.875732
vt 0.052965 0.005638
vt 0.806848 0.875732
vt 0.806848 0.895105
vt 0.810976 0.895105
vt 0.052634 0.070680
vt 0.845216 0.875732
vt 0.060341 0.066234
vt 0.840572 0.875732
vt 0.840572 0.895105
vt 0.845216 0.895105
vt 0.066725 0.060270
vt 0.836443 0.875732
vt 0.071242 0.052658
vt 0.832391 0.875732
vt 0.832391 0.895105
vt 0.836443 0.895105
vt 0.034344 0.072900
vt 0.854106 0.875732
vt 0.044245 0.072757
vt 0.849959 0.875732
vt 0.849959 0.895105
vt 0.854106 0.895105
vt 0.004010 0.032614
vt 0.879560 0.875732
vt 0.004075 0.041826
vt 0.875409 0.875732
vt 0.875409 0.895105
vt 0.879560 0.895105
vt 0.044200 0.003268
vt 0.802445 0.875732
vt 0.034871 0.003409
vt 0.797928 0.875732
vt 0.797928 0.895105
vt 0.802445 0.895105
vt 0.017391 0.065771
vt 0.862551 0.875732
vt 0.025027 0.070267
vt 0.858364 0.875732
vt 0.858364 0.895105
vt 0.862551 0.895105
vt 0.011648 0.016019
vt 0.785079 0.875732
vt 0.887957 0.875732
vt 0.006931 0.023861
vt 0.883795 0.875732
vt 0.883795 0.895105
vt 0.785079 0.895105
vt 0.887957 0.895105
vt 0.013993 0.048133
vt 0.017547 0.054272
vt 0.012279 0.041003
vt 0.012172 0.033886
vt 0.014452 0.027154
vt 0.018045 0.021178
vt 0.023009 0.016581
vt 0.028984 0.013212
vt 0.035647 0.011632
vt 0.042862 0.011453
vt 0.049655 0.013358
vt 0.055768 0.016709
vt 0.060524 0.021551
vt 0.064052 0.027463
vt 0.065681 0.034122
vt 0.065729 0.041887
vt 0.063446 0.049171
vt 0.059999 0.055043
vt 0.055180 0.059549
vt 0.049380 0.062888
vt 0.042889 0.064461
vt 0.035305 0.064610
vt 0.028174 0.062520
vt 0.022286 0.059084
vt 0.039091 0.038084
vt 0.326241 0.998691
vt 0.615565 0.152247
vt 0.645244 0.998691
vt 0.339959 0.998691
vt 0.597100 0.165408
vt 0.595842 0.160960
vt 0.612531 0.148971
vt 0.393239 0.998691
vt 0.504132 0.168795
vt 0.405457 0.998691
vt 0.488722 0.157532
vt 0.493816 0.152814
vt 0.508246 0.163846
vt 0.627363 0.131604
vt 0.631120 0.998691
vt 0.631714 0.133145
vt 0.567182 0.998691
vt 0.628611 0.032727
vt 0.579158 0.998691
vt 0.638206 0.047571
vt 0.632813 0.050717
vt 0.623731 0.037060
vt 0.591041 0.998691
vt 0.645147 0.063995
vt 0.603662 0.998691
vt 0.645634 0.085911
vt 0.640334 0.088338
vt 0.639869 0.066505
vt 0.367026 0.998691
vt 0.549981 0.178890
vt 0.379375 0.998691
vt 0.527786 0.177734
vt 0.530774 0.172888
vt 0.552710 0.173679
vt 0.617361 0.998691
vt 0.642009 0.110496
vt 0.636904 0.111123
vt 0.353208 0.998691
vt 0.576030 0.174262
vt 0.576790 0.169226
vt 0.417052 0.998691
vt 0.478418 0.143889
vt 0.484290 0.140044
vt 0.552605 0.998691
vt 0.609371 0.018239
vt 0.605714 0.023418
vt 0.428604 0.998691
vt 0.472302 0.127733
vt 0.443070 0.998691
vt 0.471043 0.102173
vt 0.477584 0.099460
vt 0.478297 0.124777
vt 0.539771 0.998691
vt 0.590364 0.010442
vt 0.587517 0.015807
vt 0.510859 0.998691
vt 0.538057 0.012365
vt 0.526224 0.998691
vt 0.566463 0.008463
vt 0.564107 0.013937
vt 0.537667 0.017335
vt 0.485085 0.998691
vt 0.503212 0.030920
vt 0.506279 0.034232
vt 0.494009 0.049479
vt 0.472039 0.998691
vt 0.489270 0.048221
vt 0.459486 0.998691
vt 0.480337 0.068325
vt 0.485907 0.067459
vt 0.609009 0.145167
vt 0.577941 0.111619
vt 0.598815 0.089736
vt 0.623001 0.128832
vt 0.539291 0.022129
vt 0.565664 0.056290
vt 0.523487 0.028320
vt 0.620593 0.065854
vt 0.635239 0.088008
vt 0.631930 0.109667
vt 0.628182 0.054052
vt 0.634423 0.068537
vt 0.607930 0.050363
vt 0.582258 0.072710
vt 0.619386 0.041018
vt 0.590776 0.035182
vt 0.602322 0.028006
vt 0.564523 0.018963
vt 0.585556 0.021217
vt 0.483194 0.099931
vt 0.502568 0.121591
vt 0.489391 0.136471
vt 0.484077 0.122563
vt 0.560454 0.092735
vt 0.554199 0.129824
vt 0.538571 0.112901
vt 0.593272 0.156488
vt 0.543377 0.074293
vt 0.523988 0.095761
vt 0.527269 0.148101
vt 0.513832 0.134845
vt 0.511852 0.159115
vt 0.498312 0.148489
vt 0.490801 0.069197
vt 0.498382 0.052178
vt 0.575315 0.164281
vt 0.552374 0.168473
vt 0.532846 0.167490
vt 0.498106 0.998691
vt 0.519353 0.019638
vt 0.520912 0.023980
vt 0.509722 0.037951
vt 0.326241 0.942818
vt 0.645244 0.942818
vt 0.339959 0.942818
vt 0.591041 0.942818
vt 0.603662 0.942818
vt 0.367026 0.942818
vt 0.379375 0.942818
vt 0.617361 0.942818
vt 0.579158 0.942818
vt 0.393239 0.942818
vt 0.552605 0.942818
vt 0.567182 0.942818
vt 0.539771 0.942818
vt 0.510859 0.942818
vt 0.526224 0.942818
vt 0.405457 0.942818
vt 0.417052 0.942818
vt 0.472039 0.942818
vt 0.485085 0.942818
vt 0.631120 0.942818
vt 0.498106 0.942818
vt 0.459486 0.942818
vt 0.353208 0.942818
vt 0.428604 0.942818
vt 0.443070 0.942818
vt 0.943315 0.932807
vt 0.943315 0.924573
vt 0.962599 0.924573
vt 0.962599 0.932807
vt 0.807796 0.932807
vt 0.807796 0.924573
vt 0.822223 0.924573
vt 0.822223 0.932807
vt 0.653089 0.907446
vt 0.998308 0.907446
vt 0.669895 0.907446
vt 0.669895 0.916817
vt 0.653089 0.916817
vt 0.998308 0.916817
vt 0.839284 0.932807
vt 0.839284 0.924573
vt 0.857282 0.924573
vt 0.857282 0.932807
vt 0.874606 0.932807
vt 0.874606 0.924573
vt 0.893383 0.924573
vt 0.893383 0.932807
vt 0.909544 0.932807
vt 0.909544 0.924573
vt 0.926054 0.924573
vt 0.926054 0.932807
vt 0.980492 0.932807
vt 0.980492 0.924573
vt 0.653089 0.924573
vt 0.998308 0.924573
vt 0.653089 0.932807
vt 0.998308 0.932807
vt 0.754059 0.932807
vt 0.754059 0.924573
vt 0.773304 0.924573
vt 0.773304 0.932807
vt 0.737159 0.907446
vt 0.754059 0.907446
vt 0.754059 0.916817
vt 0.737159 0.916817
vt 0.790293 0.924573
vt 0.790293 0.932807
vt 0.720604 0.932807
vt 0.720604 0.924573
vt 0.737159 0.924573
vt 0.737159 0.932807
vt 0.705016 0.907446
vt 0.720604 0.907446
vt 0.720604 0.916817
vt 0.705016 0.916817
vt 0.688603 0.907446
vt 0.688603 0.916817
vt 0.926054 0.907446
vt 0.943315 0.907446
vt 0.943315 0.916817
vt 0.926054 0.916817
vt 0.943315 0.900654
vt 0.962599 0.900654
vt 0.962599 0.907446
vt 0.653089 0.900654
vt 0.998308 0.900654
vt 0.669895 0.900654
vt 0.980492 0.900654
vt 0.980492 0.907446
vt 0.737159 0.900654
vt 0.754059 0.900654
vt 0.705016 0.900654
vt 0.720604 0.900654
vt 0.688603 0.900654
vt 0.926054 0.900654
vt 0.943315 0.949636
vt 0.943568 0.949636
vt 0.962425 0.949636
vt 0.962599 0.949636
vt 0.814982 0.949636
vt 0.815010 0.949636
vt 0.669895 0.932807
vt 0.669895 0.949636
vt 0.670133 0.949636
vt 0.653089 0.949636
vt 0.998308 0.949636
vt 0.857198 0.949636
vt 0.857282 0.949636
vt 0.839284 0.949636
vt 0.839401 0.949636
vt 0.893056 0.949636
vt 0.893383 0.949636
vt 0.874606 0.949636
vt 0.874788 0.949636
vt 0.926054 0.949636
vt 0.926148 0.949636
vt 0.909544 0.949636
vt 0.909588 0.949636
vt 0.980482 0.949636
vt 0.980492 0.949636
vt 0.773022 0.949636
vt 0.773304 0.949636
vt 0.754059 0.949636
vt 0.754352 0.949636
vt 0.737159 0.949636
vt 0.737202 0.949636
vt 0.790293 0.949636
vt 0.790357 0.949636
vt 0.720604 0.949636
vt 0.720725 0.949636
vt 0.705016 0.932807
vt 0.704913 0.949636
vt 0.705016 0.949636
vt 0.688603 0.932807
vt 0.688316 0.949636
vt 0.688603 0.949636
vt 0.962599 0.916817
vt 0.807796 0.916817
vt 0.822223 0.916817
vt 0.669895 0.924573
vt 0.839284 0.916817
vt 0.857282 0.916817
vt 0.874606 0.916817
vt 0.893383 0.916817
vt 0.909544 0.916817
vt 0.980492 0.916817
vt 0.773304 0.916817
vt 0.790293 0.916817
vt 0.705016 0.924573
vt 0.688603 0.924573
vt 0.807796 0.907446
vt 0.807796 0.900654
vt 0.822223 0.900654
vt 0.822223 0.907446
vt 0.839284 0.907446
vt 0.839284 0.900654
vt 0.857282 0.900654
vt 0.857282 0.907446
vt 0.874606 0.907446
vt 0.874606 0.900654
vt 0.893383 0.900654
vt 0.893383 0.907446
vt 0.909544 0.907446
vt 0.909544 0.900654
vt 0.773304 0.900654
vt 0.773304 0.907446
vt 0.790293 0.900654
vt 0.790293 0.907446
vt 0.952957 0.957235
vt 0.943568 0.957235
vt 0.807412 0.957235
vt 0.815010 0.957235
vt 0.661492 0.957235
vt 0.653089 0.957479
vt 0.998308 0.957479
vt 0.848283 0.957235
vt 0.839401 0.957235
vt 0.883995 0.957235
vt 0.874788 0.957235
vt 0.917799 0.957235
vt 0.909588 0.957235
vt 0.989400 0.957235
vt 0.980482 0.957235
vt 0.763682 0.957235
vt 0.754352 0.957235
vt 0.745609 0.957235
vt 0.737202 0.957235
vt 0.781798 0.957235
vt 0.773022 0.957235
vt 0.728881 0.957235
vt 0.720725 0.957235
vt 0.712810 0.957235
vt 0.704913 0.957235
vt 0.696810 0.957235
vt 0.688316 0.957235
vt 0.679249 0.957235
vt 0.670133 0.957235
vt 0.799045 0.957235
vt 0.790357 0.957235
vt 0.971545 0.957235
vt 0.962425 0.957235
vt 0.934685 0.957235
vt 0.926148 0.957235
vt 0.901464 0.957235
vt 0.893056 0.957235
vt 0.865944 0.957235
vt 0.857198 0.957235
vt 0.830754 0.957235
vt 0.822553 0.957235
vt 0.943568 0.964978
vt 0.952957 0.964978
vt 0.952957 0.971212
vt 0.943568 0.971212
vt 0.962425 0.964978
vt 0.962425 0.971212
vt 0.653089 0.965011
vt 0.998308 0.965011
vt 0.661492 0.964978
vt 0.661492 0.971212
vt 0.653089 0.971174
vt 0.998308 0.971174
vt 0.670133 0.964978
vt 0.670133 0.971212
vt 0.909588 0.964978
vt 0.917799 0.964978
vt 0.917799 0.971212
vt 0.909588 0.971212
vt 0.926148 0.964978
vt 0.926148 0.971212
vt 0.980482 0.964978
vt 0.989400 0.964978
vt 0.989400 0.971212
vt 0.980482 0.971212
vt 0.754352 0.964978
vt 0.763682 0.964978
vt 0.763682 0.971212
vt 0.754352 0.971212
vt 0.773022 0.964978
vt 0.773022 0.971212
vt 0.737202 0.964978
vt 0.745609 0.964978
vt 0.745609 0.971212
vt 0.737202 0.971212
vt 0.720725 0.964978
vt 0.728881 0.964978
vt 0.728881 0.971212
vt 0.720725 0.971212
vt 0.704913 0.964978
vt 0.712810 0.964978
vt 0.712810 0.971212
vt 0.704913 0.971212
vt 0.688316 0.964978
vt 0.696810 0.964978
vt 0.696810 0.971212
vt 0.688316 0.971212
vt 0.679249 0.964978
vt 0.679249 0.971212
vt 0.790357 0.964978
vt 0.799045 0.964978
vt 0.799045 0.971212
vt 0.790357 0.971212
vt 0.807412 0.964978
vt 0.807412 0.971212
vt 0.971545 0.964978
vt 0.971545 0.971212
vt 0.962425 0.986845
vt 0.952957 0.986845
vt 0.952957 0.980775
vt 0.962425 0.980775
vt 0.943568 0.986845
vt 0.943568 0.980775
vt 0.822553 0.971212
vt 0.822553 0.976001
vt 0.815010 0.976001
vt 0.815010 0.971212
vt 0.822553 0.980775
vt 0.815010 0.980775
vt 0.807412 0.980775
vt 0.807412 0.976001
vt 0.670133 0.986845
vt 0.661492 0.986845
vt 0.661492 0.980775
vt 0.670133 0.980775
vt 0.653089 0.986836
vt 0.998308 0.986836
vt 0.653089 0.980816
vt 0.998308 0.980816
vt 0.857198 0.971212
vt 0.857198 0.976001
vt 0.848283 0.976001
vt 0.848283 0.971212
vt 0.857198 0.980775
vt 0.848283 0.980775
vt 0.839401 0.980775
vt 0.839401 0.976001
vt 0.839401 0.971212
vt 0.893056 0.971212
vt 0.893056 0.976001
vt 0.883995 0.976001
vt 0.883995 0.971212
vt 0.893056 0.980775
vt 0.883995 0.980775
vt 0.874788 0.980775
vt 0.874788 0.976001
vt 0.874788 0.971212
vt 0.926148 0.976001
vt 0.917799 0.976001
vt 0.926148 0.980775
vt 0.917799 0.980775
vt 0.909588 0.980775
vt 0.909588 0.976001
vt 0.989400 0.986845
vt 0.989400 0.980775
vt 0.980482 0.986845
vt 0.980482 0.980775
vt 0.773022 0.986845
vt 0.763682 0.986845
vt 0.763682 0.980775
vt 0.773022 0.980775
vt 0.754352 0.986845
vt 0.754352 0.980775
vt 0.745609 0.986845
vt 0.745609 0.980775
vt 0.737202 0.986845
vt 0.737202 0.980775
vt 0.790357 0.976001
vt 0.781799 0.976001
vt 0.781798 0.971212
vt 0.790357 0.980775
vt 0.781798 0.980775
vt 0.773022 0.976001
vt 0.728881 0.986845
vt 0.728881 0.980775
vt 0.720725 0.986845
vt 0.720725 0.980775
vt 0.712810 0.986845
vt 0.712810 0.980775
vt 0.704913 0.986845
vt 0.704913 0.980775
vt 0.696810 0.986845
vt 0.696810 0.980775
vt 0.688316 0.986845
vt 0.688316 0.980775
vt 0.679249 0.986845
vt 0.679249 0.980775
vt 0.807412 0.986845
vt 0.799045 0.986845
vt 0.799045 0.980775
vt 0.790357 0.986845
vt 0.971545 0.986845
vt 0.971545 0.980775
vt 0.943568 0.976001
vt 0.934685 0.976001
vt 0.934685 0.971212
vt 0.934685 0.980775
vt 0.901464 0.976001
vt 0.901464 0.971212
vt 0.901464 0.980775
vt 0.865944 0.976001
vt 0.865944 0.971212
vt 0.865944 0.980775
vt 0.839401 0.986845
vt 0.830754 0.986845
vt 0.830754 0.980775
vt 0.822553 0.986845
vt 0.962425 0.993176
vt 0.952957 0.993176
vt 0.943568 0.993176
vt 0.822553 0.993176
vt 0.815010 0.993176
vt 0.815010 0.986845
vt 0.807412 0.993176
vt 0.670133 0.998243
vt 0.952960 0.849659
vt 0.661492 0.998243
vt 0.959464 0.848159
vt 0.661492 0.993176
vt 0.670133 0.993176
vt 0.653089 0.998243
vt 0.965558 0.845615
vt 0.998308 0.998243
vt 0.653089 0.993133
vt 0.998308 0.993133
vt 0.857198 0.993176
vt 0.848283 0.993176
vt 0.848283 0.986845
vt 0.857198 0.986845
vt 0.839401 0.993176
vt 0.893056 0.993176
vt 0.883995 0.993176
vt 0.883995 0.986845
vt 0.893056 0.986845
vt 0.874788 0.993176
vt 0.874788 0.986845
vt 0.926148 0.993176
vt 0.917799 0.993176
vt 0.917799 0.986845
vt 0.926148 0.986845
vt 0.909588 0.993176
vt 0.909588 0.986845
vt 0.971369 0.842083
vt 0.989400 0.998243
vt 0.989400 0.993176
vt 0.976635 0.837688
vt 0.980482 0.998243
vt 0.980482 0.993176
vt 0.773022 0.993176
vt 0.763682 0.993176
vt 0.754352 0.993176
vt 0.754352 0.998243
vt 0.904223 0.814748
vt 0.745609 0.998243
vt 0.905977 0.821456
vt 0.745609 0.993176
vt 0.737202 0.998243
vt 0.908752 0.827562
vt 0.737202 0.993176
vt 0.790357 0.993176
vt 0.781798 0.993176
vt 0.781798 0.986845
vt 0.728881 0.998243
vt 0.912317 0.833163
vt 0.728881 0.993176
vt 0.720725 0.998243
vt 0.916552 0.838070
vt 0.720725 0.993176
vt 0.712810 0.993176
vt 0.704913 0.993176
vt 0.704913 0.998243
vt 0.926663 0.845315
vt 0.696810 0.998243
vt 0.932506 0.847800
vt 0.696810 0.993176
vt 0.688316 0.998243
vt 0.938911 0.849424
vt 0.688316 0.993176
vt 0.679249 0.998243
vt 0.945919 0.850062
vt 0.679249 0.993176
vt 0.799045 0.993176
vt 0.971545 0.998243
vt 0.981095 0.832560
vt 0.971545 0.993176
vt 0.962425 0.998243
vt 0.984693 0.826618
vt 0.934685 0.993176
vt 0.934685 0.986845
vt 0.901464 0.993176
vt 0.901464 0.986845
vt 0.865944 0.993176
vt 0.865944 0.986845
vt 0.830754 0.993176
vt 0.952957 0.976001
vt 0.962425 0.976001
vt 0.653089 0.976001
vt 0.998308 0.976001
vt 0.661492 0.976001
vt 0.670133 0.976001
vt 0.980482 0.976001
vt 0.989400 0.976001
vt 0.754352 0.976001
vt 0.763682 0.976001
vt 0.737202 0.976001
vt 0.745609 0.976001
vt 0.720725 0.976001
vt 0.728881 0.976001
vt 0.704913 0.976001
vt 0.712810 0.976001
vt 0.688316 0.976001
vt 0.696810 0.976001
vt 0.679249 0.976001
vt 0.799045 0.976001
vt 0.971545 0.976001
vt 0.830754 0.976001
vt 0.830754 0.971212
vt 0.822553 0.964978
vt 0.815010 0.964978
vt 0.857198 0.964978
vt 0.848283 0.964978
vt 0.839401 0.964978
vt 0.893056 0.964978
vt 0.883995 0.964978
vt 0.874788 0.964978
vt 0.781798 0.964978
vt 0.934685 0.964978
vt 0.901464 0.964978
vt 0.865944 0.964978
vt 0.830754 0.964978
vt 0.952957 0.998243
vt 0.987372 0.819783
vt 0.943568 0.998243
vt 0.988988 0.812676
vt 0.822553 0.998243
vt 0.926166 0.768831
vt 0.815010 0.998243
vt 0.921086 0.771939
vt 0.807412 0.998243
vt 0.916558 0.775940
vt 0.857198 0.998243
vt 0.952818 0.764724
vt 0.848283 0.998243
vt 0.945866 0.764286
vt 0.839401 0.998243
vt 0.938904 0.764871
vt 0.893056 0.998243
vt 0.977232 0.777157
vt 0.883995 0.998243
vt 0.971888 0.772630
vt 0.874788 0.998243
vt 0.965828 0.768856
vt 0.926148 0.998243
vt 0.988732 0.799456
vt 0.917799 0.998243
vt 0.987140 0.793216
vt 0.909588 0.998243
vt 0.984687 0.787356
vt 0.773022 0.998243
vt 0.904318 0.799909
vt 0.763682 0.998243
vt 0.903725 0.807343
vt 0.790357 0.998243
vt 0.908413 0.786848
vt 0.781798 0.998243
vt 0.905840 0.793111
vt 0.712810 0.998243
vt 0.921340 0.842096
vt 0.799045 0.998243
vt 0.912160 0.781017
vt 0.934685 0.998243
vt 0.989394 0.805922
vt 0.901464 0.998243
vt 0.981441 0.782034
vt 0.865944 0.998243
vt 0.959471 0.766234
vt 0.830754 0.998243
vt 0.932222 0.766431
vt 0.952716 0.848079
vt 0.946375 0.807079
vt 0.964846 0.844186
vt 0.975512 0.836552
vt 0.905787 0.814463
vt 0.910148 0.826802
vt 0.917658 0.836920
vt 0.927394 0.843897
vt 0.939187 0.847853
vt 0.983269 0.825892
vt 0.987404 0.812469
vt 0.926918 0.770254
vt 0.917667 0.777097
vt 0.952577 0.766300
vt 0.939182 0.766442
vt 0.976084 0.778271
vt 0.965104 0.770279
vt 0.987157 0.799740
vt 0.983262 0.788090
vt 0.905880 0.800175
vt 0.909824 0.787599
vt 0.480386 0.900845
vt 0.489504 0.900845
vt 0.489504 0.938819
vt 0.556566 0.190577
vt 0.480386 0.938819
vt 0.543599 0.192155
vt 0.594870 0.227846
vt 0.595798 0.240418
vt 0.581719 0.233251
vt 0.589096 0.216727
vt 0.569238 0.223913
vt 0.580055 0.207565
vt 0.527891 0.341263
vt 0.514972 0.332680
vt 0.526599 0.307701
vt 0.541626 0.319493
vt 0.554263 0.250563
vt 0.539595 0.280062
vt 0.523494 0.268515
vt 0.539654 0.237777
vt 0.540573 0.351104
vt 0.552571 0.340598
vt 0.528639 0.355362
vt 0.518679 0.353970
vt 0.591112 0.260409
vt 0.569146 0.261997
vt 0.507272 0.349224
vt 0.580507 0.285186
vt 0.599730 0.241180
vt 0.594820 0.261523
vt 0.556920 0.213434
vt 0.568912 0.201285
vt 0.502051 0.324064
vt 0.510898 0.297595
vt 0.497854 0.341424
vt 0.517891 0.357515
vt 0.505399 0.352407
vt 0.570146 0.197636
vt 0.582377 0.204630
vt 0.517415 0.232182
vt 0.531300 0.210235
vt 0.583959 0.286548
vt 0.570869 0.308259
vt 0.555081 0.292997
vt 0.574085 0.309852
vt 0.561625 0.327258
vt 0.564506 0.329264
vt 0.495908 0.280479
vt 0.505619 0.258443
vt 0.554921 0.343257
vt 0.489927 0.297812
vt 0.487802 0.315905
vt 0.484150 0.315050
vt 0.486452 0.296794
vt 0.545188 0.199699
vt 0.555543 0.198344
vt 0.490712 0.329490
vt 0.495065 0.343892
vt 0.487186 0.330406
vt 0.404550 0.900845
vt 0.404550 0.938819
vt 0.489603 0.278800
vt 0.391173 0.938819
vt 0.483304 0.296945
vt 0.391173 0.900845
vt 0.534325 0.900845
vt 0.534325 0.938819
vt 0.602486 0.225813
vt 0.523473 0.938819
vt 0.595560 0.212564
vt 0.523473 0.900845
vt 0.377944 0.900845
vt 0.377944 0.938819
vt 0.480957 0.315804
vt 0.365957 0.938819
vt 0.484225 0.332198
vt 0.365957 0.900845
vt 0.543880 0.900845
vt 0.543880 0.938819
vt 0.603466 0.240739
vt 0.466047 0.938819
vt 0.527364 0.204201
vt 0.466047 0.900845
vt 0.511718 0.938819
vt 0.585048 0.201759
vt 0.511718 0.900845
vt 0.353750 0.900845
vt 0.353750 0.938819
vt 0.492572 0.346469
vt 0.343349 0.938819
vt 0.503572 0.355390
vt 0.343349 0.900845
vt 0.445395 0.938819
vt 0.512007 0.227922
vt 0.445395 0.900845
vt 0.422955 0.938819
vt 0.499619 0.255582
vt 0.422955 0.900845
vt 0.635497 0.900845
vt 0.542631 0.357311
vt 0.635497 0.938819
vt 0.556233 0.345858
vt 0.623252 0.938819
vt 0.623252 0.900845
vt 0.500506 0.900845
vt 0.500506 0.938819
vt 0.572101 0.194207
vt 0.326036 0.938819
vt 0.528303 0.362200
vt 0.645345 0.938819
vt 0.326036 0.900845
vt 0.645345 0.900845
vt 0.333462 0.900845
vt 0.333462 0.938819
vt 0.516851 0.360682
vt 0.557543 0.900845
vt 0.557543 0.938819
vt 0.598366 0.261757
vt 0.575576 0.900845
vt 0.575576 0.938819
vt 0.587052 0.287250
vt 0.593409 0.900845
vt 0.576740 0.311004
vt 0.593409 0.938819
vt 0.610143 0.900845
vt 0.566654 0.331044
vt 0.610143 0.938819
vt 0.555491 0.194333
vt 0.543805 0.195922
vt 0.492605 0.279282
vt 0.598805 0.227273
vt 0.592305 0.214771
vt 0.528996 0.207172
vt 0.514510 0.229931
vt 0.502467 0.256766
vt 0.542246 0.354244
vt 0.528793 0.358992
vt 0.388951 0.887451
vt 0.981247 0.875686
vt 0.397209 0.882770
vt 0.977013 0.875686
vt 0.977013 0.895059
vt 0.981247 0.895059
vt 0.343328 0.867176
vt 0.903824 0.875686
vt 0.347713 0.875189
vt 0.899527 0.875686
vt 0.899527 0.895059
vt 0.903824 0.895059
vt 0.381477 0.819554
vt 0.938447 0.875686
vt 0.371330 0.819448
vt 0.934420 0.875686
vt 0.934420 0.895059
vt 0.938447 0.895059
vt 0.362678 0.821506
vt 0.929796 0.875686
vt 0.354750 0.826135
vt 0.925283 0.875686
vt 0.925283 0.895059
vt 0.929796 0.895059
vt 0.348255 0.832404
vt 0.921162 0.875686
vt 0.343763 0.840406
vt 0.917033 0.875686
vt 0.917033 0.895059
vt 0.921162 0.895059
vt 0.408800 0.841326
vt 0.955401 0.875686
vt 0.404412 0.833597
vt 0.950757 0.875686
vt 0.950757 0.895059
vt 0.955401 0.895059
vt 0.398533 0.827132
vt 0.946629 0.875686
vt 0.390945 0.822557
vt 0.942576 0.875686
vt 0.942576 0.895059
vt 0.946629 0.895059
vt 0.410854 0.859638
vt 0.964291 0.875686
vt 0.410800 0.849735
vt 0.960145 0.875686
vt 0.960145 0.895059
vt 0.964291 0.895059
vt 0.370293 0.889604
vt 0.989745 0.875686
vt 0.379506 0.889623
vt 0.985594 0.875686
vt 0.985594 0.895059
vt 0.989745 0.895059
vt 0.341313 0.849149
vt 0.912631 0.875686
vt 0.341369 0.858479
vt 0.908114 0.875686
vt 0.908114 0.895059
vt 0.912631 0.895059
vt 0.403570 0.876526
vt 0.972736 0.875686
vt 0.408136 0.868930
vt 0.968549 0.875686
vt 0.968549 0.895059
vt 0.972736 0.895059
vt 0.353768 0.881816
vt 0.895265 0.875686
vt 0.998142 0.875686
vt 0.361567 0.886604
vt 0.993980 0.875686
vt 0.993980 0.895059
vt 0.895265 0.895059
vt 0.998142 0.895059
vt 0.385903 0.879763
vt 0.392074 0.876265
vt 0.378756 0.881412
vt 0.371639 0.881454
vt 0.364928 0.879113
vt 0.358985 0.875466
vt 0.354433 0.870460
vt 0.351119 0.864455
vt 0.349599 0.857777
vt 0.349486 0.850562
vt 0.351452 0.843786
vt 0.354859 0.837704
vt 0.359745 0.832992
vt 0.365688 0.829517
vt 0.372362 0.827949
vt 0.380127 0.827972
vt 0.387391 0.830321
vt 0.393240 0.833809
vt 0.397678 0.838690
vt 0.400978 0.844512
vt 0.402493 0.851017
vt 0.402572 0.858601
vt 0.400418 0.865713
vt 0.396928 0.871569
vt 0.375969 0.854651
vt 0.369889 0.801670
vt 0.377425 0.803684
vt 0.377137 0.806383
vt 0.892312 0.851819
vt 0.368855 0.804176
vt 0.896217 0.851819
vt 0.362879 0.797602
vt 0.361239 0.799691
vt 0.900229 0.851819
vt 0.353745 0.784855
vt 0.357397 0.791887
vt 0.355272 0.793388
vt 0.904087 0.851819
vt 0.351196 0.785702
vt 0.907950 0.851819
vt 0.349518 0.777499
vt 0.819889 0.851819
vt 0.911742 0.851819
vt 0.352175 0.777328
vt 0.352567 0.769916
vt 0.349885 0.769400
vt 0.823586 0.851819
vt 0.354587 0.762651
vt 0.352162 0.761451
vt 0.827350 0.851819
vt 0.358362 0.756129
vt 0.356314 0.754443
vt 0.831047 0.851819
vt 0.370936 0.746544
vt 0.363996 0.750461
vt 0.362487 0.748322
vt 0.834933 0.851819
vt 0.370009 0.743985
vt 0.838806 0.851819
vt 0.378156 0.742006
vt 0.842612 0.851819
vt 0.378403 0.744715
vt 0.386294 0.742160
vt 0.846333 0.851819
vt 0.385457 0.744915
vt 0.392780 0.746786
vt 0.394321 0.744256
vt 0.850117 0.851819
vt 0.399693 0.750499
vt 0.401350 0.748339
vt 0.853805 0.851819
vt 0.409762 0.764308
vt 0.405720 0.756678
vt 0.407875 0.755102
vt 0.858034 0.851819
vt 0.412352 0.763390
vt 0.862264 0.851819
vt 0.414082 0.771310
vt 0.865931 0.851819
vt 0.411366 0.771606
vt 0.413688 0.779185
vt 0.869525 0.851819
vt 0.410942 0.778817
vt 0.409063 0.785913
vt 0.411612 0.786932
vt 0.873187 0.851819
vt 0.405438 0.792263
vt 0.407656 0.793778
vt 0.876762 0.851819
vt 0.392104 0.802272
vt 0.399476 0.798231
vt 0.401141 0.800269
vt 0.880886 0.851819
vt 0.393102 0.804797
vt 0.884991 0.851819
vt 0.385176 0.806558
vt 0.888651 0.851819
vt 0.384802 0.803875
vt 0.892312 0.870885
vt 0.896217 0.870885
vt 0.823586 0.870885
vt 0.827350 0.870885
vt 0.846333 0.870885
vt 0.850117 0.870885
vt 0.838806 0.870885
vt 0.842612 0.870885
vt 0.869525 0.870885
vt 0.873187 0.870885
vt 0.862264 0.870885
vt 0.865931 0.870885
vt 0.884991 0.870885
vt 0.888651 0.870885
vt 0.907950 0.870885
vt 0.819889 0.870885
vt 0.911742 0.870885
vt 0.900229 0.870885
vt 0.904087 0.870885
vt 0.831047 0.870885
vt 0.834933 0.870885
vt 0.853805 0.870885
vt 0.858034 0.870885
vt 0.876762 0.870885
vt 0.880886 0.870885
vt 0.381268 0.774270
vt 0.481704 0.271584
vt 0.481704 0.271584
vt 0.860328 0.812294
vt 0.475930 0.299272
vt 0.475930 0.299272
vt 0.881240 0.793172
vt 0.881240 0.793172
vt 0.458672 0.264812
vt 0.458672 0.264812
vt 0.458672 0.264812
vt 0.466948 0.326391
vt 0.900088 0.772605
vt 0.466948 0.326391
vt 0.900088 0.772605
vt 0.452727 0.354699
vt 0.919085 0.748611
vt 0.452727 0.354699
vt 0.919085 0.748611
vt 0.452727 0.354699
vt 0.446210 0.316254
vt 0.446210 0.316254
vt 0.935746 0.723787
vt 0.436822 0.382661
vt 0.416815 0.406591
vt 0.950213 0.699584
vt 0.403931 0.386241
vt 0.403931 0.386241
vt 0.403931 0.386241
vt 0.421337 0.365068
vt 0.421337 0.365068
vt 0.421337 0.365068
vt 0.392631 0.429476
vt 0.392631 0.429476
vt 0.963000 0.673542
vt 0.392631 0.429476
vt 0.963000 0.673542
vt 0.354160 0.443141
vt 0.354160 0.443141
vt 0.354160 0.443141
vt 0.354160 0.443141
vt 0.385179 0.406263
vt 0.385179 0.406263
vt 0.385179 0.406263
vt 0.282850 0.486157
vt 0.282850 0.486157
vt 0.282850 0.486157
vt 0.282850 0.486157
vt 0.300754 0.469543
vt 0.300754 0.469543
vt 0.312435 0.478777
vt 0.312435 0.478777
vt 0.299618 0.492459
vt 0.299618 0.492459
vt 0.261537 0.485278
vt 0.261537 0.485278
vt 0.261537 0.485278
vt 0.261537 0.485278
vt 0.267235 0.454346
vt 0.267235 0.454346
vt 0.267235 0.454346
vt 0.288936 0.451012
vt 0.288936 0.451012
vt 0.288936 0.451012
vt 0.207924 0.481520
vt 0.207924 0.481520
vt 0.172376 0.475240
vt 0.172376 0.475240
vt 0.175443 0.444890
vt 0.175443 0.444890
vt 0.212352 0.453319
vt 0.212352 0.453319
vt 0.212352 0.453319
vt 0.212352 0.453319
vt 0.129854 0.447514
vt 0.129854 0.447514
vt 0.098667 0.430187
vt 0.107666 0.405885
vt 0.107666 0.405885
vt 0.135044 0.425181
vt 0.135044 0.425181
vt 0.069422 0.408813
vt 0.069422 0.408813
vt 0.069422 0.408813
vt 0.059055 0.368376
vt 0.059055 0.368376
vt 0.085101 0.385070
vt 0.085101 0.385070
vt 0.085101 0.385070
vt 0.021783 0.350754
vt 0.021783 0.350754
vt 0.428469 0.423402
vt 0.014090 0.321621
vt 0.416469 0.442560
vt 0.014090 0.321621
vt 0.416469 0.442560
vt 0.027909 0.316374
vt 0.027909 0.316374
vt 0.035746 0.344084
vt 0.035746 0.344084
vt 0.007785 0.287500
vt 0.007785 0.287500
vt 0.405754 0.467443
vt 0.004600 0.252436
vt 0.004600 0.252436
vt 0.397467 0.494308
vt 0.004600 0.252436
vt 0.397467 0.494308
vt 0.397467 0.494308
vt 0.020056 0.284679
vt 0.020056 0.284679
vt 0.005605 0.218290
vt 0.005605 0.218290
vt 0.391165 0.521974
vt 0.011316 0.185689
vt 0.386433 0.549806
vt 0.386433 0.549806
vt 0.031129 0.219971
vt 0.031129 0.219971
vt 0.031129 0.219971
vt 0.031129 0.219971
vt 0.020542 0.153836
vt 0.383696 0.578446
vt 0.383696 0.578446
vt 0.035067 0.122862
vt 0.382897 0.608038
vt 0.035067 0.122862
vt 0.057860 0.136511
vt 0.057860 0.136511
vt 0.057860 0.136511
vt 0.057860 0.136511
vt 0.044463 0.164397
vt 0.044463 0.164397
vt 0.384627 0.638343
vt 0.054431 0.094341
vt 0.384627 0.638343
vt 0.388732 0.667353
vt 0.075895 0.069875
vt 0.093624 0.090074
vt 0.093624 0.090074
vt 0.073806 0.111886
vt 0.073806 0.111886
vt 0.073806 0.111886
vt 0.073806 0.111886
vt 0.073806 0.111886
vt 0.100918 0.048783
vt 0.394871 0.696816
vt 0.394871 0.696816
vt 0.100918 0.048783
vt 0.404150 0.724411
vt 0.126710 0.032093
vt 0.140360 0.055638
vt 0.140360 0.055638
vt 0.140360 0.055638
vt 0.115818 0.070747
vt 0.115818 0.070747
vt 0.154613 0.019822
vt 0.415954 0.751886
vt 0.154613 0.019822
vt 0.415954 0.751886
vt 0.185416 0.009986
vt 0.432784 0.779891
vt 0.185416 0.009986
vt 0.192873 0.034831
vt 0.192873 0.034831
vt 0.192873 0.034831
vt 0.165843 0.043330
vt 0.165843 0.043330
vt 0.165843 0.043330
vt 0.217059 0.005002
vt 0.452358 0.807016
vt 0.217059 0.005002
vt 0.452358 0.807016
vt 0.476993 0.830190
vt 0.248781 0.003584
vt 0.249044 0.029934
vt 0.249044 0.029934
vt 0.249044 0.029934
vt 0.249044 0.029934
vt 0.221098 0.029979
vt 0.221098 0.029979
vt 0.221098 0.029979
vt 0.221098 0.029979
vt 0.280188 0.006659
vt 0.503732 0.851561
vt 0.533686 0.867413
vt 0.310627 0.012480
vt 0.303672 0.038132
vt 0.303672 0.038132
vt 0.303672 0.038132
vt 0.276886 0.031849
vt 0.276886 0.031849
vt 0.276886 0.031849
vt 0.564953 0.880508
vt 0.339854 0.023303
vt 0.564953 0.880508
vt 0.597787 0.887659
vt 0.367757 0.037253
vt 0.367757 0.037253
vt 0.367757 0.037253
vt 0.354218 0.058918
vt 0.354218 0.058918
vt 0.354218 0.058918
vt 0.329808 0.046559
vt 0.329808 0.046559
vt 0.393095 0.055737
vt 0.393095 0.055737
vt 0.630878 0.892270
vt 0.630878 0.892270
vt 0.663226 0.891417
vt 0.663226 0.891417
vt 0.415883 0.076236
vt 0.397746 0.092499
vt 0.397746 0.092499
vt 0.397746 0.092499
vt 0.397746 0.092499
vt 0.377396 0.073991
vt 0.377396 0.073991
vt 0.377396 0.073991
vt 0.695018 0.888446
vt 0.435830 0.099760
vt 0.435830 0.099760
vt 0.695018 0.888446
vt 0.725471 0.881320
vt 0.453103 0.124577
vt 0.725471 0.881320
vt 0.430101 0.134829
vt 0.430101 0.134829
vt 0.430101 0.134829
vt 0.415778 0.112688
vt 0.415778 0.112688
vt 0.754919 0.872550
vt 0.466512 0.152062
vt 0.476353 0.180664
vt 0.783249 0.860746
vt 0.476353 0.180664
vt 0.783249 0.860746
vt 0.451263 0.185024
vt 0.451263 0.185024
vt 0.451263 0.185024
vt 0.451263 0.185024
vt 0.443045 0.159270
vt 0.443045 0.159270
vt 0.443045 0.159270
vt 0.481804 0.210749
vt 0.481804 0.210749
vt 0.810264 0.847337
vt 0.483581 0.240977
vt 0.836329 0.831047
vt 0.483581 0.240977
vt 0.483581 0.240977
vt 0.836329 0.831047
vt 0.457918 0.211068
vt 0.457918 0.211068
vt 0.434542 0.262639
vt 0.434542 0.262639
vt 0.434542 0.262639
vt 0.425996 0.308941
vt 0.403969 0.349995
vt 0.403969 0.349995
vt 0.403969 0.349995
vt 0.371364 0.385314
vt 0.371364 0.385314
vt 0.371364 0.385314
vt 0.342482 0.420308
vt 0.342482 0.420308
vt 0.342482 0.420308
vt 0.336072 0.409702
vt 0.336072 0.409702
vt 0.336072 0.409702
vt 0.336072 0.409702
vt 0.318132 0.434217
vt 0.318132 0.434217
vt 0.312027 0.418472
vt 0.245638 0.456106
vt 0.245638 0.456106
vt 0.245638 0.456106
vt 0.248852 0.433183
vt 0.248852 0.433183
vt 0.268911 0.430121
vt 0.268911 0.430121
vt 0.216197 0.431684
vt 0.216197 0.431684
vt 0.216197 0.431684
vt 0.179962 0.423130
vt 0.179962 0.423130
vt 0.179962 0.423130
vt 0.138577 0.413359
vt 0.138577 0.413359
vt 0.142650 0.402603
vt 0.113460 0.395605
vt 0.113460 0.395605
vt 0.119825 0.385715
vt 0.101463 0.369081
vt 0.101463 0.369081
vt 0.101463 0.369081
vt 0.091982 0.377318
vt 0.073341 0.357856
vt 0.086267 0.348212
vt 0.086267 0.348212
vt 0.072333 0.325953
vt 0.072333 0.325953
vt 0.072333 0.325953
vt 0.072333 0.325953
vt 0.052767 0.338664
vt 0.052767 0.338664
vt 0.041565 0.311273
vt 0.041565 0.311273
vt 0.041565 0.311273
vt 0.063716 0.301277
vt 0.063716 0.301277
vt 0.056464 0.276233
vt 0.056464 0.276233
vt 0.033411 0.282452
vt 0.033411 0.282452
vt 0.033411 0.282452
vt 0.030234 0.253170
vt 0.030234 0.253170
vt 0.053801 0.249950
vt 0.053801 0.249950
vt 0.054156 0.222109
vt 0.054156 0.222109
vt 0.064857 0.170505
vt 0.064857 0.170505
vt 0.077761 0.146658
vt 0.077761 0.146658
vt 0.077761 0.146658
vt 0.077761 0.146658
vt 0.092426 0.125362
vt 0.092426 0.125362
vt 0.092426 0.125362
vt 0.109508 0.106956
vt 0.109508 0.106956
vt 0.109508 0.106956
vt 0.151307 0.076940
vt 0.151307 0.076940
vt 0.151307 0.076940
vt 0.128214 0.090075
vt 0.128214 0.090075
vt 0.128214 0.090075
vt 0.174218 0.067043
vt 0.174218 0.067043
vt 0.174218 0.067043
vt 0.199070 0.059926
vt 0.199070 0.059926
vt 0.199070 0.059926
vt 0.224423 0.055799
vt 0.224423 0.055799
vt 0.224423 0.055799
vt 0.224423 0.055799
vt 0.249321 0.055052
vt 0.249321 0.055052
vt 0.274212 0.056475
vt 0.274212 0.056475
vt 0.274212 0.056475
vt 0.297609 0.060944
vt 0.297609 0.060944
vt 0.297609 0.060944
vt 0.321259 0.068793
vt 0.321259 0.068793
vt 0.342214 0.079516
vt 0.342214 0.079516
vt 0.342214 0.079516
vt 0.342214 0.079516
vt 0.362428 0.092270
vt 0.362428 0.092270
vt 0.380746 0.108686
vt 0.380746 0.108686
vt 0.380746 0.108686
vt 0.380746 0.108686
vt 0.397254 0.126594
vt 0.397254 0.126594
vt 0.409881 0.145246
vt 0.409881 0.145246
vt 0.409881 0.145246
vt 0.434374 0.213883
vt 0.428267 0.190580
vt 0.428267 0.190580
vt 0.415486 0.305720
vt 0.415486 0.305720
vt 0.421996 0.280358
vt 0.421996 0.280358
vt 0.358248 0.370787
vt 0.358248 0.370787
vt 0.382939 0.354970
vt 0.402969 0.330303
vt 0.402969 0.330303
vt 0.331539 0.375644
vt 0.331539 0.375644
vt 0.331092 0.399752
vt 0.331092 0.399752
vt 0.331092 0.399752
vt 0.421997 0.251541
vt 0.421997 0.251541
vt 0.421997 0.251541
vt 0.430676 0.215751
vt 0.430676 0.215751
vt 0.430676 0.215751
vt 0.420643 0.167059
vt 0.420643 0.167059
vt 0.420643 0.167059
vt 0.415299 0.169130
vt 0.415299 0.169130
vt 0.405895 0.150968
vt 0.405895 0.150968
vt 0.186749 0.311792
vt 0.186749 0.311792
vt 0.208763 0.301412
vt 0.214057 0.311039
vt 0.187445 0.322828
vt 0.187445 0.322828
vt 0.187445 0.322828
vt 0.182473 0.230848
vt 0.182473 0.230848
vt 0.182473 0.230848
vt 0.196448 0.220214
vt 0.196448 0.220214
vt 0.196448 0.220214
vt 0.227771 0.248563
vt 0.227771 0.248563
vt 0.227771 0.248563
vt 0.219522 0.254327
vt 0.287735 0.426647
vt 0.287735 0.426647
vt 0.285322 0.408605
vt 0.285322 0.408605
vt 0.285322 0.408605
vt 0.285322 0.408605
vt 0.250315 0.412642
vt 0.250315 0.412642
vt 0.220117 0.411042
vt 0.220117 0.411042
vt 0.220117 0.411042
vt 0.220117 0.411042
vt 0.188254 0.401548
vt 0.188254 0.401548
vt 0.154161 0.382881
vt 0.107156 0.338062
vt 0.107156 0.338062
vt 0.107156 0.338062
vt 0.107156 0.338062
vt 0.122601 0.357619
vt 0.122601 0.357619
vt 0.091830 0.308474
vt 0.091830 0.308474
vt 0.083020 0.273481
vt 0.081338 0.223024
vt 0.081338 0.223024
vt 0.089595 0.179077
vt 0.089595 0.179077
vt 0.110811 0.139066
vt 0.110811 0.139066
vt 0.110811 0.139066
vt 0.142873 0.109469
vt 0.142873 0.109469
vt 0.142873 0.109469
vt 0.178765 0.088736
vt 0.178765 0.088736
vt 0.178765 0.088736
vt 0.178765 0.088736
vt 0.225900 0.075273
vt 0.225900 0.075273
vt 0.225900 0.075273
vt 0.274648 0.074562
vt 0.274648 0.074562
vt 0.315562 0.084652
vt 0.315562 0.084652
vt 0.315562 0.084652
vt 0.355233 0.103983
vt 0.355233 0.103983
vt 0.390859 0.131125
vt 0.390859 0.131125
vt 0.390859 0.131125
vt 0.390859 0.131125
vt 0.181304 0.341360
vt 0.181304 0.341360
vt 0.181304 0.341360
vt 0.192144 0.388008
vt 0.192144 0.388008
vt 0.192144 0.388008
vt 0.175057 0.348953
vt 0.108812 0.307534
vt 0.108812 0.307534
vt 0.107907 0.317627
vt 0.109284 0.327358
vt 0.109284 0.327358
vt 0.112778 0.336494
vt 0.112778 0.336494
vt 0.112778 0.336494
vt 0.118659 0.344943
vt 0.118659 0.344943
vt 0.126295 0.351744
vt 0.126295 0.351744
vt 0.136082 0.356410
vt 0.136082 0.356410
vt 0.146318 0.358452
vt 0.113027 0.297952
vt 0.113027 0.297952
vt 0.115021 0.167063
vt 0.115021 0.167063
vt 0.131752 0.132029
vt 0.131752 0.132029
vt 0.124776 0.152822
vt 0.124776 0.152822
vt 0.165467 0.138153
vt 0.165467 0.138153
vt 0.152473 0.138724
vt 0.152473 0.138724
vt 0.152473 0.138724
vt 0.149059 0.125667
vt 0.149059 0.125667
vt 0.172165 0.120173
vt 0.101282 0.246820
vt 0.101282 0.246820
vt 0.101282 0.246820
vt 0.151454 0.235937
vt 0.151454 0.235937
vt 0.145526 0.279569
vt 0.136658 0.232018
vt 0.136658 0.232018
vt 0.203258 0.162058
vt 0.203258 0.162058
vt 0.250159 0.182987
vt 0.250159 0.182987
vt 0.208629 0.177843
vt 0.208629 0.177843
vt 0.204490 0.207295
vt 0.204490 0.207295
vt 0.209013 0.192736
vt 0.209013 0.192736
vt 0.209013 0.192736
vt 0.247499 0.194212
vt 0.247475 0.205347
vt 0.247475 0.205347
vt 0.368061 0.211720
vt 0.368061 0.211720
vt 0.333135 0.194315
vt 0.333135 0.194315
vt 0.374470 0.175067
vt 0.156902 0.357955
vt 0.156902 0.357955
vt 0.166577 0.354430
vt 0.166577 0.354430
vt 0.166577 0.354430
vt 0.167424 0.235876
vt 0.208488 0.270767
vt 0.167867 0.285747
vt 0.167867 0.285747
vt 0.167867 0.285747
vt 0.212802 0.261853
vt 0.212802 0.261853
vt 0.236910 0.244959
vt 0.236910 0.244959
vt 0.250744 0.215849
vt 0.205830 0.280352
vt 0.176251 0.292108
vt 0.110442 0.181498
vt 0.110442 0.181498
vt 0.110628 0.196466
vt 0.412191 0.304873
vt 0.412191 0.304873
vt 0.412191 0.304873
vt 0.418282 0.281122
vt 0.358594 0.365813
vt 0.358594 0.365813
vt 0.381729 0.351007
vt 0.381729 0.351007
vt 0.400485 0.327897
vt 0.333656 0.370435
vt 0.333656 0.370435
vt 0.309090 0.360731
vt 0.309090 0.360731
vt 0.312631 0.356530
vt 0.312631 0.356530
vt 0.411971 0.224995
vt 0.418323 0.254123
vt 0.408971 0.229256
vt 0.408971 0.229256
vt 0.393321 0.211751
vt 0.391546 0.216891
vt 0.367855 0.216910
vt 0.304286 0.306913
vt 0.304286 0.306913
vt 0.314527 0.275913
vt 0.317625 0.277025
vt 0.317625 0.277025
vt 0.307996 0.305916
vt 0.307996 0.305916
vt 0.301209 0.335910
vt 0.301209 0.335910
vt 0.305289 0.333037
vt 0.326096 0.251319
vt 0.346924 0.226059
vt 0.346924 0.226059
vt 0.347876 0.230342
vt 0.328525 0.253847
vt 0.328525 0.253847
vt 0.386182 0.305978
vt 0.386182 0.305978
vt 0.343241 0.328901
vt 0.382624 0.256538
vt 0.382624 0.256538
vt 0.382624 0.256538
vt 0.342046 0.277845
vt 0.342046 0.277845
vt 0.240484 0.483758
vt 0.256621 0.509532
vt 0.256621 0.509532
vt 0.256621 0.509532
vt 0.236263 0.508635
vt 0.236263 0.508635
vt 0.204315 0.506117
vt 0.204315 0.506117
vt 0.204315 0.506117
vt 0.126960 0.465559
vt 0.126960 0.465559
vt 0.126960 0.465559
vt 0.094436 0.455267
vt 0.067122 0.442633
vt 0.067122 0.442633
vt 0.067122 0.442633
vt 0.067122 0.442633
vt 0.851453 0.797157
vt 0.851453 0.797157
vt 0.851453 0.797157
vt 0.871220 0.778982
vt 0.871220 0.778982
vt 0.871220 0.778982
vt 0.890161 0.759897
vt 0.890161 0.759897
vt 0.907868 0.736050
vt 0.907868 0.736050
vt 0.924701 0.711993
vt 0.924701 0.711993
vt 0.939239 0.689005
vt 0.939239 0.689005
vt 0.953437 0.666241
vt 0.953437 0.666241
vt 0.953437 0.666241
vt 0.963288 0.632578
vt 0.963288 0.632578
vt 0.358822 0.456554
vt 0.974728 0.638044
vt 0.974728 0.638044
vt 0.430303 0.471866
vt 0.430303 0.471866
vt 0.413688 0.523197
vt 0.413688 0.523197
vt 0.405243 0.574670
vt 0.405243 0.574670
vt 0.409293 0.548819
vt 0.405767 0.632068
vt 0.411741 0.689232
vt 0.411741 0.689232
vt 0.433001 0.743208
vt 0.433001 0.743208
vt 0.433001 0.743208
vt 0.433001 0.743208
vt 0.466753 0.793980
vt 0.466753 0.793980
vt 0.514460 0.836202
vt 0.514460 0.836202
vt 0.632622 0.873978
vt 0.632622 0.873978
vt 0.570871 0.863091
vt 0.570871 0.863091
vt 0.570871 0.863091
vt 0.570871 0.863091
vt 0.695351 0.870239
vt 0.695351 0.870239
vt 0.753665 0.854219
vt 0.753665 0.854219
vt 0.753665 0.854219
vt 0.804728 0.830145
vt 0.804728 0.830145
vt 0.828548 0.814225
vt 0.828548 0.814225
vt 0.859200 0.713286
vt 0.859200 0.713286
vt 0.842984 0.735489
vt 0.842984 0.735489
vt 0.842984 0.735489
vt 0.823802 0.708629
vt 0.823802 0.708629
vt 0.838801 0.687221
vt 0.887515 0.667348
vt 0.887515 0.667348
vt 0.873612 0.690520
vt 0.852400 0.663593
vt 0.865624 0.638095
vt 0.865624 0.638095
vt 0.839309 0.605230
vt 0.871796 0.600571
vt 0.871796 0.600571
vt 0.491723 0.471124
vt 0.491723 0.471124
vt 0.488473 0.428228
vt 0.488473 0.428228
vt 0.488473 0.428228
vt 0.524998 0.421882
vt 0.524998 0.421882
vt 0.526421 0.469632
vt 0.526421 0.469632
vt 0.526421 0.469632
vt 0.483502 0.520726
vt 0.483502 0.520726
vt 0.483502 0.520726
vt 0.513731 0.520781
vt 0.513731 0.520781
vt 0.543636 0.521350
vt 0.538453 0.549331
vt 0.538453 0.549331
vt 0.507674 0.549518
vt 0.513286 0.578511
vt 0.513286 0.578511
vt 0.490263 0.626042
vt 0.490263 0.626042
vt 0.461611 0.624790
vt 0.461611 0.624790
vt 0.470672 0.574514
vt 0.470672 0.574514
vt 0.460398 0.671067
vt 0.460398 0.671067
vt 0.460398 0.671067
vt 0.498786 0.676336
vt 0.498786 0.676336
vt 0.494664 0.715983
vt 0.475714 0.721132
vt 0.475714 0.721132
vt 0.475714 0.721132
vt 0.475714 0.721132
vt 0.498395 0.762520
vt 0.498395 0.762520
vt 0.498395 0.762520
vt 0.513012 0.746229
vt 0.513012 0.746229
vt 0.526774 0.770316
vt 0.526774 0.770316
vt 0.539442 0.800945
vt 0.539442 0.800945
vt 0.539442 0.800945
vt 0.546765 0.789770
vt 0.546765 0.789770
vt 0.587629 0.823203
vt 0.587629 0.823203
vt 0.573523 0.801362
vt 0.573523 0.801362
vt 0.573523 0.801362
vt 0.638054 0.829224
vt 0.638054 0.829224
vt 0.638054 0.829224
vt 0.638054 0.829224
vt 0.638054 0.829224
vt 0.636427 0.814480
vt 0.636427 0.814480
vt 0.695544 0.822485
vt 0.695544 0.822485
vt 0.695544 0.822485
vt 0.695544 0.822485
vt 0.681958 0.808929
vt 0.681958 0.808929
vt 0.743408 0.807632
vt 0.743408 0.807632
vt 0.725990 0.777563
vt 0.725990 0.777563
vt 0.788439 0.783291
vt 0.788439 0.783291
vt 0.788439 0.783291
vt 0.788439 0.783291
vt 0.772337 0.761434
vt 0.772337 0.761434
vt 0.824281 0.755594
vt 0.824281 0.755594
vt 0.824281 0.755594
vt 0.807123 0.770389
vt 0.807123 0.770389
vt 0.807123 0.770389
vt 0.790173 0.744950
vt 0.790173 0.744950
vt 0.806726 0.728616
vt 0.529075 0.768993
vt 0.529075 0.768993
vt 0.548424 0.787605
vt 0.548424 0.787605
vt 0.515833 0.745393
vt 0.515833 0.745393
vt 0.515833 0.745393
vt 0.515833 0.745393
vt 0.541878 0.611687
vt 0.541878 0.611687
vt 0.541878 0.611687
vt 0.535502 0.634573
vt 0.535502 0.634573
vt 0.516177 0.642404
vt 0.516177 0.642404
vt 0.516177 0.642404
vt 0.574118 0.798626
vt 0.574118 0.798626
vt 0.574118 0.798626
vt 0.601724 0.800995
vt 0.601724 0.800995
vt 0.601724 0.800995
vt 0.602470 0.804386
vt 0.602470 0.804386
vt 0.602470 0.804386
vt 0.602470 0.804386
vt 0.710037 0.736380
vt 0.710037 0.736380
vt 0.686083 0.748127
vt 0.686083 0.748127
vt 0.686083 0.748127
vt 0.694028 0.733722
vt 0.694028 0.733722
vt 0.630753 0.798296
vt 0.630753 0.798296
vt 0.656483 0.782595
vt 0.656483 0.782595
vt 0.668464 0.795650
vt 0.513884 0.684846
vt 0.513884 0.684846
vt 0.513884 0.684846
vt 0.513884 0.684846
vt 0.509934 0.715097
vt 0.509934 0.715097
vt 0.509934 0.715097
vt 0.509934 0.715097
vt 0.506301 0.714999
vt 0.510422 0.682754
vt 0.510422 0.682754
vt 0.676322 0.761680
vt 0.676322 0.761680
vt 0.676322 0.761680
vt 0.691022 0.768477
vt 0.528275 0.652219
vt 0.528275 0.652219
vt 0.528275 0.652219
vt 0.528275 0.652219
vt 0.525366 0.649512
vt 0.576417 0.618793
vt 0.555982 0.634511
vt 0.555982 0.634511
vt 0.555982 0.634511
vt 0.549134 0.624221
vt 0.549134 0.624221
vt 0.549134 0.624221
vt 0.549134 0.624221
vt 0.573142 0.607154
vt 0.573142 0.607154
vt 0.573142 0.607154
vt 0.573142 0.607154
vt 0.547348 0.621268
vt 0.573259 0.603171
vt 0.573259 0.603171
vt 0.703541 0.705119
vt 0.718373 0.704470
vt 0.718373 0.704470
vt 0.598793 0.596248
vt 0.597715 0.599987
vt 0.597715 0.599987
vt 0.597715 0.599987
vt 0.597715 0.599987
vt 0.714487 0.671309
vt 0.714487 0.671309
vt 0.714487 0.671309
vt 0.702909 0.676541
vt 0.702909 0.676541
vt 0.688386 0.626396
vt 0.688386 0.626396
vt 0.703766 0.647065
vt 0.703766 0.647065
vt 0.703766 0.647065
vt 0.694990 0.652933
vt 0.694990 0.652933
vt 0.681591 0.632119
vt 0.681591 0.632119
vt 0.681591 0.632119
vt 0.681591 0.632119
vt 0.648304 0.596077
vt 0.668532 0.609402
vt 0.668532 0.609402
vt 0.668532 0.609402
vt 0.663339 0.615778
vt 0.644127 0.604252
vt 0.644127 0.604252
vt 0.644127 0.604252
vt 0.623216 0.597632
vt 0.623216 0.597632
vt 0.627266 0.587675
vt 0.627266 0.587675
vt 0.622245 0.600532
vt 0.622245 0.600532
vt 0.305429 0.525893
vt 0.963761 0.560070
vt 0.310583 0.543199
vt 0.950318 0.545592
vt 0.310583 0.543199
vt 0.950318 0.545592
vt 0.293704 0.552367
vt 0.293704 0.552367
vt 0.290153 0.528560
vt 0.290153 0.528560
vt 0.272240 0.532360
vt 0.272240 0.532360
vt 0.272240 0.532360
vt 0.267093 0.557635
vt 0.247225 0.557063
vt 0.247225 0.557063
vt 0.247225 0.557063
vt 0.251808 0.533156
vt 0.251808 0.533156
vt 0.251808 0.533156
vt 0.201387 0.529758
vt 0.201387 0.529758
vt 0.201387 0.529758
vt 0.201387 0.529758
vt 0.232344 0.532607
vt 0.232344 0.532607
vt 0.232344 0.532607
vt 0.232344 0.532607
vt 0.228429 0.555992
vt 0.228429 0.555992
vt 0.199204 0.552430
vt 0.199204 0.552430
vt 0.170025 0.524833
vt 0.170025 0.524833
vt 0.170025 0.524833
vt 0.169086 0.547630
vt 0.169086 0.547630
vt 0.122846 0.538290
vt 0.122846 0.538290
vt 0.122846 0.538290
vt 0.123937 0.515131
vt 0.123937 0.515131
vt 0.089791 0.508698
vt 0.089791 0.508698
vt 0.091640 0.481071
vt 0.091640 0.481071
vt 0.091640 0.481071
vt 0.124961 0.490296
vt 0.124961 0.490296
vt 0.124961 0.490296
vt 0.064722 0.473441
vt 0.064722 0.473441
vt 0.061605 0.503705
vt 0.061605 0.503705
vt 0.038105 0.498828
vt 0.038105 0.498828
vt 0.038105 0.498828
vt 0.042303 0.467799
vt 0.042303 0.467799
vt 0.042303 0.467799
vt 0.042303 0.467799
vt 0.262844 0.592926
vt 0.262844 0.592926
vt 0.262844 0.592926
vt 0.242638 0.590030
vt 0.061347 0.528767
vt 0.061347 0.528767
vt 0.037053 0.526209
vt 0.037053 0.526209
vt 0.037053 0.526209
vt 0.020221 0.462226
vt 0.020221 0.462226
vt 0.513041 0.383614
vt 0.025829 0.426082
vt 0.481054 0.393219
vt 0.025829 0.426082
vt 0.566086 0.566818
vt 0.566086 0.566818
vt 0.574721 0.590330
vt 0.574721 0.590330
vt 0.730927 0.589669
vt 0.730927 0.589669
vt 0.695028 0.618152
vt 0.695028 0.618152
vt 0.695028 0.618152
vt 0.695028 0.618152
vt 0.693771 0.561765
vt 0.693771 0.561765
vt 0.631035 0.578436
vt 0.631035 0.578436
vt 0.606259 0.566916
vt 0.606259 0.566916
vt 0.650573 0.542738
vt 0.650573 0.542738
vt 0.650573 0.542738
vt 0.650573 0.542738
vt 0.761922 0.618588
vt 0.789341 0.639986
vt 0.789341 0.639986
vt 0.777328 0.660700
vt 0.750946 0.639162
vt 0.750946 0.639162
vt 0.750946 0.639162
vt 0.558587 0.469582
vt 0.558587 0.469582
vt 0.558587 0.469582
vt 0.567499 0.520567
vt 0.774952 0.595402
vt 0.774952 0.595402
vt 0.740601 0.569406
vt 0.740601 0.569406
vt 0.750705 0.546535
vt 0.750705 0.546535
vt 0.750705 0.546535
vt 0.786615 0.574112
vt 0.786615 0.574112
vt 0.786615 0.574112
vt 0.709007 0.521289
vt 0.709007 0.521289
vt 0.709007 0.521289
vt 0.701963 0.542540
vt 0.701963 0.542540
vt 0.655992 0.523522
vt 0.658645 0.502287
vt 0.658645 0.502287
vt 0.658645 0.502287
vt 0.658645 0.502287
vt 0.827835 0.635641
vt 0.801969 0.615392
vt 0.812157 0.592080
vt 0.812157 0.592080
vt 0.812157 0.592080
vt 0.612011 0.448595
vt 0.612011 0.448595
vt 0.612011 0.448595
vt 0.612011 0.448595
vt 0.588526 0.478259
vt 0.718922 0.501340
vt 0.718922 0.501340
vt 0.718922 0.501340
vt 0.762321 0.524464
vt 0.762321 0.524464
vt 0.762321 0.524464
vt 0.762321 0.524464
vt 0.762321 0.524464
vt 0.609939 0.486864
vt 0.609939 0.486864
vt 0.609939 0.486864
vt 0.662980 0.474615
vt 0.662980 0.474615
vt 0.816250 0.573357
vt 0.797885 0.555988
vt 0.797885 0.555988
vt 0.737943 0.463899
vt 0.737943 0.463899
vt 0.776792 0.482730
vt 0.776792 0.482730
vt 0.790402 0.439428
vt 0.790402 0.439428
vt 0.790402 0.439428
vt 0.751205 0.426947
vt 0.751205 0.426947
vt 0.751205 0.426947
vt 0.803594 0.448180
vt 0.823124 0.433680
vt 0.823124 0.433680
vt 0.918968 0.420043
vt 0.356027 0.630079
vt 0.918968 0.420043
vt 0.354335 0.641393
vt 0.922998 0.410410
vt 0.354335 0.641393
vt 0.323956 0.639595
vt 0.326125 0.630300
vt 0.952957 0.567999
vt 0.952957 0.567999
vt 0.936165 0.559733
vt 0.837537 0.584009
vt 0.837537 0.584009
vt 0.837537 0.584009
vt 0.864436 0.586505
vt 0.864436 0.586505
vt 0.864436 0.586505
vt 0.013721 0.493479
vt 0.540014 0.373737
vt 0.540014 0.373737
vt 0.013721 0.493479
vt 0.560740 0.356433
vt 0.011506 0.524267
vt 0.560740 0.356433
vt 0.560740 0.356433
vt 0.593041 0.385886
vt 0.593041 0.385886
vt 0.593041 0.385886
vt 0.562660 0.414052
vt 0.562660 0.414052
vt 0.562660 0.414052
vt 0.640372 0.416485
vt 0.640372 0.416485
vt 0.686207 0.440955
vt 0.686207 0.440955
vt 0.683670 0.337285
vt 0.683670 0.337285
vt 0.759230 0.163875
vt 0.759230 0.163875
vt 0.798444 0.184387
vt 0.798444 0.184387
vt 0.727913 0.359983
vt 0.727913 0.359983
vt 0.637673 0.309912
vt 0.637673 0.309912
vt 0.637673 0.309912
vt 0.717079 0.139026
vt 0.717079 0.139026
vt 0.769368 0.376808
vt 0.769368 0.376808
vt 0.769368 0.376808
vt 0.769368 0.376808
vt 0.836362 0.198371
vt 0.836362 0.198371
vt 0.836362 0.198371
vt 0.808265 0.387652
vt 0.808265 0.387652
vt 0.874672 0.208943
vt 0.874672 0.208943
vt 0.874672 0.208943
vt 0.913759 0.217237
vt 0.913759 0.217237
vt 0.913759 0.217237
vt 0.913759 0.217237
vt 0.852093 0.396463
vt 0.852093 0.396463
vt 0.951424 0.225084
vt 0.951424 0.225084
vt 0.887039 0.402272
vt 0.887039 0.402272
vt 0.299252 0.824940
vt 0.299252 0.824940
vt 0.988364 0.235569
vt 0.335981 0.831380
vt 0.286471 0.636951
vt 0.286471 0.636951
vt 0.286471 0.636951
vt 0.265260 0.817069
vt 0.265260 0.817069
vt 0.265260 0.817069
vt 0.265260 0.817069
vt 0.223506 0.587603
vt 0.223506 0.587603
vt 0.218127 0.627424
vt 0.218127 0.627424
vt 0.218127 0.627424
vt 0.052412 0.801458
vt 0.052412 0.801458
vt 0.052412 0.801458
vt 0.059884 0.612633
vt 0.059884 0.612633
vt 0.117658 0.616282
vt 0.117658 0.616282
vt 0.105752 0.796768
vt 0.105752 0.796768
vt 0.678884 0.117833
vt 0.004975 0.804953
vt 0.678884 0.117833
vt 0.008940 0.611357
vt 0.598921 0.289898
vt 0.034378 0.611812
vt 0.034378 0.611812
vt 0.028012 0.803787
vt 0.233164 0.808828
vt 0.233164 0.808828
vt 0.260180 0.839663
vt 0.260180 0.839663
vt 0.225036 0.840597
vt 0.225036 0.840597
vt 0.225036 0.840597
vt 0.225036 0.840597
vt 0.203260 0.802258
vt 0.203260 0.802258
vt 0.203260 0.802258
vt 0.198228 0.833628
vt 0.198228 0.833628
vt 0.198228 0.833628
vt 0.148848 0.796175
vt 0.148848 0.796175
vt 0.148848 0.796175
vt 0.147646 0.828495
vt 0.147646 0.828495
vt 0.147646 0.828495
vt 0.106757 0.830781
vt 0.106757 0.830781
vt 0.106757 0.830781
vt 0.106757 0.830781
vt 0.106757 0.830781
vt 0.054287 0.827130
vt 0.054287 0.827130
vt 0.054287 0.827130
vt 0.009242 0.836116
vt 0.694986 0.093689
vt 0.694986 0.093689
vt 0.730201 0.117129
vt 0.730201 0.117129
vt 0.770727 0.145131
vt 0.770727 0.145131
vt 0.811482 0.154896
vt 0.811482 0.154896
vt 0.811482 0.154896
vt 0.811482 0.154896
vt 0.845900 0.169237
vt 0.845900 0.169237
vt 0.845900 0.169237
vt 0.881965 0.178181
vt 0.881965 0.178181
vt 0.881965 0.178181
vt 0.918648 0.194375
vt 0.918648 0.194375
vt 0.955829 0.199482
vt 0.955829 0.199482
vt 0.955829 0.199482
vt 0.955829 0.199482
vt 0.993488 0.206531
vt 0.993488 0.206531
vt 0.328746 0.860962
vt 0.293748 0.850868
vt 0.293748 0.850868
vt 0.253681 0.860887
vt 0.253681 0.860887
vt 0.253681 0.860887
vt 0.216684 0.867922
vt 0.216684 0.867922
vt 0.216684 0.867922
vt 0.216684 0.867922
vt 0.193042 0.861543
vt 0.193042 0.861543
vt 0.168934 0.829390
vt 0.168934 0.829390
vt 0.165852 0.857250
vt 0.165852 0.857250
vt 0.146407 0.856755
vt 0.146407 0.856755
vt 0.146407 0.856755
vt 0.146407 0.856755
vt 0.109954 0.860111
vt 0.109954 0.860111
vt 0.058673 0.852105
vt 0.058673 0.852105
vt 0.058673 0.852105
vt 0.063992 0.872596
vt 0.063992 0.872596
vt 0.015533 0.863458
vt 0.712849 0.072266
vt 0.712849 0.072266
vt 0.731720 0.054201
vt 0.023765 0.888370
vt 0.023765 0.888370
vt 0.731720 0.054201
vt 0.744585 0.097388
vt 0.744585 0.097388
vt 0.744585 0.097388
vt 0.744585 0.097388
vt 0.759530 0.081393
vt 0.759530 0.081393
vt 0.759530 0.081393
vt 0.783431 0.127240
vt 0.783431 0.127240
vt 0.794350 0.111839
vt 0.823944 0.130767
vt 0.823944 0.130767
vt 0.823944 0.130767
vt 0.854743 0.145113
vt 0.854743 0.145113
vt 0.854743 0.145113
vt 0.854743 0.145113
vt 0.887478 0.151787
vt 0.887478 0.151787
vt 0.921486 0.172206
vt 0.921486 0.172206
vt 0.921486 0.172206
vt 0.921486 0.172206
vt 0.922458 0.154864
vt 0.922458 0.154864
vt 0.922458 0.154864
vt 0.958721 0.155115
vt 0.958721 0.155115
vt 0.958721 0.155115
vt 0.958036 0.174669
vt 0.958036 0.174669
vt 0.958036 0.174669
vt 0.318368 0.889279
vt 0.995306 0.176889
vt 0.993974 0.153305
vt 0.307464 0.910467
vt 0.993974 0.153305
vt 0.277559 0.894097
vt 0.277559 0.894097
vt 0.277559 0.894097
vt 0.285948 0.875102
vt 0.285948 0.875102
vt 0.246411 0.878892
vt 0.246411 0.878892
vt 0.246411 0.878892
vt 0.238535 0.896419
vt 0.238535 0.896419
vt 0.238535 0.896419
vt 0.230164 0.912920
vt 0.230164 0.912920
vt 0.208067 0.892991
vt 0.208067 0.892991
vt 0.208067 0.892991
vt 0.208067 0.892991
vt 0.146532 0.905222
vt 0.146532 0.905222
vt 0.146532 0.905222
vt 0.117135 0.911859
vt 0.117135 0.911859
vt 0.117135 0.911859
vt 0.117135 0.911859
vt 0.113131 0.886524
vt 0.113131 0.886524
vt 0.113131 0.886524
vt 0.145919 0.882064
vt 0.145919 0.882064
vt 0.145919 0.882064
vt 0.077984 0.909305
vt 0.077984 0.909305
vt 0.087569 0.926239
vt 0.087569 0.926239
vt 0.087569 0.926239
vt 0.062148 0.948777
vt 0.791664 0.017026
vt 0.047082 0.931002
vt 0.047082 0.931002
vt 0.771008 0.026617
vt 0.808523 0.046367
vt 0.808523 0.046367
vt 0.791240 0.055937
vt 0.791240 0.055937
vt 0.829332 0.072038
vt 0.829332 0.072038
vt 0.829332 0.072038
vt 0.849834 0.089815
vt 0.849834 0.089815
vt 0.836396 0.109812
vt 0.836396 0.109812
vt 0.836396 0.109812
vt 0.817142 0.084527
vt 0.817142 0.084527
vt 0.817142 0.084527
vt 0.869961 0.100018
vt 0.869961 0.100018
vt 0.869961 0.100018
vt 0.869961 0.100018
vt 0.895397 0.104267
vt 0.895397 0.104267
vt 0.895397 0.104267
vt 0.892311 0.127733
vt 0.892311 0.127733
vt 0.892311 0.127733
vt 0.892311 0.127733
vt 0.862648 0.123024
vt 0.862648 0.123024
vt 0.862648 0.123024
vt 0.922872 0.101637
vt 0.922872 0.101637
vt 0.922872 0.101637
vt 0.923303 0.120060
vt 0.923303 0.120060
vt 0.922791 0.137674
vt 0.922791 0.137674
vt 0.922791 0.137674
vt 0.954646 0.115576
vt 0.954646 0.115576
vt 0.954646 0.115576
vt 0.957794 0.135594
vt 0.957794 0.135594
vt 0.294047 0.930365
vt 0.990330 0.129952
vt 0.990330 0.129952
vt 0.294047 0.930365
vt 0.277698 0.949418
vt 0.983666 0.106280
vt 0.277698 0.949418
vt 0.983666 0.106280
vt 0.256145 0.929908
vt 0.256145 0.929908
vt 0.256145 0.929908
vt 0.256145 0.929908
vt 0.267672 0.912262
vt 0.267672 0.912262
vt 0.198685 0.916328
vt 0.198685 0.916328
vt 0.198685 0.916328
vt 0.198685 0.916328
vt 0.220044 0.929583
vt 0.220044 0.929583
vt 0.220044 0.929583
vt 0.204077 0.953339
vt 0.204077 0.953339
vt 0.204077 0.953339
vt 0.188203 0.940221
vt 0.188203 0.940221
vt 0.168579 0.931418
vt 0.168579 0.931418
vt 0.179968 0.908724
vt 0.179968 0.908724
vt 0.179968 0.908724
vt 0.179968 0.908724
vt 0.160262 0.904583
vt 0.160262 0.904583
vt 0.160262 0.904583
vt 0.160262 0.904583
vt 0.147302 0.931880
vt 0.147302 0.931880
vt 0.147302 0.931880
vt 0.147302 0.931880
vt 0.124793 0.936374
vt 0.124793 0.936374
vt 0.124793 0.936374
vt 0.124793 0.936374
vt 0.105534 0.947774
vt 0.105534 0.947774
vt 0.105534 0.947774
vt 0.105534 0.947774
vt 0.086421 0.969553
vt 0.821677 0.008125
vt 0.086421 0.969553
vt 0.821677 0.008125
vt 0.832811 0.034964
vt 0.832811 0.034964
vt 0.832811 0.034964
vt 0.847445 0.052813
vt 0.847445 0.052813
vt 0.847445 0.052813
vt 0.847445 0.052813
vt 0.863689 0.065380
vt 0.863689 0.065380
vt 0.879608 0.071759
vt 0.879608 0.071759
vt 0.879608 0.071759
vt 0.899272 0.073533
vt 0.899272 0.073533
vt 0.899272 0.073533
vt 0.899272 0.073533
vt 0.923456 0.066452
vt 0.923456 0.066452
vt 0.923456 0.066452
vt 0.949012 0.095158
vt 0.949012 0.095158
vt 0.949012 0.095158
vt 0.242083 0.946886
vt 0.242083 0.946886
vt 0.242083 0.946886
vt 0.242083 0.946886
vt 0.258774 0.965749
vt 0.973492 0.083958
vt 0.258774 0.965749
vt 0.973492 0.083958
vt 0.223361 0.986638
vt 0.950007 0.050589
vt 0.950007 0.050589
vt 0.223361 0.986638
vt 0.223361 0.986638
vt 0.950007 0.050589
vt 0.216666 0.967794
vt 0.216666 0.967794
vt 0.216666 0.967794
vt 0.178733 0.959294
vt 0.178733 0.959294
vt 0.178733 0.959294
vt 0.164106 0.952554
vt 0.164106 0.952554
vt 0.164106 0.952554
vt 0.148494 0.953958
vt 0.148494 0.953958
vt 0.132486 0.964943
vt 0.132486 0.964943
vt 0.132486 0.964943
vt 0.132486 0.964943
vt 0.120055 0.986808
vt 0.859319 0.005653
vt 0.120055 0.986808
vt 0.859319 0.005653
vt 0.862762 0.031054
vt 0.862762 0.031054
vt 0.862762 0.031054
vt 0.875524 0.046391
vt 0.875524 0.046391
vt 0.886036 0.051792
vt 0.886036 0.051792
vt 0.886036 0.051792
vt 0.900248 0.054901
vt 0.900248 0.054901
vt 0.900248 0.054901
vt 0.913727 0.046312
vt 0.913727 0.046312
vt 0.913727 0.046312
vt 0.929255 0.031858
vt 0.195486 0.994328
vt 0.929255 0.031858
vt 0.189015 0.974229
vt 0.189015 0.974229
vt 0.189015 0.974229
vt 0.157995 0.996416
vt 0.896995 0.013892
vt 0.157995 0.996416
vt 0.896995 0.013892
vt 0.160775 0.966618
vt 0.160775 0.966618
vt 0.890435 0.036161
vt 0.890435 0.036161
vt 0.890435 0.036161
vt 0.890435 0.036161
vt 0.663421 0.380653
vt 0.663421 0.380653
vt 0.707411 0.405222
vt 0.707411 0.405222
vt 0.707411 0.405222
vt 0.707411 0.405222
vt 0.616955 0.349296
vt 0.616955 0.349296
vt 0.581537 0.326868
vt 0.010253 0.565827
vt 0.283267 0.597618
vt 0.283267 0.597618
vt 0.293532 0.613255
vt 0.293532 0.613255
vt 0.880069 0.419900
vt 0.880069 0.419900
vt 0.880069 0.419900
vt 0.842972 0.426369
vt 0.842972 0.426369
vt 0.308098 0.624067
vt 0.308098 0.624067
vt 0.308098 0.624067
vt 0.282939 0.566253
vt 0.282939 0.566253
vt 0.279720 0.582016
vt 0.279720 0.582016
vt 0.573209 0.545843
vt 0.573209 0.545843
vt 0.602835 0.584180
vt 0.602835 0.584180
vt 0.602835 0.584180
vt 0.591868 0.522909
vt 0.591868 0.522909
vt 0.651661 0.587763
vt 0.651661 0.587763
vt 0.651661 0.587763
vt 0.712337 0.636761
vt 0.712337 0.636761
vt 0.738024 0.658618
vt 0.738024 0.658618
vt 0.738024 0.658618
vt 0.673949 0.601053
vt 0.673949 0.601053
vt 0.673949 0.601053
vt 0.673949 0.601053
vt 0.749566 0.701103
vt 0.749566 0.701103
vt 0.749566 0.701103
vt 0.729099 0.738308
vt 0.729099 0.738308
vt 0.708589 0.772890
vt 0.708589 0.772890
vt 0.756913 0.739371
vt 0.756913 0.739371
vt 0.772253 0.720885
vt 0.772253 0.720885
vt 0.772253 0.720885
vt 0.839355 0.777407
vt 0.839355 0.777407
vt 0.858971 0.758242
vt 0.858971 0.758242
vt 0.876425 0.736936
vt 0.892094 0.714016
vt 0.916729 0.629484
vt 0.916729 0.629484
vt 0.916729 0.629484
vt 0.933006 0.647725
vt 0.933006 0.647725
vt 0.920006 0.669054
vt 0.920006 0.669054
vt 0.901511 0.647461
vt 0.901511 0.647461
vt 0.461174 0.472044
vt 0.449449 0.521419
vt 0.443098 0.547468
vt 0.443098 0.547468
vt 0.443098 0.547468
vt 0.437940 0.574951
vt 0.437940 0.574951
vt 0.437940 0.574951
vt 0.437940 0.574951
vt 0.437940 0.574951
vt 0.433819 0.628711
vt 0.433819 0.628711
vt 0.436228 0.680328
vt 0.436228 0.680328
vt 0.454690 0.732281
vt 0.482943 0.778281
vt 0.482943 0.778281
vt 0.482943 0.778281
vt 0.482943 0.778281
vt 0.527268 0.818460
vt 0.527268 0.818460
vt 0.578467 0.844367
vt 0.578467 0.844367
vt 0.578467 0.844367
vt 0.578467 0.844367
vt 0.634218 0.854300
vt 0.634218 0.854300
vt 0.634218 0.854300
vt 0.634218 0.854300
vt 0.694749 0.850272
vt 0.694749 0.850272
vt 0.750371 0.831877
vt 0.750371 0.831877
vt 0.750371 0.831877
vt 0.797959 0.807658
vt 0.797959 0.807658
vt 0.797959 0.807658
vt 0.819424 0.793502
vt 0.819424 0.793502
vt 0.466460 0.448880
vt 0.046642 0.403896
vt 0.046642 0.403896
vt 0.046642 0.403896
vt 0.313689 0.499548
vt 0.975567 0.584930
vt 0.313689 0.499548
vt 0.975567 0.584930
vt 0.308965 0.510467
vt 0.971235 0.574431
vt 0.308965 0.510467
vt 0.971235 0.574431
vt 0.293290 0.510170
vt 0.293290 0.510170
vt 0.293290 0.510170
vt 0.948476 0.593920
vt 0.941383 0.576549
vt 0.961529 0.582764
vt 0.961529 0.582764
vt 0.961529 0.582764
vt 0.785166 0.528512
vt 0.785166 0.528512
vt 0.781370 0.501423
vt 0.781370 0.501423
vt 0.781370 0.501423
vt 0.788600 0.468823
vt 0.788600 0.468823
vt 0.120732 0.574153
vt 0.120732 0.574153
vt 0.120732 0.574153
vt 0.089927 0.570611
vt 0.089927 0.570611
vt 0.089927 0.570611
vt 0.090105 0.533627
vt 0.537936 0.762363
vt 0.537936 0.762363
vt 0.554716 0.778172
vt 0.554716 0.778172
vt 0.526393 0.741735
vt 0.545911 0.645728
vt 0.545911 0.645728
vt 0.537833 0.637318
vt 0.537833 0.637318
vt 0.576778 0.787793
vt 0.576778 0.787793
vt 0.600649 0.789831
vt 0.600649 0.789831
vt 0.671149 0.741780
vt 0.671149 0.741780
vt 0.681449 0.746852
vt 0.681449 0.746852
vt 0.681449 0.746852
vt 0.671955 0.759904
vt 0.671955 0.759904
vt 0.671955 0.759904
vt 0.662405 0.753059
vt 0.662405 0.753059
vt 0.662405 0.753059
vt 0.652974 0.778871
vt 0.652974 0.778871
vt 0.652974 0.778871
vt 0.652974 0.778871
vt 0.652974 0.778871
vt 0.628580 0.794275
vt 0.628580 0.794275
vt 0.628580 0.794275
vt 0.628580 0.794275
vt 0.623722 0.784015
vt 0.623722 0.784015
vt 0.623722 0.784015
vt 0.645363 0.770320
vt 0.645363 0.770320
vt 0.520967 0.715287
vt 0.524817 0.688755
vt 0.524817 0.688755
vt 0.537754 0.658803
vt 0.537754 0.658803
vt 0.699165 0.705298
vt 0.699165 0.705298
vt 0.699165 0.705298
vt 0.689356 0.732904
vt 0.689356 0.732904
vt 0.689356 0.732904
vt 0.678071 0.729485
vt 0.678071 0.729485
vt 0.687187 0.704532
vt 0.687187 0.704532
vt 0.687187 0.704532
vt 0.597577 0.611560
vt 0.597577 0.611560
vt 0.597577 0.611560
vt 0.597577 0.611560
vt 0.699509 0.677887
vt 0.699509 0.677887
vt 0.699509 0.677887
vt 0.699509 0.677887
vt 0.688229 0.680453
vt 0.688229 0.680453
vt 0.688229 0.680453
vt 0.679580 0.633615
vt 0.679580 0.633615
vt 0.679580 0.633615
vt 0.692375 0.654456
vt 0.692375 0.654456
vt 0.692375 0.654456
vt 0.682894 0.659300
vt 0.682894 0.659300
vt 0.672141 0.640095
vt 0.672141 0.640095
vt 0.672141 0.640095
vt 0.672141 0.640095
vt 0.642942 0.606633
vt 0.642942 0.606633
vt 0.642942 0.606633
vt 0.661852 0.617607
vt 0.661852 0.617607
vt 0.661852 0.617607
vt 0.661852 0.617607
vt 0.656462 0.625285
vt 0.656462 0.625285
vt 0.638704 0.615570
vt 0.638704 0.615570
vt 0.619809 0.610860
vt 0.619809 0.610860
vt 0.837697 0.581576
vt 0.837697 0.581576
vt 0.817085 0.571146
vt 0.817085 0.571146
vt 0.822584 0.561086
vt 0.822584 0.561086
vt 0.839252 0.569913
vt 0.839252 0.569913
vt 0.805396 0.450235
vt 0.805396 0.450235
vt 0.805396 0.450235
vt 0.824183 0.435946
vt 0.824183 0.435946
vt 0.824183 0.435946
vt 0.830220 0.446605
vt 0.830220 0.446605
vt 0.830220 0.446605
vt 0.814760 0.459610
vt 0.814760 0.459610
vt 0.814760 0.459610
vt 0.355913 0.627725
vt 0.918764 0.422133
vt 0.918764 0.422133
vt 0.326586 0.627835
vt 0.326586 0.627835
vt 0.326586 0.627835
vt 0.329129 0.615593
vt 0.942108 0.440262
vt 0.353944 0.615751
vt 0.917102 0.432527
vt 0.917102 0.432527
vt 0.917102 0.432527
vt 0.311590 0.545037
vt 0.948691 0.543868
vt 0.311590 0.545037
vt 0.948691 0.543868
vt 0.948691 0.543868
vt 0.934708 0.557751
vt 0.934708 0.557751
vt 0.927203 0.548298
vt 0.927203 0.548298
vt 0.927203 0.548298
vt 0.318642 0.553635
vt 0.939647 0.535468
vt 0.864031 0.584136
vt 0.864031 0.584136
vt 0.864031 0.584136
vt 0.861985 0.572339
vt 0.861985 0.572339
vt 0.861985 0.572339
vt 0.880164 0.422105
vt 0.880164 0.422105
vt 0.881179 0.433091
vt 0.881179 0.433091
vt 0.881179 0.433091
vt 0.843394 0.428630
vt 0.843394 0.428630
vt 0.843394 0.428630
vt 0.846813 0.439494
vt 0.846813 0.439494
vt 0.846813 0.439494
vt 0.846813 0.439494
vt 0.309258 0.621948
vt 0.309258 0.621948
vt 0.309258 0.621948
vt 0.309258 0.621948
vt 0.295334 0.611656
vt 0.295334 0.611656
vt 0.295334 0.611656
vt 0.304636 0.603899
vt 0.304636 0.603899
vt 0.962035 0.463979
vt 0.315099 0.611308
vt 0.315099 0.611308
vt 0.315099 0.611308
vt 0.954572 0.451230
vt 0.285502 0.596812
vt 0.285502 0.596812
vt 0.285502 0.596812
vt 0.285502 0.596812
vt 0.296965 0.593401
vt 0.963843 0.479391
vt 0.296965 0.593401
vt 0.285311 0.567165
vt 0.285311 0.567165
vt 0.285311 0.567165
vt 0.295522 0.553967
vt 0.295522 0.553967
vt 0.295522 0.553967
vt 0.304711 0.561967
vt 0.304711 0.561967
vt 0.949796 0.521552
vt 0.304711 0.561967
vt 0.296011 0.572711
vt 0.957875 0.506430
vt 0.282150 0.582046
vt 0.282150 0.582046
vt 0.282150 0.582046
vt 0.294050 0.583103
vt 0.962530 0.493134
vt 0.294050 0.583103
vt 0.962530 0.493134
vt 0.902673 0.575749
vt 0.902673 0.575749
vt 0.896957 0.565273
vt 0.896957 0.565273
vt 0.896957 0.565273
vt 0.799610 0.554174
vt 0.799610 0.554174
vt 0.809771 0.548822
vt 0.809771 0.548822
vt 0.787993 0.527960
vt 0.787993 0.527960
vt 0.787993 0.527960
vt 0.801808 0.525896
vt 0.801808 0.525896
vt 0.801808 0.525896
vt 0.784546 0.501960
vt 0.784546 0.501960
vt 0.784546 0.501960
vt 0.784546 0.501960
vt 0.784546 0.501960
vt 0.799283 0.504825
vt 0.799283 0.504825
vt 0.791390 0.470338
vt 0.791390 0.470338
vt 0.791390 0.470338
vt 0.791390 0.470338
vt 0.804796 0.476200
vt 0.607202 0.697759
vt 0.607202 0.697759
vt 0.607202 0.697759
vt 0.607202 0.697759
vt 0.607202 0.697759
vt 0.880614 0.497173
vt 0.880614 0.497173
vt 0.880614 0.497173
vt 0.880614 0.497173
vt 0.880614 0.497173
vt 0.123028 0.222392
vt 0.123028 0.222392
vt 0.137429 0.143627
vt 0.137429 0.143627
vt 0.204102 0.116649
vt 0.180613 0.141997
vt 0.180613 0.141997
vt 0.181470 0.228937
vt 0.181470 0.228937
vt 0.181470 0.228937
vt 0.194780 0.218778
vt 0.194780 0.218778
vt 0.202585 0.206392
vt 0.202585 0.206392
vt 0.206844 0.192498
vt 0.206844 0.192498
vt 0.206492 0.178329
vt 0.206492 0.178329
vt 0.201351 0.163315
vt 0.201351 0.163315
vt 0.192081 0.152519
vt 0.192081 0.152519
vt 0.192081 0.152519
vt 0.193646 0.150986
vt 0.193646 0.150986
vt 0.193646 0.150986
vt 0.179571 0.143976
vt 0.179571 0.143976
vt 0.179571 0.143976
vt 0.179571 0.143976
vt 0.179571 0.143976
vt 0.165194 0.140324
vt 0.165194 0.140324
vt 0.165194 0.140324
vt 0.152720 0.140887
vt 0.152720 0.140887
vt 0.152720 0.140887
vt 0.138377 0.145588
vt 0.138377 0.145588
vt 0.138377 0.145588
vt 0.138377 0.145588
vt 0.126358 0.154360
vt 0.126358 0.154360
vt 0.116999 0.167937
vt 0.116999 0.167937
vt 0.116999 0.167937
vt 0.112636 0.181770
vt 0.112636 0.181770
vt 0.112636 0.181770
vt 0.112751 0.196061
vt 0.112751 0.196061
vt 0.116523 0.209198
vt 0.114532 0.210198
vt 0.114532 0.210198
vt 0.124654 0.220814
vt 0.124654 0.220814
vt 0.124654 0.220814
vt 0.124654 0.220814
vt 0.137611 0.230019
vt 0.137611 0.230019
vt 0.137611 0.230019
vt 0.151789 0.233838
vt 0.151789 0.233838
vt 0.167046 0.233757
vt 0.903628 0.577957
vt 0.903628 0.577957
vt 0.043988 0.376722
vt 0.043988 0.376722
vt 0.447501 0.431488
vt 0.447501 0.431488
vt 0.447501 0.431488
vt 0.263294 0.165854
vt 0.263294 0.165854
vt 0.255640 0.173490
vt 0.171348 0.500310
vt 0.171348 0.500310
vt 0.166417 0.579991
vt 0.166417 0.579991
vt 0.166417 0.579991
vt 0.196012 0.584101
vt 0.196012 0.584101
vt 0.196012 0.584101
vt 0.191822 0.623990
vt 0.191822 0.623990
vt 0.162934 0.620471
vt 0.162934 0.620471
vt 0.182570 0.301245
vt 0.182570 0.301245
vt 0.182570 0.301245
vt 0.206110 0.290947
vt 0.157202 0.280797
vt 0.135756 0.281023
vt 0.330982 0.216804
vt 0.330982 0.216804
vt 0.325475 0.226701
vt 0.323294 0.224925
vt 0.328368 0.215731
vt 0.328368 0.215731
vt 0.328368 0.215731
vt 0.328368 0.215731
vt 0.333492 0.205652
vt 0.330749 0.205256
vt 0.330749 0.205256
vt 0.330749 0.205256
vt 0.330410 0.194707
vt 0.330410 0.194707
vt 0.329816 0.183380
vt 0.327289 0.184394
vt 0.327289 0.184394
vt 0.327289 0.184394
vt 0.323989 0.173460
vt 0.323989 0.173460
vt 0.321822 0.175133
vt 0.321822 0.175133
vt 0.321822 0.175133
vt 0.315515 0.165375
vt 0.315515 0.165375
vt 0.313926 0.167598
vt 0.313926 0.167598
vt 0.313926 0.167598
vt 0.313926 0.167598
vt 0.305378 0.159714
vt 0.304459 0.162317
vt 0.304459 0.162317
vt 0.294441 0.156975
vt 0.294232 0.159749
vt 0.294232 0.159749
vt 0.294232 0.159749
vt 0.294232 0.159749
vt 0.282929 0.157101
vt 0.283540 0.159870
vt 0.283540 0.159870
vt 0.283540 0.159870
vt 0.272331 0.160474
vt 0.272331 0.160474
vt 0.272331 0.160474
vt 0.273652 0.162934
vt 0.273652 0.162934
vt 0.273652 0.162934
vt 0.265011 0.168094
vt 0.265011 0.168094
vt 0.265011 0.168094
vt 0.265011 0.168094
vt 0.257842 0.175281
vt 0.257842 0.175281
vt 0.257842 0.175281
vt 0.252723 0.184158
vt 0.252723 0.184158
vt 0.252723 0.184158
vt 0.250244 0.194598
vt 0.250244 0.194598
vt 0.250294 0.204927
vt 0.250294 0.204927
vt 0.253323 0.214942
vt 0.253323 0.214942
vt 0.253323 0.214942
vt 0.253323 0.214942
vt 0.253323 0.214942
vt 0.256008 0.225463
vt 0.256008 0.225463
vt 0.258425 0.223951
vt 0.258425 0.223951
vt 0.258425 0.223951
vt 0.264845 0.233499
vt 0.264845 0.233499
vt 0.266550 0.231475
vt 0.266550 0.231475
vt 0.275341 0.239506
vt 0.276212 0.236993
vt 0.276212 0.236993
vt 0.276212 0.236993
vt 0.276212 0.236993
vt 0.286964 0.242804
vt 0.286964 0.242804
vt 0.286964 0.242804
vt 0.286971 0.240035
vt 0.286971 0.240035
vt 0.286971 0.240035
vt 0.298097 0.243191
vt 0.298097 0.243191
vt 0.297385 0.240333
vt 0.297385 0.240333
vt 0.308412 0.240249
vt 0.308412 0.240249
vt 0.307265 0.237626
vt 0.307265 0.237626
vt 0.317896 0.234924
vt 0.317896 0.234924
vt 0.316102 0.232613
vt 0.316102 0.232613
vt 0.289518 0.302216
vt 0.289518 0.302216
vt 0.289518 0.302216
vt 0.284305 0.311351
vt 0.284305 0.311351
vt 0.282106 0.309713
vt 0.282106 0.309713
vt 0.286874 0.301220
vt 0.286874 0.301220
vt 0.286874 0.301220
vt 0.286874 0.301220
vt 0.291907 0.291861
vt 0.289164 0.291568
vt 0.289164 0.291568
vt 0.292246 0.281745
vt 0.289346 0.282065
vt 0.289346 0.282065
vt 0.289404 0.271861
vt 0.286762 0.272757
vt 0.286762 0.272757
vt 0.286762 0.272757
vt 0.284797 0.262988
vt 0.282329 0.264374
vt 0.282329 0.264374
vt 0.277276 0.255261
vt 0.277276 0.255261
vt 0.275324 0.257112
vt 0.275324 0.257112
vt 0.268103 0.249139
vt 0.268103 0.249139
vt 0.268103 0.249139
vt 0.266896 0.251487
vt 0.266896 0.251487
vt 0.266896 0.251487
vt 0.257626 0.245075
vt 0.257626 0.245075
vt 0.257227 0.247734
vt 0.247092 0.243351
vt 0.247400 0.246228
vt 0.247400 0.246228
vt 0.247400 0.246228
vt 0.247400 0.246228
vt 0.237868 0.247614
vt 0.237868 0.247614
vt 0.237868 0.247614
vt 0.229135 0.250977
vt 0.229135 0.250977
vt 0.221391 0.256416
vt 0.221391 0.256416
vt 0.221391 0.256416
vt 0.215198 0.263405
vt 0.215198 0.263405
vt 0.215198 0.263405
vt 0.211007 0.271869
vt 0.211007 0.271869
vt 0.208604 0.280928
vt 0.208604 0.280928
vt 0.208849 0.290829
vt 0.208849 0.290829
vt 0.208849 0.290829
vt 0.208849 0.290829
vt 0.211312 0.300456
vt 0.211312 0.300456
vt 0.216207 0.309379
vt 0.216207 0.309379
vt 0.216207 0.309379
vt 0.221057 0.318912
vt 0.221057 0.318912
vt 0.222712 0.316663
vt 0.222712 0.316663
vt 0.229889 0.324421
vt 0.229889 0.324421
vt 0.230937 0.321945
vt 0.238981 0.328221
vt 0.238981 0.328221
vt 0.238981 0.328221
vt 0.239592 0.325480
vt 0.239592 0.325480
vt 0.239592 0.325480
vt 0.239592 0.325480
vt 0.249048 0.329443
vt 0.249048 0.329443
vt 0.249048 0.329443
vt 0.249049 0.326664
vt 0.249049 0.326664
vt 0.249049 0.326664
vt 0.259010 0.328386
vt 0.259010 0.328386
vt 0.258367 0.325657
vt 0.268476 0.324597
vt 0.267373 0.322156
vt 0.267373 0.322156
vt 0.267373 0.322156
vt 0.277347 0.319157
vt 0.277347 0.319157
vt 0.275525 0.317014
vt 0.275525 0.317014
vt 0.184708 0.322307
vt 0.184708 0.322307
vt 0.184708 0.322307
vt 0.184016 0.312198
vt 0.184016 0.312198
vt 0.184016 0.312198
vt 0.180216 0.302504
vt 0.174296 0.294184
vt 0.166636 0.288096
vt 0.166636 0.288096
vt 0.156529 0.283392
vt 0.156529 0.283392
vt 0.156529 0.283392
vt 0.145637 0.282269
vt 0.145637 0.282269
vt 0.145637 0.282269
vt 0.145637 0.282269
vt 0.136659 0.283617
vt 0.136659 0.283617
vt 0.136659 0.283617
vt 0.127131 0.284878
vt 0.127131 0.284878
vt 0.128461 0.287228
vt 0.128461 0.287228
vt 0.128461 0.287228
vt 0.128461 0.287228
vt 0.119005 0.290421
vt 0.119005 0.290421
vt 0.120874 0.292542
vt 0.120874 0.292542
vt 0.120874 0.292542
vt 0.115306 0.299576
vt 0.115306 0.299576
vt 0.115306 0.299576
vt 0.111548 0.308288
vt 0.111548 0.308288
vt 0.111548 0.308288
vt 0.111548 0.308288
vt 0.110661 0.317683
vt 0.110661 0.317683
vt 0.110661 0.317683
vt 0.110661 0.317683
vt 0.111942 0.326779
vt 0.111942 0.326779
vt 0.111942 0.326779
vt 0.115246 0.335283
vt 0.115246 0.335283
vt 0.115246 0.335283
vt 0.120708 0.343190
vt 0.120708 0.343190
vt 0.127808 0.349448
vt 0.136798 0.353827
vt 0.136798 0.353827
vt 0.136798 0.353827
vt 0.136798 0.353827
vt 0.146330 0.355768
vt 0.146330 0.355768
vt 0.156160 0.355281
vt 0.156160 0.355281
vt 0.156160 0.355281
vt 0.165134 0.352084
vt 0.165134 0.352084
vt 0.173051 0.346925
vt 0.173051 0.346925
vt 0.178928 0.339862
vt 0.178928 0.339862
vt 0.178928 0.339862
vt 0.185401 0.332747
vt 0.185401 0.332747
vt 0.185401 0.332747
vt 0.182858 0.331626
vt 0.250698 0.395268
vt 0.250698 0.395268
vt 0.027775 0.402640
vt 0.461681 0.399898
vt 0.461681 0.399898
vt 0.906197 0.592753
vt 0.906197 0.592753
vt 0.906197 0.592753
vt 0.933051 0.608832
vt 0.933051 0.608832
vt 0.925670 0.583431
vt 0.925670 0.583431
vt 0.925670 0.583431
vt 0.947116 0.622145
vt 0.026487 0.377264
vt 0.026487 0.377264
vt 0.443353 0.409358
vt 0.443353 0.409358
vt 0.176939 0.219464
vt 0.176939 0.219464
vt 0.187231 0.211281
vt 0.187231 0.211281
vt 0.187231 0.211281
vt 0.193328 0.201624
vt 0.193328 0.201624
vt 0.193328 0.201624
vt 0.193328 0.201624
vt 0.193328 0.201624
vt 0.196416 0.190892
vt 0.196416 0.190892
vt 0.195945 0.180098
vt 0.195945 0.180098
vt 0.195945 0.180098
vt 0.195945 0.180098
vt 0.191704 0.168618
vt 0.191704 0.168618
vt 0.191704 0.168618
vt 0.184377 0.159720
vt 0.184377 0.159720
vt 0.184377 0.159720
vt 0.184377 0.159720
vt 0.174321 0.153440
vt 0.174321 0.153440
vt 0.174321 0.153440
vt 0.174321 0.153440
vt 0.163326 0.150743
vt 0.163326 0.150743
vt 0.153767 0.151317
vt 0.153767 0.151317
vt 0.153767 0.151317
vt 0.142718 0.155170
vt 0.142718 0.155170
vt 0.142718 0.155170
vt 0.133654 0.162148
vt 0.133654 0.162148
vt 0.133654 0.162148
vt 0.126409 0.172811
vt 0.126409 0.172811
vt 0.126409 0.172811
vt 0.123134 0.183571
vt 0.123134 0.183571
vt 0.123134 0.183571
vt 0.123329 0.194659
vt 0.123329 0.194659
vt 0.123329 0.194659
vt 0.126359 0.204705
vt 0.126359 0.204705
vt 0.126359 0.204705
vt 0.132764 0.213452
vt 0.132764 0.213452
vt 0.142864 0.220609
vt 0.142864 0.220609
vt 0.142864 0.220609
vt 0.142864 0.220609
vt 0.153775 0.223523
vt 0.153775 0.223523
vt 0.165716 0.223275
vt 0.165716 0.223275
vt 0.165716 0.223275
vt 0.165716 0.223275
vt 0.315107 0.218087
vt 0.315107 0.218087
vt 0.318767 0.211260
vt 0.318767 0.211260
vt 0.320382 0.203503
vt 0.320382 0.203503
vt 0.320070 0.195687
vt 0.320070 0.195687
vt 0.320070 0.195687
vt 0.317622 0.188037
vt 0.317622 0.188037
vt 0.317622 0.188037
vt 0.317622 0.188037
vt 0.313514 0.181142
vt 0.313514 0.181142
vt 0.313514 0.181142
vt 0.307602 0.175823
vt 0.307602 0.175823
vt 0.307602 0.175823
vt 0.307602 0.175823
vt 0.307602 0.175823
vt 0.300544 0.171954
vt 0.300544 0.171954
vt 0.300544 0.171954
vt 0.293014 0.170194
vt 0.293014 0.170194
vt 0.293014 0.170194
vt 0.293014 0.170194
vt 0.285129 0.170328
vt 0.285129 0.170328
vt 0.285129 0.170328
vt 0.277882 0.172625
vt 0.277882 0.172625
vt 0.277882 0.172625
vt 0.271367 0.176649
vt 0.271367 0.176649
vt 0.266032 0.182143
vt 0.266032 0.182143
vt 0.262270 0.188695
vt 0.260737 0.196376
vt 0.260880 0.204028
vt 0.260880 0.204028
vt 0.260880 0.204028
vt 0.263166 0.211549
vt 0.263166 0.211549
vt 0.267256 0.218240
vt 0.273123 0.223713
vt 0.273123 0.223713
vt 0.280101 0.227610
vt 0.280101 0.227610
vt 0.287858 0.229655
vt 0.287858 0.229655
vt 0.287858 0.229655
vt 0.287858 0.229655
vt 0.295665 0.229685
vt 0.295665 0.229685
vt 0.303186 0.227661
vt 0.303186 0.227661
vt 0.309804 0.223828
vt 0.309804 0.223828
vt 0.273805 0.303364
vt 0.273805 0.303364
vt 0.273805 0.303364
vt 0.277207 0.297060
vt 0.277207 0.297060
vt 0.277207 0.297060
vt 0.278781 0.289973
vt 0.278781 0.289973
vt 0.278781 0.289973
vt 0.278781 0.289973
vt 0.278649 0.282840
vt 0.278649 0.282840
vt 0.278649 0.282840
vt 0.276643 0.275873
vt 0.276643 0.275873
vt 0.276643 0.275873
vt 0.276643 0.275873
vt 0.276643 0.275873
vt 0.273260 0.269598
vt 0.273260 0.269598
vt 0.273260 0.269598
vt 0.267989 0.264384
vt 0.267989 0.264384
vt 0.267989 0.264384
vt 0.261885 0.260316
vt 0.261885 0.260316
vt 0.261885 0.260316
vt 0.255020 0.257687
vt 0.255020 0.257687
vt 0.255020 0.257687
vt 0.247747 0.256811
vt 0.247747 0.256811
vt 0.247747 0.256811
vt 0.240664 0.257878
vt 0.233996 0.260278
vt 0.233996 0.260278
vt 0.233996 0.260278
vt 0.228310 0.264534
vt 0.228310 0.264534
vt 0.228310 0.264534
vt 0.223735 0.269755
vt 0.223735 0.269755
vt 0.223735 0.269755
vt 0.220622 0.276150
vt 0.220622 0.276150
vt 0.218943 0.282969
vt 0.218943 0.282969
vt 0.218943 0.282969
vt 0.219290 0.290216
vt 0.219290 0.290216
vt 0.219290 0.290216
vt 0.219290 0.290216
vt 0.221127 0.297153
vt 0.221127 0.297153
vt 0.221127 0.297153
vt 0.224750 0.303496
vt 0.224750 0.303496
vt 0.224750 0.303496
vt 0.229538 0.308808
vt 0.229538 0.308808
vt 0.229538 0.308808
vt 0.229538 0.308808
vt 0.235596 0.312782
vt 0.235596 0.312782
vt 0.242215 0.315360
vt 0.242215 0.315360
vt 0.242215 0.315360
vt 0.249336 0.316183
vt 0.256377 0.315398
vt 0.256377 0.315398
vt 0.263092 0.312773
vt 0.263092 0.312773
vt 0.263092 0.312773
vt 0.269016 0.308813
vt 0.269016 0.308813
vt 0.269016 0.308813
vt 0.174379 0.320725
vt 0.174379 0.320725
vt 0.174379 0.320725
vt 0.173765 0.313555
vt 0.173765 0.313555
vt 0.173765 0.313555
vt 0.171006 0.306937
vt 0.171006 0.306937
vt 0.171006 0.306937
vt 0.171006 0.306937
vt 0.166662 0.301058
vt 0.166662 0.301058
vt 0.166662 0.301058
vt 0.166662 0.301058
vt 0.161314 0.296421
vt 0.161314 0.296421
vt 0.161314 0.296421
vt 0.153575 0.293121
vt 0.153575 0.293121
vt 0.153575 0.293121
vt 0.153575 0.293121
vt 0.145611 0.292666
vt 0.139193 0.293597
vt 0.139193 0.293597
vt 0.139193 0.293597
vt 0.133251 0.296286
vt 0.133251 0.296286
vt 0.127769 0.300493
vt 0.127769 0.300493
vt 0.127769 0.300493
vt 0.127769 0.300493
vt 0.123957 0.305625
vt 0.123957 0.305625
vt 0.121517 0.311582
vt 0.121517 0.311582
vt 0.121151 0.318204
vt 0.122110 0.324787
vt 0.124654 0.330903
vt 0.124654 0.330903
vt 0.128641 0.336726
vt 0.128641 0.336726
vt 0.133800 0.341090
vt 0.133800 0.341090
vt 0.140229 0.344283
vt 0.140229 0.344283
vt 0.146945 0.345679
vt 0.146945 0.345679
vt 0.146945 0.345679
vt 0.153969 0.345222
vt 0.153969 0.345222
vt 0.153969 0.345222
vt 0.160349 0.342856
vt 0.160349 0.342856
vt 0.166105 0.339038
vt 0.166105 0.339038
vt 0.166105 0.339038
vt 0.170339 0.333730
vt 0.170339 0.333730
vt 0.170339 0.333730
vt 0.173272 0.327583
vt 0.159219 0.187064
vt 0.290421 0.199992
vt 0.290421 0.199992
vt 0.290421 0.199992
vt 0.290421 0.199992
vt 0.248733 0.286455
vt 0.147083 0.319382
vt 0.147083 0.319382
vt 0.147083 0.319382
vt 0.335251 0.137802
vt 0.244279 0.113365
vt 0.259998 0.633469
vt 0.259998 0.633469
vt 0.423991 0.192011
vt 0.423991 0.192011
vt 0.967222 0.599395
vt 0.967222 0.599395
vt 0.340408 0.472299
vt 0.977218 0.618121
vt 0.340408 0.472299
vt 0.977218 0.618121
vt 0.324450 0.487188
vt 0.324450 0.487188
vt 0.977508 0.599382
vt 0.324419 0.448019
vt 0.324419 0.448019
vt 0.348147 0.430501
vt 0.348147 0.430501
vt 0.348147 0.430501
vt 0.332694 0.461269
vt 0.910621 0.613331
vt 0.910621 0.613331
vt 0.277056 0.509966
vt 0.277056 0.509966
vt 0.277056 0.509966
vt 0.476459 0.548622
vt 0.476459 0.548622
vt 0.476459 0.548622
vt 0.476459 0.548622
vt 0.045935 0.433499
vt 0.045935 0.433499
vt 0.061153 0.568190
vt 0.061153 0.568190
vt 0.035703 0.566700
vt 0.035703 0.566700
vt 0.172486 0.797533
vt 0.172486 0.797533
vt 0.187197 0.886306
vt 0.187197 0.886306
vt 0.187197 0.886306
vt 0.162914 0.882366
vt 0.162914 0.882366
vt 0.162914 0.882366
vt 0.070137 0.892552
vt 0.752635 0.038020
vt 0.035798 0.912422
vt 0.775842 0.066764
vt 0.775842 0.066764
vt 0.806373 0.097190
vt 0.806373 0.097190
vt 0.806373 0.097190
vt 0.787360 0.702273
vt 0.787360 0.702273
vt 0.787360 0.702273
vt 0.801711 0.682386
vt 0.815359 0.661753
vt 0.815359 0.661753
vt 0.815359 0.661753
vt 0.884693 0.622927
vt 0.906483 0.690275
vt 0.764363 0.680660
vt 0.764363 0.680660
vt 0.764363 0.680660
vt 0.066844 0.362663
vt 0.066844 0.362663
vt 0.066844 0.362663
vt 0.066844 0.362663
vt 0.400835 0.171462
vt 0.408701 0.202248
vt 0.408701 0.202248
vt 0.277196 0.115488
vt 0.277196 0.115488
vt 0.305048 0.122245
vt 0.305048 0.122245
vn 0.699122 0.628655 -0.340619
vn 0.937258 0.028501 0.347470
vn 0.722967 0.520726 -0.454053
vn 0.978134 -0.148310 0.145802
vn 0.978219 -0.151816 0.141560
vn 0.938690 0.025133 0.343846
vn -0.014836 0.991083 -0.132416
vn -0.282410 0.653834 0.701958
vn 0.129159 0.987577 -0.089496
vn -0.037455 0.640297 0.767214
vn -0.040886 0.640770 0.766644
vn -0.288117 0.653640 0.699817
vn -0.226499 0.393438 -0.891014
vn -0.667363 -0.354819 -0.654775
vn -0.321995 0.484136 -0.813592
vn -0.835782 -0.193063 -0.514000
vn -0.834403 -0.194754 -0.515600
vn -0.666446 -0.355523 -0.655326
vn -0.381000 0.583389 -0.717284
vn -0.941932 -0.017274 -0.335358
vn -0.409250 0.680927 -0.607332
vn -0.978251 0.153601 -0.139397
vn -0.978189 0.150422 -0.143248
vn -0.940479 -0.020838 -0.339213
vn -0.389702 0.776423 -0.495277
vn -0.947224 0.313718 0.065937
vn -0.337275 0.860742 -0.381272
vn -0.849324 0.453962 0.269385
vn -0.852432 0.450916 0.264640
vn -0.949115 0.309199 0.059802
vn 0.303819 0.222615 -0.926357
vn 0.277019 -0.653996 -0.703953
vn 0.164598 0.225001 -0.960355
vn 0.034429 -0.639874 -0.767708
vn 0.031099 -0.639401 -0.768244
vn 0.271236 -0.654145 -0.706063
vn 0.025703 0.261983 -0.964730
vn -0.210555 -0.585299 -0.783002
vn -0.108143 0.316072 -0.942552
vn -0.452095 -0.488809 -0.746107
vn -0.452769 -0.488471 -0.745919
vn -0.213482 -0.584398 -0.782883
vn 0.550658 0.283394 -0.785152
vn 0.705455 -0.555149 -0.440616
vn 0.435148 0.238973 -0.868066
vn 0.505249 -0.626136 -0.593866
vn 0.500682 -0.627164 -0.596643
vn 0.699929 -0.557946 -0.445865
vn 0.536736 0.827082 -0.166884
vn 0.660658 0.359937 0.658769
vn 0.640732 0.728096 -0.243594
vn 0.835885 0.192935 0.513879
vn 0.837136 0.191393 0.512418
vn 0.661708 0.359140 0.658149
vn -0.250593 0.926855 -0.279542
vn -0.693522 0.561114 0.451861
vn -0.143265 0.970649 -0.193173
vn -0.503356 0.626565 0.595021
vn -0.507651 0.625586 0.592396
vn -0.699059 0.558381 0.446685
vn 0.702032 0.428809 -0.568572
vn 0.951862 -0.302333 -0.050525
vn 0.645792 0.351062 -0.678017
vn 0.863993 -0.439098 -0.246392
vn 0.860825 -0.442416 -0.251490
vn 0.950353 -0.306152 -0.055681
vn 0.276376 0.957291 -0.084915
vn 0.069259 0.621705 0.780184
vn 0.344923 0.537429 0.769545
vn 0.411012 0.905462 -0.105864
vn 0.437554 0.496007 0.750016
vn 0.436966 0.496293 0.750169
vn 0.069257 0.621706 0.780183
vn 0.344925 0.537427 0.769545
vn 0.496970 0.710029 -0.498879
vn 0.509323 0.647792 -0.566529
vn 0.458545 0.768030 -0.447064
vn 0.403785 0.826216 -0.392841
vn 0.324911 0.871614 -0.367044
vn 0.248101 0.903506 -0.349462
vn 0.161232 0.920686 -0.355445
vn 0.076165 0.923138 -0.376850
vn 0.004078 0.908659 -0.417520
vn -0.062952 0.885005 -0.461305
vn -0.110115 0.844383 -0.524302
vn -0.146477 0.795817 -0.587554
vn -0.154805 0.739134 -0.655527
vn -0.142541 0.679191 -0.719987
vn -0.101982 0.622439 -0.775996
vn -0.051299 0.566503 -0.822461
vn 0.021158 0.526070 -0.850178
vn 0.097836 0.489855 -0.866297
vn 0.181916 0.472336 -0.862441
vn 0.265342 0.467331 -0.843324
vn 0.340290 0.482894 -0.806856
vn 0.410226 0.503394 -0.760466
vn 0.462618 0.546556 -0.698041
vn 0.497326 0.591884 -0.634302
vn 0.183341 0.736549 -0.651062
vn -0.092240 0.322197 -0.942168
vn -0.013203 -0.880926 -0.473069
vn 0.164935 0.323882 -0.931610
vn -0.204463 0.317578 -0.925926
vn -0.236435 -0.859826 -0.452546
vn -0.185537 -0.918976 -0.347936
vn -0.020594 -0.935293 -0.353275
vn -0.972698 0.014639 -0.231612
vn -0.801844 -0.546772 -0.241010
vn -0.994288 -0.096747 -0.045067
vn -0.841875 -0.498973 -0.205601
vn -0.751642 -0.603582 -0.265941
vn -0.703566 -0.661353 -0.260014
vn 0.156314 -0.913890 -0.374662
vn 0.289438 0.315363 -0.903754
vn 0.219988 -0.848239 -0.481763
vn 0.991627 -0.129120 -0.002121
vn 0.858540 -0.471096 -0.202430
vn 0.982873 -0.017064 -0.183491
vn 0.802350 -0.512406 -0.306062
vn 0.652578 -0.671922 -0.350233
vn 0.717119 -0.625633 -0.307121
vn 0.914651 0.102995 -0.390904
vn 0.768886 -0.529216 -0.358809
vn 0.761422 0.204972 -0.614999
vn 0.537271 -0.744634 -0.396056
vn 0.422479 -0.831874 -0.359857
vn 0.628464 -0.691410 -0.356349
vn -0.673017 0.238836 -0.700004
vn -0.579977 -0.746859 -0.325314
vn -0.866496 0.148641 -0.476541
vn -0.705433 -0.634034 -0.316804
vn -0.614540 -0.725044 -0.310889
vn -0.499128 -0.807560 -0.314195
vn 0.549210 0.276564 -0.788594
vn 0.413989 -0.800158 -0.434006
vn 0.321972 -0.868831 -0.376120
vn -0.442589 0.290499 -0.848366
vn -0.428989 -0.808707 -0.402445
vn -0.346228 -0.876891 -0.333449
vn -0.971580 -0.178934 0.154968
vn -0.862843 -0.485527 -0.140586
vn -0.783203 -0.574161 -0.238605
vn 0.944203 -0.235873 0.229880
vn 0.833216 -0.536491 -0.133895
vn 0.701176 -0.651938 -0.288668
vn -0.895983 -0.257350 0.361919
vn -0.871431 -0.489648 -0.029211
vn -0.724996 -0.367625 0.582437
vn -0.827753 -0.554436 0.086174
vn -0.766014 -0.637951 -0.078999
vn -0.800602 -0.575449 -0.167020
vn 0.826696 -0.332357 0.453996
vn 0.818065 -0.575117 -0.003199
vn 0.696974 -0.682444 -0.220221
vn 0.396007 -0.483138 0.780869
vn 0.482543 -0.867920 -0.117756
vn 0.632580 -0.424033 0.648104
vn 0.664414 -0.745354 -0.054787
vn 0.543418 -0.800954 -0.251336
vn 0.373429 -0.868569 -0.325788
vn -0.061368 -0.507100 0.859699
vn -0.127235 -0.991084 -0.039539
vn -0.101421 -0.938168 -0.330990
vn -0.389980 -0.873938 -0.290084
vn -0.278510 -0.485440 0.828722
vn -0.476203 -0.879317 -0.005718
vn -0.495086 -0.446387 0.745405
vn -0.722880 -0.690638 -0.021563
vn -0.627183 -0.742138 -0.236373
vn -0.025522 -0.969588 -0.243409
vn -0.062183 -0.936349 -0.345520
vn 0.162384 -0.920086 -0.356472
vn 0.105104 -0.960581 -0.257368
vn 0.240118 -0.751180 -0.614876
vn 0.157493 -0.773319 -0.614145
vn 0.093385 -0.759395 -0.643894
vn 0.316103 -0.877079 -0.361678
vn 0.300377 -0.911144 -0.282117
vn 0.233083 -0.934481 -0.269106
vn 0.412205 -0.829789 -0.376214
vn 0.401628 -0.859289 -0.316730
vn 0.320719 -0.824376 -0.466416
vn 0.157281 -0.856892 -0.490916
vn 0.438506 -0.788447 -0.431351
vn 0.316956 -0.759526 -0.568031
vn 0.436773 -0.750857 -0.495423
vn 0.353345 -0.744996 -0.565799
vn 0.441821 -0.726436 -0.526389
vn -0.599847 -0.673360 -0.432169
vn -0.494636 -0.727590 -0.475340
vn -0.631973 -0.674307 -0.381995
vn -0.678735 -0.642551 -0.355595
vn -0.076786 -0.864240 -0.497184
vn -0.268359 -0.905525 -0.328646
vn -0.286014 -0.836613 -0.467199
vn -0.163155 -0.957841 -0.236477
vn -0.075054 -0.762964 -0.642070
vn -0.310906 -0.742370 -0.593484
vn -0.449178 -0.834932 -0.318007
vn -0.474217 -0.781921 -0.404621
vn -0.555505 -0.782881 -0.280199
vn -0.594225 -0.729673 -0.338340
vn -0.477618 -0.669871 -0.568466
vn -0.276375 -0.725459 -0.630338
vn -0.285742 -0.930578 -0.228856
vn -0.398911 -0.885537 -0.238106
vn -0.456124 -0.859548 -0.230494
vn 0.165619 -0.508178 0.845178
vn 0.216145 -0.974490 -0.060424
vn 0.156964 -0.930852 -0.329965
vn -0.077995 -0.751914 -0.654631
vn -0.106545 0.326112 -0.939308
vn 0.152844 0.320187 -0.934943
vn -0.238488 0.319506 -0.917082
vn 0.888234 0.088976 -0.450692
vn 0.731990 0.188216 -0.654802
vn -0.698414 0.229791 -0.677800
vn -0.874817 0.124898 -0.468076
vn 0.526271 0.263454 -0.808474
vn 0.971715 -0.024104 -0.234924
vn -0.966899 -0.001755 -0.255154
vn 0.949862 -0.230291 0.211490
vn 0.991326 -0.130670 -0.014087
vn 0.842415 -0.323550 0.430874
vn 0.462311 -0.464568 0.755278
vn 0.674568 -0.405172 0.617084
vn -0.993899 -0.101185 -0.043898
vn -0.963006 -0.202904 0.177342
vn -0.276768 -0.493176 0.824728
vn -0.030014 -0.508680 0.860432
vn 0.277666 0.309285 -0.909530
vn 0.223402 -0.497606 0.838141
vn -0.516356 -0.450728 0.728162
vn -0.482223 0.287435 -0.827552
vn -0.874323 -0.301878 0.380038
vn -0.723739 -0.385184 0.572569
vn 0.765003 0.603682 0.224362
vn 0.642473 0.763060 -0.070489
vn 0.451237 0.890930 0.051270
vn 0.523749 0.762734 0.379373
vn -0.187258 -0.239525 -0.952661
vn -0.112859 0.054545 -0.992113
vn 0.090159 0.030729 -0.995453
vn 0.074121 -0.291157 -0.953800
vn -0.160769 0.932384 0.323750
vn 0.104941 0.928323 0.356655
vn -0.305003 0.911485 0.275985
vn -0.237830 0.968045 0.079532
vn -0.114685 0.985286 0.126728
vn 0.113290 0.980445 0.160914
vn 0.342028 -0.281800 -0.896440
vn 0.303348 0.042899 -0.951914
vn 0.507691 0.102707 -0.855396
vn 0.595021 -0.217828 -0.773628
vn 0.795829 -0.093032 -0.598332
vn 0.663304 0.204078 -0.719986
vn 0.764962 0.332268 -0.551754
vn 0.919489 0.064244 -0.387830
vn 0.954592 0.245433 -0.168867
vn 0.793955 0.473163 -0.381775
vn 0.752012 0.622388 -0.217051
vn 0.903448 0.426928 0.038916
vn 0.236111 0.856374 0.459212
vn 0.219462 0.970115 0.103503
vn -0.109480 0.990055 0.088346
vn 0.112783 0.986912 0.115262
vn -0.178854 0.880933 0.438141
vn 0.097758 0.876717 0.470967
vn -0.814150 0.141221 -0.563219
vn -0.619977 0.382832 -0.684886
vn -0.500137 0.237030 -0.832874
vn -0.660901 -0.033099 -0.749743
vn -0.827886 0.388544 -0.404524
vn -0.775663 0.209251 -0.595450
vn -0.650722 0.354230 -0.671627
vn -0.699310 0.509328 -0.501548
vn -0.324468 0.124717 -0.937639
vn -0.429865 -0.164834 -0.887719
vn -0.856866 0.496701 -0.138087
vn -0.646428 0.675604 -0.354527
vn -0.669776 0.532443 -0.517595
vn -0.879467 0.324643 -0.348059
vn -0.709533 0.704133 -0.027565
vn -0.806507 0.551020 -0.214298
vn -0.674918 0.657690 -0.334558
vn -0.592330 0.787690 -0.169381
vn -0.538721 0.831545 0.135323
vn -0.443935 0.895538 -0.030537
vn 0.873105 0.486670 -0.028980
vn 0.735015 0.661077 0.150762
vn 0.671282 0.741121 -0.010951
vn 0.790852 0.588988 -0.166270
vn 0.760344 0.601688 0.244640
vn 0.541850 0.752902 0.373547
vn 0.522008 0.805516 0.280449
vn -0.189687 0.882418 0.430532
vn 0.096630 0.879797 0.465424
vn -0.334763 0.859684 0.385846
vn 0.253136 0.855898 0.450956
vn 0.250610 0.904668 0.344630
vn -0.890033 0.308117 -0.336013
vn -0.835376 0.115651 -0.537375
vn -0.768948 0.636527 0.059597
vn -0.870241 0.474106 -0.133804
vn -0.584112 0.777189 0.234073
vn 0.907631 0.416546 0.051923
vn 0.787348 0.355962 0.503363
vn 0.103256 -0.638486 0.762676
vn 0.044542 -0.597694 0.800486
vn 0.536951 0.527675 0.658212
vn -0.104027 -0.841070 0.530828
vn -0.109912 -0.550253 -0.827732
vn -0.331368 0.864010 0.379055
vn -0.401826 0.646607 0.648410
vn -0.180611 -0.581394 0.793322
vn -0.233573 0.023280 0.972060
vn -0.014291 0.025566 0.999571
vn 0.034501 -0.845327 0.533135
vn 0.597644 -0.537114 -0.595256
vn 0.308710 -0.585422 -0.749653
vn -0.033238 -0.853930 0.519325
vn 0.132592 -0.785419 0.604596
vn 0.957607 -0.236213 -0.164900
vn 0.826392 -0.402716 -0.393569
vn 0.096398 -0.823279 0.559392
vn 0.939182 0.159422 0.304173
vn 0.137011 -0.689722 0.710993
vn 0.996366 -0.037024 0.076711
vn 0.147853 -0.738411 0.657943
vn -0.033113 -0.574918 0.817541
vn 0.224099 0.631486 0.742297
vn -0.229513 -0.802690 0.550466
vn -0.749372 -0.298056 -0.591274
vn -0.912508 -0.110377 -0.393885
vn -0.264371 -0.768626 0.582513
vn -0.982521 0.089284 -0.163344
vn -0.276948 -0.730903 0.623763
vn -0.479816 -0.463764 -0.744782
vn -0.177747 -0.826027 0.534870
vn -0.960097 0.271467 0.067223
vn -0.272948 -0.692639 0.667645
vn -0.754191 0.653371 0.065589
vn -0.262372 -0.651060 0.712238
vn -0.852475 0.436636 0.287463
vn -0.574583 0.780221 0.247203
vn -0.230767 -0.614064 0.754766
vn -0.659997 0.565162 0.494970
vn 0.477343 0.871699 0.110837
vn -0.136185 0.000162 -0.990683
vn 0.080628 -0.027873 -0.996354
vn -0.223216 0.973887 0.041457
vn 0.307350 -0.023208 -0.951313
vn 0.523741 0.036344 -0.851102
vn 0.695350 0.140599 -0.704783
vn 0.806492 0.281173 -0.520108
vn 0.837346 0.428703 -0.339213
vn 0.233036 0.960281 0.153474
vn -0.528941 0.198675 -0.825075
vn -0.350361 0.076163 -0.933513
vn -0.565201 0.801744 -0.194303
vn -0.421412 0.905031 -0.057710
vn -0.193863 -0.194753 -0.961503
vn -0.223103 -0.312406 -0.923378
vn 0.039850 -0.355894 -0.933676
vn 0.054820 -0.232998 -0.970931
vn 0.316615 -0.227412 -0.920890
vn 0.315245 -0.349596 -0.882272
vn 0.579129 -0.277084 -0.766703
vn 0.564695 -0.159865 -0.809668
vn 0.765504 -0.042640 -0.642017
vn 0.791814 -0.154720 -0.590841
vn 0.928703 0.031341 -0.369499
vn 0.893466 0.129162 -0.430158
vn 0.925786 0.304593 -0.223927
vn 0.962673 0.224159 -0.151703
vn -0.689602 -0.071264 -0.720673
vn -0.635604 0.032463 -0.771332
vn -0.470691 -0.217917 -0.854964
vn -0.430793 -0.106705 -0.896120
vn 0.170247 -0.524310 0.834335
vn 0.213489 -0.554665 0.804220
vn -0.169257 -0.901715 0.397822
vn -0.115077 -0.915657 0.385135
vn -0.176290 -0.452909 0.873954
vn -0.146497 -0.445771 0.883078
vn -0.084453 -0.448216 0.889927
vn 0.074437 -0.910507 0.406739
vn 0.026535 -0.920460 0.389936
vn 0.244633 -0.820602 0.516496
vn 0.220504 -0.848243 0.481520
vn 0.282864 -0.673816 0.682612
vn 0.290228 -0.709261 0.642431
vn -0.056650 -0.451714 0.890362
vn 0.004599 -0.453818 0.891082
vn -0.366258 -0.797544 0.479352
vn -0.393941 -0.765566 0.508644
vn -0.407059 -0.731039 0.547617
vn -0.416527 -0.697174 0.583485
vn -0.298426 -0.852907 0.428360
vn -0.338984 -0.825556 0.451163
vn -0.414356 -0.665607 0.620706
vn -0.409702 -0.629222 0.660473
vn -0.396388 -0.594883 0.699279
vn -0.380290 -0.560480 0.735691
vn -0.352663 -0.535027 0.767708
vn -0.317094 -0.503972 0.803408
vn -0.277037 -0.481789 0.831342
vn -0.232778 -0.457830 0.858024
vn -0.209848 -0.890898 0.402821
vn -0.258857 -0.875507 0.408019
vn 0.063667 -0.470893 0.879890
vn 0.125697 -0.489514 0.862888
vn 0.244622 -0.595578 0.765145
vn 0.272560 -0.632920 0.724654
vn 0.281699 -0.748406 0.600445
vn 0.270467 -0.786614 0.555056
vn 0.175240 -0.873866 0.453486
vn 0.129507 -0.895256 0.426314
vn -0.027554 -0.921203 0.388106
vn -0.065060 -0.918672 0.389626
vn 0.507162 -0.248596 0.825219
vn 0.425806 -0.178736 0.886985
vn 0.610378 0.230500 0.757831
vn 0.723679 0.140529 0.675678
vn 0.337445 -0.122364 0.933358
vn 0.495335 0.299060 0.815602
vn -0.184008 -0.032124 0.982400
vn -0.063281 -0.041665 0.997126
vn -0.243359 -0.039826 0.969118
vn -0.265009 0.415974 0.869906
vn -0.187256 0.427872 0.884229
vn -0.024765 0.419919 0.907224
vn -0.351605 -0.056645 0.934433
vn -0.407896 0.390950 0.825093
vn 0.663077 -0.540266 0.518113
vn 0.654165 -0.465043 0.596493
vn 0.912945 -0.144757 0.381545
vn 0.929000 -0.245243 0.277157
vn 0.627578 -0.394045 0.671471
vn 0.878951 -0.053931 0.473853
vn 0.111991 -0.057014 0.992072
vn -0.005353 -0.042695 0.999074
vn 0.052502 0.418024 0.906918
vn 0.208876 0.394296 0.894931
vn -0.708393 -0.662894 0.242385
vn -0.659689 -0.731072 0.174195
vn -0.838748 -0.509971 -0.190872
vn -0.904572 -0.416022 -0.093141
vn -0.598894 -0.792851 0.112752
vn -0.755234 -0.594044 -0.277008
vn -0.757915 -0.514737 0.400762
vn -0.742121 -0.587933 0.321858
vn -0.950684 -0.309784 0.015293
vn -0.971059 -0.205914 0.121013
vn -0.744578 -0.370859 0.555038
vn -0.759122 -0.443257 0.476714
vn -0.968827 -0.108299 0.222814
vn -0.945347 -0.014329 0.325751
vn -0.667242 -0.241083 0.704747
vn -0.712698 -0.301507 0.633368
vn -0.900309 0.074964 0.428747
vn -0.836964 0.155657 0.524654
vn -0.529300 -0.132814 0.837975
vn -0.607582 -0.185532 0.772283
vn -0.754163 0.229949 0.615111
vn -0.647841 0.298268 0.700955
vn -0.443196 -0.089093 0.891986
vn -0.531178 0.352269 0.770556
vn -0.430808 -0.902429 0.005179
vn -0.341977 -0.939330 -0.026680
vn -0.398876 -0.794146 -0.458509
vn -0.521593 -0.745149 -0.415564
vn -0.247078 -0.967868 -0.046734
vn -0.274846 -0.829403 -0.486364
vn 0.229603 -0.082655 0.969768
vn 0.361055 0.353838 0.862808
vn 0.457922 0.888311 0.034797
vn 0.546197 0.837367 -0.022026
vn 0.650562 0.689634 0.318077
vn 0.538347 0.748141 0.387902
vn 0.621758 0.778334 -0.087249
vn 0.753802 0.615784 0.229333
vn 0.019942 -0.870152 -0.492380
vn 0.053089 -0.683434 -0.728079
vn -0.110316 -0.670616 -0.733556
vn -0.130792 -0.857324 -0.497884
vn 0.084869 -0.429580 -0.899032
vn -0.077765 -0.420283 -0.904055
vn -0.222387 -0.394502 -0.891579
vn -0.260328 -0.641882 -0.721261
vn -0.228552 0.971275 0.066244
vn -0.108002 0.990281 0.087632
vn -0.192209 0.873003 0.448242
vn -0.340109 0.842071 0.418618
vn -0.044374 0.994997 0.089509
vn 0.068005 0.992575 0.100851
vn -0.113286 0.886155 0.449328
vn 0.038032 0.884199 0.465561
vn 0.557392 -0.760295 -0.333566
vn 0.615208 -0.555465 -0.559444
vn 0.487301 -0.608055 -0.626743
vn 0.432695 -0.808703 -0.398464
vn 0.616178 -0.299342 -0.728504
vn 0.496354 -0.351842 -0.793625
vn 0.368201 -0.389622 -0.844170
vn 0.350347 -0.647088 -0.677152
vn 0.298756 -0.843867 -0.445683
vn 0.892531 -0.448412 0.048116
vn 0.961343 -0.222556 -0.162138
vn 0.911493 -0.312737 -0.267162
vn 0.843273 -0.534932 -0.052336
vn 0.934530 0.024730 -0.355024
vn 0.888731 -0.063224 -0.454049
vn 0.821214 -0.146147 -0.551588
vn 0.837630 -0.399961 -0.372031
vn 0.771006 -0.618570 -0.151396
vn 0.941578 0.191544 0.277024
vn 0.978277 0.099258 0.181992
vn 0.907421 0.416654 0.054647
vn 0.943665 0.329030 -0.035148
vn 0.962143 0.235140 -0.137805
vn 0.997419 -0.003659 0.071709
vn 0.124656 0.987492 0.096542
vn 0.111964 0.880959 0.459756
vn 0.237019 0.967337 0.089892
vn 0.259394 0.853944 0.451104
vn -0.540679 0.191667 -0.819103
vn -0.603361 0.255493 -0.755433
vn -0.793584 -0.054641 -0.606002
vn -0.711523 -0.135647 -0.689446
vn -0.661048 0.337516 -0.670148
vn -0.865165 0.041631 -0.499756
vn -0.698473 0.431710 -0.570756
vn -0.911061 0.155753 -0.381718
vn -0.710329 0.512006 -0.482993
vn -0.925748 0.259668 -0.274887
vn -0.525232 -0.551191 -0.648321
vn -0.657941 -0.469562 -0.588749
vn -0.646547 -0.675593 -0.354332
vn -0.482777 -0.306205 -0.820466
vn -0.610760 -0.222950 -0.759780
vn -0.769770 -0.378625 -0.513904
vn -0.705767 0.582890 -0.402656
vn -0.920564 0.350455 -0.172463
vn -0.683445 0.657589 -0.316985
vn -0.895077 0.441095 -0.065367
vn -0.640549 0.732130 -0.231697
vn -0.845599 0.532431 0.038472
vn -0.583601 0.796593 -0.157638
vn -0.777622 0.615028 0.130558
vn -0.514286 0.852853 -0.090288
vn -0.691925 0.688756 0.216460
vn -0.428022 0.903403 -0.025697
vn -0.584708 0.754189 0.298859
vn -0.333472 0.942361 0.027416
vn -0.467663 0.803894 0.367486
vn -0.139658 -0.004000 -0.990192
vn -0.240831 0.021674 -0.970325
vn -0.347606 -0.361767 -0.865040
vn -0.354881 0.065947 -0.932583
vn 0.351138 0.933580 0.071624
vn 0.405486 0.806807 0.429701
vn 0.781434 0.405495 0.474273
vn 0.880736 0.294078 0.371244
vn 0.819851 0.038148 0.571305
vn 0.845431 0.515692 0.138952
vn 0.992030 -0.116761 -0.047369
vn 0.922621 -0.350819 0.160303
vn 0.960332 0.128630 -0.247419
vn 0.735108 -0.485078 -0.473620
vn 0.672652 -0.696706 -0.249280
vn 0.727679 -0.228725 -0.646659
vn 0.336257 -0.003111 -0.941765
vn 0.231258 -0.023264 -0.972614
vn 0.233324 -0.416369 -0.878747
vn 0.111053 -0.030844 -0.993336
vn 0.320513 0.898544 -0.299817
vn 0.374841 0.865945 -0.331109
vn 0.420379 0.829949 -0.366697
vn 0.113692 0.366207 -0.923562
vn 0.033735 0.371457 -0.927837
vn -0.022966 -0.022910 -0.999474
vn -0.035146 0.383526 -0.922861
vn -0.026888 0.903914 -0.426868
vn 0.091874 0.746057 -0.659513
vn 0.020044 0.910123 -0.413854
vn 0.089597 0.746773 -0.659016
vn -0.019523 0.963852 -0.265721
vn -0.091369 0.954884 -0.282574
vn 0.044374 0.911586 -0.408709
vn 0.089608 0.745681 -0.660250
vn 0.089894 0.910461 -0.403708
vn 0.017124 0.965027 -0.261589
vn 0.086588 0.963017 -0.255148
vn 0.366043 0.414892 -0.832993
vn 0.308302 0.391818 -0.866850
vn 0.436123 0.027346 -0.899471
vn 0.530802 0.068784 -0.844700
vn 0.249353 0.376589 -0.892190
vn 0.508137 0.564465 -0.650520
vn 0.489339 0.520483 -0.699746
vn 0.737596 0.254679 -0.625373
vn 0.770700 0.327547 -0.546566
vn 0.461495 0.481088 -0.745370
vn 0.688369 0.187542 -0.700696
vn 0.489831 0.745464 -0.452050
vn 0.508620 0.702595 -0.497660
vn 0.772562 0.562105 -0.295274
vn 0.741692 0.632527 -0.223165
vn 0.517972 0.659503 -0.544758
vn 0.787342 0.489916 -0.374265
vn 0.089763 0.745980 -0.659891
vn 0.112147 0.907758 -0.404226
vn 0.119020 0.958839 -0.257804
vn 0.088949 0.745835 -0.660166
vn 0.156793 0.899655 -0.407475
vn 0.185814 0.946636 -0.263350
vn -0.279919 0.493713 -0.823343
vn -0.315451 0.531355 -0.786227
vn -0.349812 0.582226 -0.733924
vn -0.191871 0.661425 -0.725053
vn 0.096176 0.749868 -0.654559
vn -0.207758 0.699037 -0.684240
vn 0.095794 0.751494 -0.652748
vn -0.373491 0.638790 -0.672645
vn -0.213441 0.728918 -0.650477
vn 0.095385 0.750108 -0.654400
vn -0.381546 0.685566 -0.620018
vn -0.165082 0.425093 -0.889969
vn -0.232165 0.459379 -0.857363
vn -0.461964 0.128299 -0.877569
vn -0.211348 0.755483 -0.620143
vn 0.093077 0.748377 -0.656710
vn -0.378555 0.727347 -0.572418
vn -0.201948 0.784829 -0.585885
vn 0.095396 0.747771 -0.657067
vn -0.364033 0.772376 -0.520495
vn -0.337855 0.816713 -0.467797
vn -0.304602 0.854015 -0.421755
vn -0.164992 0.837724 -0.520573
vn 0.094786 0.747259 -0.657738
vn -0.138671 0.858885 -0.493038
vn 0.093359 0.747002 -0.658234
vn -0.264048 0.886396 -0.380239
vn -0.105091 0.878334 -0.466354
vn 0.093982 0.746521 -0.658691
vn -0.212043 0.915867 -0.340920
vn -0.068039 0.893390 -0.444100
vn 0.092918 0.747373 -0.657875
vn -0.154592 0.938597 -0.308442
vn -0.095611 0.399525 -0.911723
vn 0.202897 0.886130 -0.416660
vn 0.088375 0.746306 -0.659710
vn 0.254585 0.926617 -0.276707
vn 0.248182 0.867017 -0.432074
vn 0.088269 0.746009 -0.660060
vn 0.460201 0.788606 -0.407818
vn 0.690281 0.706758 -0.154937
vn 0.518433 0.613062 -0.596139
vn 0.787948 0.409746 -0.459615
vn 0.419395 0.445454 -0.790999
vn 0.617878 0.123787 -0.776469
vn 0.186314 0.368437 -0.910791
vn 0.663595 0.490425 0.564912
vn 0.543549 0.551720 0.632582
vn -0.161819 0.699502 0.696069
vn 0.008687 0.693531 0.720375
vn -0.241998 0.683376 0.688792
vn -0.393262 0.650083 0.650182
vn 0.248611 0.661051 0.707958
vn 0.087404 0.691012 0.717539
vn -0.929751 -0.192647 -0.313769
vn -0.857959 -0.291851 -0.422764
vn -0.995818 0.033566 -0.084975
vn -0.977566 -0.076384 -0.196290
vn -0.964534 0.227421 0.133994
vn -0.990980 0.131868 0.023862
vn -0.847328 0.408238 0.339671
vn -0.915534 0.321946 0.241139
vn -0.646928 0.555569 0.522329
vn -0.759044 0.486107 0.433073
vn -0.524141 0.608899 0.595414
vn -0.390677 -0.606158 -0.692780
vn 0.405148 0.610986 0.680111
vn 0.205562 -0.673731 -0.709810
vn 0.160227 -0.864836 -0.475801
vn -0.027353 -0.998156 -0.054186
vn -0.136668 -0.988952 -0.057407
vn 0.375735 -0.924576 0.063104
vn 0.277844 -0.960509 0.014996
vn 0.175139 -0.984344 -0.019852
vn 0.632651 -0.693209 0.345275
vn 0.593062 -0.759036 0.268593
vn 0.538674 -0.819411 0.195947
vn -0.520347 -0.852257 0.053814
vn 0.579169 -0.323744 0.748166
vn 0.656618 -0.618707 0.431341
vn 0.465060 -0.876360 0.125350
vn 0.072420 -0.996495 -0.041863
vn 0.285884 0.845207 -0.451548
vn 0.088993 0.746665 -0.659220
vn 0.316234 0.821257 -0.474903
vn 0.087059 0.747051 -0.659042
vn 0.109460 0.518675 -0.847936
vn 0.092488 0.752610 -0.651939
vn 0.056403 0.523026 -0.850449
vn 0.092053 0.752526 -0.652098
vn 0.011054 0.530362 -0.847699
vn 0.092741 0.752495 -0.652036
vn 0.276164 0.548134 -0.789483
vn 0.091076 0.752467 -0.652303
vn 0.237693 0.532960 -0.812069
vn 0.090787 0.752053 -0.652821
vn 0.198871 0.523463 -0.828515
vn 0.091616 0.752424 -0.652276
vn 0.372140 0.643375 -0.669015
vn 0.085877 0.748047 -0.658066
vn 0.358488 0.614706 -0.702583
vn 0.087920 0.746727 -0.659295
vn 0.339086 0.590521 -0.732329
vn 0.087936 0.749736 -0.655868
vn 0.362323 0.764030 -0.533835
vn 0.086316 0.747563 -0.658558
vn 0.374883 0.734904 -0.565137
vn 0.087227 0.747265 -0.658777
vn 0.380717 0.706353 -0.596758
vn 0.086390 0.748371 -0.657630
vn -0.147813 0.604166 -0.783029
vn 0.094370 0.750697 -0.653872
vn -0.170330 0.627588 -0.759685
vn 0.095681 0.748255 -0.656475
vn -0.073213 0.559748 -0.825423
vn 0.091614 0.753074 -0.651526
vn -0.117051 0.582789 -0.804149
vn 0.089402 0.751715 -0.653400
vn -0.185664 0.813677 -0.550871
vn 0.094864 0.748129 -0.656737
vn -0.028190 0.541343 -0.840329
vn 0.093389 0.753005 -0.651354
vn 0.342419 0.793503 -0.503093
vn 0.086771 0.748114 -0.657872
vn 0.379985 0.675818 -0.631571
vn 0.085820 0.749267 -0.656684
vn 0.311546 0.568115 -0.761698
vn 0.093357 0.750334 -0.654433
vn 0.157542 0.518770 -0.840273
vn 0.092889 0.752142 -0.652422
vn 0.091733 0.746281 -0.659280
vn 0.091106 0.748976 -0.656304
vn 0.089708 0.745878 -0.660014
vn 0.089010 0.745989 -0.659983
vn 0.095930 0.749910 -0.654548
vn 0.095106 0.749943 -0.654631
vn 0.095082 0.747960 -0.656899
vn 0.094534 0.747362 -0.657658
vn 0.093737 0.746678 -0.658548
vn 0.088358 0.746172 -0.659864
vn 0.087310 0.747125 -0.658924
vn 0.092461 0.752474 -0.652099
vn 0.092613 0.752438 -0.652120
vn 0.091083 0.752117 -0.652705
vn 0.091725 0.752281 -0.652426
vn 0.086205 0.748131 -0.657927
vn 0.088463 0.749584 -0.655972
vn 0.086554 0.747607 -0.658477
vn 0.086583 0.748281 -0.657707
vn 0.093960 0.750627 -0.654011
vn 0.091774 0.752775 -0.651849
vn 0.172387 0.419238 0.891360
vn 0.301366 0.777513 0.551952
vn 0.276178 0.767407 0.578629
vn 0.815974 0.572426 0.080718
vn 0.129938 0.366339 0.921364
vn 0.853110 0.432449 0.291875
vn 0.907678 0.398990 0.130109
vn 0.941347 0.299922 0.154638
vn 0.969920 0.216248 0.111771
vn 0.922685 0.383047 0.043911
vn 0.978643 0.204395 -0.021910
vn 0.928960 0.364256 -0.065963
vn 0.725905 -0.672608 0.143735
vn 0.758546 -0.650512 0.037977
vn 0.862375 -0.502515 0.061542
vn 0.828004 -0.525720 0.195009
vn 0.999047 -0.028306 0.033218
vn 0.957523 -0.281223 0.063736
vn 0.962093 -0.266922 -0.055954
vn 0.993684 -0.035091 -0.106589
vn 0.694398 -0.707092 0.133540
vn 0.765716 -0.622636 0.161258
vn 0.660873 -0.737570 0.138697
vn 0.677079 -0.728861 0.101615
vn 0.972444 0.129677 0.193744
vn 0.981917 -0.031366 0.186693
vn 0.702520 -0.711188 0.026014
vn 0.976151 -0.111106 0.186506
vn 0.879738 0.470336 -0.069599
vn 0.953604 0.260840 -0.150338
vn 0.974637 0.177849 -0.135841
vn 0.930596 0.341728 -0.131201
vn 0.781984 -0.620724 -0.056591
vn 0.872675 -0.484291 -0.062452
vn 0.714865 -0.697320 -0.052092
vn 0.613262 -0.788452 0.047477
vn 0.649789 -0.760109 0.002958
vn 0.859437 0.506545 -0.069144
vn 0.848981 0.525856 -0.052027
vn 0.985231 -0.156645 -0.069155
vn 0.992706 0.058169 -0.105601
vn 0.993853 0.010900 -0.110171
vn 0.926781 -0.315398 0.203966
vn 0.930552 -0.307891 0.198179
vn 0.974599 -0.209792 -0.078383
vn 0.854378 -0.478303 0.203136
vn 0.901616 -0.414600 -0.123270
vn 0.884179 -0.463935 -0.054692
vn 0.949652 -0.309007 -0.051727
vn 0.783367 -0.601288 -0.157444
vn 0.812204 -0.578843 -0.072558
vn 0.762223 -0.643309 -0.071905
vn 0.667069 -0.742625 0.059390
vn 0.741067 -0.660622 0.119997
vn 0.967061 0.213287 -0.138933
vn 0.936813 0.307304 -0.167171
vn 0.719320 -0.688803 -0.090157
vn 0.653552 -0.755488 -0.045910
vn 0.637619 -0.769780 -0.029681
vn -0.017632 -0.393516 0.919149
vn -0.028255 -0.404536 0.914085
vn 0.752464 -0.590229 0.292281
vn -0.056205 -0.552809 0.831410
vn 0.666178 -0.711841 0.222463
vn -0.057146 -0.560356 0.826278
vn 0.279323 0.848315 -0.449823
vn 0.260237 0.855345 -0.447952
vn 0.742849 0.665695 -0.070886
vn 0.305274 0.938527 -0.161166
vn 0.762474 0.646146 -0.033601
vn 0.321112 0.921787 -0.217245
vn -0.110786 -0.766593 0.632505
vn -0.112409 -0.759842 0.640316
vn 0.593144 -0.796368 0.118228
vn -0.160892 -0.924126 0.346561
vn 0.586956 -0.809607 -0.004353
vn -0.152301 -0.924485 0.349475
vn 0.202556 0.632576 -0.747541
vn 0.173017 0.599478 -0.781467
vn 0.802904 0.566480 -0.185594
vn 0.020308 -0.019355 0.999606
vn 0.884315 0.091471 0.457842
vn 0.034111 0.023670 0.999138
vn 0.337938 0.941145 0.006595
vn 0.780663 0.623575 -0.041465
vn 0.340128 0.938829 -0.053965
vn -0.174084 -0.983286 0.053322
vn -0.180265 -0.982787 0.040430
vn 0.613268 -0.788937 -0.038485
vn -0.192505 -0.953677 -0.231175
vn 0.609632 -0.792567 -0.013634
vn -0.187960 -0.957912 -0.216971
vn -0.014998 -0.230988 0.972841
vn 0.853630 -0.242107 0.461194
vn -0.020462 -0.187826 0.981989
vn -0.021537 -0.335018 0.941965
vn 0.817360 -0.436101 0.376483
vn -0.020391 -0.300276 0.953634
vn -0.079302 -0.233400 -0.969142
vn 0.595132 -0.767431 -0.238469
vn -0.068792 -0.175734 -0.982031
vn 0.722380 -0.589033 -0.362224
vn 0.010993 0.105582 -0.994350
vn 0.008053 0.087383 -0.996142
vn 0.343402 0.918941 0.193966
vn 0.343212 0.908971 0.236594
vn 0.796280 0.604422 -0.024726
vn -0.198579 -0.831750 -0.518419
vn 0.550963 -0.832488 -0.058350
vn -0.133226 -0.451248 -0.882398
vn -0.193814 -0.827393 -0.527122
vn -0.133228 -0.451251 -0.882396
vn -0.194096 -0.879299 -0.434925
vn -0.199164 -0.870640 -0.449799
vn 0.571710 -0.820431 0.006408
vn 0.120281 0.385797 -0.914709
vn 0.105708 0.380208 -0.918840
vn 0.869571 0.364262 -0.333407
vn 0.084708 0.294978 -0.951742
vn 0.081091 0.314114 -0.945916
vn 0.941362 0.106446 -0.320167
vn 0.072712 0.286764 -0.955238
vn 0.948481 -0.123467 -0.291787
vn 0.069407 0.294590 -0.953100
vn 0.054158 0.242483 -0.968643
vn 0.862885 -0.352026 -0.362640
vn 0.052151 0.238585 -0.969720
vn 0.883666 0.468094 -0.004736
vn 0.931217 0.325892 0.163184
vn 0.824010 -0.543186 0.161111
vn 0.816998 0.576638 0.001627
vn 0.832534 0.553973 -0.001305
vn 0.965624 0.034568 0.257636
vn 0.940462 -0.222269 0.257154
vn 0.895206 -0.396418 0.203615
vn 0.665145 -0.738356 -0.111411
vn 0.600111 -0.799912 0.002693
vn 0.683198 0.662916 -0.306240
vn 0.937997 0.029785 0.345360
vn 0.708934 0.562253 -0.425776
vn 0.981895 -0.134171 0.133715
vn 0.982039 -0.137425 0.129278
vn 0.939488 0.026663 0.341543
vn -0.037746 0.996461 -0.075111
vn -0.293753 0.605833 0.739376
vn 0.106490 0.993768 -0.032951
vn -0.048251 0.594139 0.802914
vn -0.051696 0.594566 0.802383
vn -0.299466 0.605632 0.737245
vn -0.239472 0.438731 -0.866122
vn -0.662276 -0.331685 -0.671845
vn -0.336613 0.522643 -0.783285
vn -0.833626 -0.182157 -0.521428
vn -0.832217 -0.183722 -0.523126
vn -0.661346 -0.332335 -0.672440
vn -0.397383 0.614828 -0.681230
vn -0.942866 -0.019381 -0.332608
vn -0.427305 0.705222 -0.565750
vn -0.982102 0.139084 -0.127013
vn -0.981986 0.136134 -0.131038
vn -0.941351 -0.022684 -0.336666
vn -0.409387 0.794542 -0.448448
vn -0.953721 0.287802 0.087093
vn -0.358338 0.873340 -0.329956
vn -0.858048 0.418313 0.297939
vn -0.861111 0.415475 0.293033
vn -0.955540 0.283601 0.080712
vn 0.294388 0.282323 -0.913033
vn 0.288358 -0.606002 -0.741358
vn 0.154991 0.283494 -0.946366
vn 0.045217 -0.593758 -0.803372
vn 0.041872 -0.593331 -0.803869
vn 0.282571 -0.606161 -0.743453
vn 0.015286 0.317497 -0.948136
vn -0.201001 -0.543976 -0.814671
vn -0.119643 0.367165 -0.922429
vn -0.444478 -0.455281 -0.771465
vn -0.445157 -0.454969 -0.771257
vn -0.203948 -0.543151 -0.814489
vn 0.540454 0.340486 -0.769402
vn 0.715691 -0.512740 -0.474219
vn 0.425586 0.298288 -0.854342
vn 0.516415 -0.579335 -0.630624
vn 0.511862 -0.580304 -0.633439
vn 0.710206 -0.515354 -0.479601
vn 0.517206 0.847289 -0.120830
vn 0.655474 0.336411 0.676152
vn 0.623042 0.755263 -0.203459
vn 0.833734 0.182035 0.521297
vn 0.835011 0.180611 0.519747
vn 0.656540 0.335675 0.675483
vn -0.272689 0.935450 -0.224885
vn -0.703843 0.518318 0.485749
vn -0.165970 0.976637 -0.136506
vn -0.514530 0.579738 0.631793
vn -0.518813 0.578814 0.629132
vn -0.709340 0.515761 0.480444
vn 0.689532 0.476618 -0.545326
vn 0.958175 -0.277218 -0.071063
vn 0.634542 0.404033 -0.658874
vn 0.872488 -0.404466 -0.274176
vn 0.869371 -0.407559 -0.279447
vn 0.956727 -0.280771 -0.076426
vn 0.254369 0.966623 -0.030615
vn 0.058913 0.577263 0.814430
vn 0.336348 0.500025 0.798026
vn 0.390038 0.919157 -0.054968
vn 0.429792 0.461911 0.775833
vn 0.429202 0.462172 0.776004
vn 0.058913 0.577263 0.814430
vn 0.336350 0.500023 0.798026
vn 0.478527 0.748634 -0.458867
vn 0.491962 0.690682 -0.530030
vn 0.439051 0.802672 -0.403674
vn 0.383252 0.856386 -0.346008
vn 0.303499 0.898423 -0.317371
vn 0.226070 0.927498 -0.297724
vn 0.138812 0.943015 -0.302415
vn 0.053614 0.944757 -0.323356
vn -0.018322 0.931005 -0.364545
vn -0.085006 0.908389 -0.409393
vn -0.131540 0.870393 -0.474461
vn -0.167093 0.824727 -0.540282
vn -0.174463 0.771868 -0.611377
vn -0.161156 0.716020 -0.679223
vn -0.119594 0.663523 -0.738535
vn -0.067888 0.611515 -0.788315
vn 0.005335 0.574394 -0.818562
vn 0.082736 0.540919 -0.836996
vn 0.167198 0.525123 -0.834440
vn 0.250806 0.520925 -0.815925
vn 0.325555 0.536068 -0.778875
vn 0.395227 0.555453 -0.731620
vn 0.446925 0.596136 -0.666993
vn 0.480905 0.638502 -0.600870
vn 0.163671 0.776717 -0.608212
vn 0.640524 0.716845 -0.275432
vn 0.658726 0.634409 -0.404481
vn 0.960822 0.240746 -0.137338
vn 0.995619 -0.059140 0.072430
vn 0.928423 0.365022 0.069211
vn 0.953846 0.080006 0.289443
vn 0.590219 0.797692 -0.123808
vn 0.831516 0.463269 0.306533
vn 0.838640 0.218890 0.498769
vn 0.335722 0.939689 0.065383
vn 0.485159 0.874411 -0.005168
vn 0.664544 0.569506 0.483781
vn 0.665419 0.337690 0.665720
vn 0.442391 0.679980 0.584737
vn 0.446658 0.431798 0.783612
vn 0.208187 0.771811 0.600804
vn 0.060369 0.518647 0.852855
vn 0.330501 0.466825 0.820271
vn 0.174532 0.981865 0.074032
vn 0.023812 0.997387 0.068209
vn -0.024710 0.797335 0.603031
vn -0.047595 0.527032 0.848512
vn -0.119278 0.991804 0.045796
vn -0.249349 0.786942 0.564400
vn -0.287827 0.523360 0.802029
vn -0.279577 0.960089 0.008127
vn -0.484196 0.713188 0.506869
vn -0.522248 0.483013 0.702819
vn -0.499202 0.842074 -0.204225
vn -0.407555 0.910239 -0.073237
vn -0.673645 0.635241 0.377718
vn -0.714492 0.415221 0.563110
vn -0.815125 0.553598 0.170587
vn -0.871017 0.316245 0.375924
vn -0.878623 0.473589 -0.061110
vn -0.969134 0.192134 0.154478
vn -0.531055 0.771755 -0.349821
vn -0.900032 0.349325 -0.260605
vn -0.996000 0.062292 -0.064056
vn -0.537556 0.693641 -0.479475
vn -0.516643 0.613450 -0.597294
vn -0.863615 0.226431 -0.450442
vn -0.958438 -0.071468 -0.276204
vn -0.467536 0.505831 -0.724945
vn -0.777762 0.050092 -0.626560
vn -0.845515 -0.216304 -0.488177
vn -0.226218 0.363835 -0.903576
vn -0.370195 0.418082 -0.829556
vn -0.620741 -0.088489 -0.779006
vn -0.673860 -0.340424 -0.655763
vn -0.399925 -0.162848 -0.901965
vn -0.452925 -0.439052 -0.775946
vn -0.165015 -0.178577 -0.969990
vn -0.199078 -0.503527 -0.840731
vn -0.067597 0.348774 -0.934766
vn 0.059185 -0.212188 -0.975435
vn 0.044765 -0.530955 -0.846217
vn 0.076269 0.336587 -0.938559
vn 0.215077 0.335338 -0.917219
vn 0.276491 -0.213843 -0.936923
vn 0.283394 -0.527232 -0.801071
vn 0.375837 0.335319 -0.863891
vn 0.509200 -0.225419 -0.830603
vn 0.523757 -0.489964 -0.696860
vn 0.610029 0.452603 -0.650396
vn 0.510188 0.372137 -0.775385
vn 0.708768 -0.170428 -0.684545
vn 0.724715 -0.419131 -0.546916
vn 0.864199 -0.039478 -0.501599
vn 0.883868 -0.311066 -0.349308
vn 0.939299 0.111513 -0.324473
vn 0.973321 -0.185579 -0.134935
vn 0.649230 0.550249 -0.525096
vn 0.995727 -0.063278 0.067255
vn 0.952972 0.079042 0.292570
vn -0.051979 0.526951 0.848304
vn -0.301970 0.519567 0.799290
vn -0.995872 0.060404 -0.067756
vn -0.955312 -0.079598 -0.284680
vn -0.868766 0.319325 0.378519
vn -0.968834 0.194669 0.153182
vn 0.041895 -0.530993 -0.846340
vn 0.284587 -0.529071 -0.799434
vn -0.461616 -0.434617 -0.773317
vn -0.207981 -0.500136 -0.840600
vn 0.875892 -0.320661 -0.360541
vn 0.970063 -0.194635 -0.145239
vn 0.453802 0.430896 0.779995
vn 0.060067 0.518581 0.852916
vn 0.341389 0.467879 0.815195
vn 0.834564 0.219478 0.505304
vn 0.665331 0.336435 0.666443
vn -0.535483 0.477023 0.696927
vn -0.717895 0.412220 0.560982
vn -0.838926 -0.225380 -0.495387
vn -0.672781 -0.342472 -0.655804
vn 0.526178 -0.491658 -0.693837
vn 0.718876 -0.423155 -0.551504
vn 0.063954 0.829170 -0.555327
vn 0.918695 0.375258 -0.123211
vn 0.936633 0.281508 -0.208498
vn 0.935870 -0.211314 0.281946
vn 0.899740 0.435310 -0.031177
vn 0.901334 0.415199 -0.123315
vn 0.913602 -0.100076 0.394102
vn 0.930430 -0.152496 0.333233
vn 0.717074 0.587005 -0.375806
vn 0.712418 0.618433 -0.331666
vn 0.882159 0.388930 -0.265573
vn 0.852104 0.520827 0.051549
vn 0.852706 0.026753 0.521706
vn 0.899740 0.435310 -0.031177
vn 0.895374 -0.084759 0.437173
vn 0.834401 0.539344 0.113501
vn 0.798893 0.047245 0.599614
vn 0.841442 0.538211 0.048008
vn 0.823127 0.001055 0.567856
vn 0.852104 0.520827 0.051549
vn 0.694894 0.662730 -0.279126
vn 0.876806 0.480556 -0.016632
vn 0.757539 0.014723 0.652624
vn 0.796322 0.584318 0.156346
vn 0.716989 0.651037 0.249153
vn 0.688351 0.130391 0.713562
vn 0.586387 0.802077 -0.113234
vn 0.568105 0.804585 -0.172916
vn 0.735739 0.641535 0.217073
vn 0.652970 0.736235 -0.177733
vn 0.800342 0.583051 0.139656
vn 0.841442 0.538211 0.048008
vn 0.677609 0.674651 0.292732
vn 0.538962 0.702431 0.464876
vn 0.544551 0.281281 0.790155
vn 0.557251 0.767073 0.317918
vn 0.652726 0.183194 0.735111
vn 0.476478 0.735061 0.482341
vn 0.457762 0.817718 0.348987
vn 0.529514 0.777103 0.340185
vn 0.538962 0.702431 0.464876
vn 0.495400 0.867118 -0.051812
vn 0.614265 0.733423 0.291153
vn 0.609209 0.787890 0.089959
vn 0.257712 0.910120 0.324448
vn 0.454316 0.691495 0.561633
vn 0.451241 0.839866 0.301672
vn 0.509645 0.764745 0.394242
vn 0.380325 0.851784 0.360302
vn 0.433170 0.802547 0.410221
vn 0.454435 0.744490 0.489104
vn 0.458925 0.644671 0.611381
vn 0.504614 0.604202 0.616689
vn 0.539438 0.697150 0.472216
vn 0.300811 0.932297 0.200839
vn 0.439877 0.826296 0.351771
vn 0.464987 0.854854 0.230242
vn 0.549195 0.787952 0.278417
vn 0.257712 0.910120 0.324448
vn 0.245748 0.965627 0.084688
vn 0.464987 0.854854 0.230242
vn 0.396779 0.884926 0.243869
vn 0.332477 0.878346 0.343465
vn 0.281394 0.958332 0.049174
vn 0.014923 0.999524 0.027018
vn 0.201601 0.974269 0.100780
vn -0.155777 0.987767 0.007068
vn -0.347476 0.932555 0.097994
vn -0.011590 0.999784 0.017257
vn -0.147643 0.988007 -0.045210
vn 0.003984 0.998696 -0.050892
vn -0.011590 0.999784 0.017257
vn 0.104265 0.994019 -0.032470
vn 0.122814 0.991981 0.029854
vn -0.308059 0.950072 0.049637
vn -0.623069 0.780178 0.055747
vn -0.645009 0.747982 0.156482
vn -0.395505 0.914251 -0.087871
vn -0.544183 0.837039 0.056835
vn -0.261554 0.965092 -0.013653
vn -0.486909 0.873437 -0.005334
vn -0.645523 0.750235 0.142992
vn -0.699565 0.706867 0.104633
vn -0.780025 0.586358 0.218509
vn -0.749601 0.650894 0.120145
vn -0.801265 0.584726 0.126766
vn -0.645523 0.750235 0.142992
vn -0.584941 0.810612 0.027441
vn -0.701221 0.704100 0.111946
vn -0.890855 0.413931 0.187185
vn -0.886023 0.410921 0.214725
vn -0.937279 0.098619 0.334339
vn -0.889095 0.434166 0.144951
vn -0.950256 0.014365 0.311137
vn -0.934002 0.357267 0.000493
vn -0.948957 -0.066020 0.308418
vn -0.856763 0.515656 0.007497
vn -0.935949 0.351923 0.012267
vn -0.812801 0.578526 0.068281
vn -0.887519 0.423771 0.180909
vn -0.961629 0.267651 -0.060271
vn -0.940276 0.337686 0.043001
vn -0.965772 -0.099930 0.239372
vn -0.968204 0.236866 -0.080469
vn -0.948664 0.242579 -0.202960
vn -0.969412 -0.131214 0.207422
vn -0.950332 0.255208 -0.178153
vn -0.965905 -0.200924 0.163270
vn -0.957307 -0.204963 0.203845
vn -0.864964 0.480293 -0.145453
vn -0.955658 0.290644 -0.047376
vn -0.952303 0.226833 -0.204121
vn -0.943071 0.138404 -0.302425
vn -0.960316 -0.253508 0.116304
vn -0.920736 0.123484 -0.370131
vn -0.935634 -0.352302 -0.021749
vn -0.959510 -0.271827 0.073832
vn -0.739667 0.436619 -0.512111
vn -0.899317 0.297602 -0.320409
vn -0.909964 0.144078 -0.388854
vn -0.948664 0.242579 -0.202960
vn -0.896470 0.030139 -0.442079
vn -0.935479 -0.351768 -0.033739
vn -0.890970 -0.443304 -0.098255
vn -0.857721 -0.039911 -0.512563
vn -0.850599 -0.514239 -0.109723
vn -0.810925 -0.124120 -0.571835
vn -0.612851 0.265604 -0.744223
vn -0.644350 0.311283 -0.698509
vn -0.698808 0.301090 -0.648854
vn -0.848975 -0.048578 -0.526196
vn -0.787140 0.233793 -0.570746
vn -0.912832 0.106141 -0.394300
vn -0.825723 -0.527526 -0.199745
vn -0.779076 -0.153537 -0.607839
vn -0.764562 -0.595418 -0.246824
vn -0.721317 -0.651446 -0.235202
vn -0.704782 -0.191505 -0.683087
vn -0.509479 0.192685 -0.838632
vn -0.700016 -0.186371 -0.689380
vn -0.523385 0.208215 -0.826266
vn -0.612851 0.265604 -0.744223
vn -0.764924 -0.146520 -0.627235
vn -0.583800 0.270850 -0.765387
vn -0.810925 -0.124120 -0.571835
vn -0.552490 -0.282151 -0.784312
vn -0.582492 -0.745856 -0.323113
vn -0.699328 -0.661601 -0.270599
vn -0.674960 -0.209039 -0.707623
vn -0.541799 -0.771309 -0.333971
vn -0.492845 -0.305438 -0.814746
vn -0.311543 0.133015 -0.940876
vn -0.451496 -0.313489 -0.835390
vn -0.528442 -0.273509 -0.803705
vn -0.483406 0.085377 -0.871223
vn -0.588567 -0.254939 -0.767200
vn -0.345670 -0.390436 -0.853271
vn -0.391131 -0.789473 -0.473022
vn -0.431984 -0.351128 -0.830722
vn -0.474699 -0.758050 -0.447237
vn -0.197263 -0.360530 -0.911650
vn -0.339295 -0.823980 -0.453801
vn -0.270604 -0.359157 -0.893185
vn -0.222215 -0.352535 -0.909032
vn -0.206304 0.045564 -0.977426
vn -0.085719 0.060413 -0.994486
vn -0.114686 0.092895 -0.989049
vn -0.350266 -0.154028 -0.923899
vn -0.345670 -0.390436 -0.853271
vn -0.058630 -0.376603 -0.924517
vn -0.128337 -0.841869 -0.524201
vn -0.210768 -0.338768 -0.916958
vn -0.276974 -0.811455 -0.514612
vn -0.085528 -0.857847 -0.506739
vn 0.012752 -0.355268 -0.934678
vn -0.009657 -0.342802 -0.939358
vn 0.057356 0.050016 -0.997100
vn 0.108402 0.039495 -0.993322
vn 0.063874 -0.352702 -0.933553
vn 0.037436 0.056116 -0.997722
vn -0.197263 -0.360530 -0.911650
vn -0.096052 0.084091 -0.991818
vn -0.092598 -0.354517 -0.930453
vn 0.108805 -0.349707 -0.930519
vn 0.040292 -0.827710 -0.559708
vn 0.155576 -0.856034 -0.492952
vn 0.225700 -0.362361 -0.904298
vn 0.299510 -0.361713 -0.882869
vn 0.234047 0.114072 -0.965510
vn 0.140997 -0.367958 -0.919090
vn 0.094703 -0.350760 -0.931665
vn 0.124304 0.041732 -0.991366
vn 0.140997 -0.367958 -0.919090
vn 0.242639 -0.813187 -0.529012
vn 0.357316 -0.356080 -0.863442
vn 0.355943 -0.795536 -0.490334
vn 0.399404 -0.805916 -0.437008
vn 0.413217 -0.345583 -0.842511
vn 0.569052 -0.300590 -0.765392
vn 0.518554 -0.261340 -0.814128
vn 0.431368 0.133060 -0.892310
vn 0.491713 -0.324082 -0.808201
vn 0.403286 0.163126 -0.900417
vn 0.321018 0.132457 -0.937765
vn 0.356848 -0.354907 -0.864119
vn 0.616251 -0.221980 -0.755618
vn 0.518554 -0.261340 -0.814128
vn 0.479043 -0.745800 -0.462927
vn 0.580637 -0.707276 -0.403263
vn 0.580637 -0.707276 -0.403263
vn 0.620625 -0.718430 -0.314138
vn 0.661527 -0.178313 -0.728414
vn 0.575989 0.182356 -0.796858
vn 0.558350 0.192460 -0.806972
vn 0.547433 0.243782 -0.800554
vn 0.660952 -0.168358 -0.731299
vn 0.524153 0.137539 -0.840445
vn 0.543105 -0.280308 -0.791495
vn 0.624442 -0.204050 -0.753947
vn 0.676002 -0.652647 -0.342159
vn 0.699833 -0.158627 -0.696470
vn 0.772881 -0.101490 -0.626382
vn 0.757208 -0.590582 -0.279014
vn 0.815588 -0.552227 -0.172804
vn 0.805273 -0.089182 -0.586159
vn 0.768422 -0.612745 -0.184582
vn 0.589045 0.299382 -0.750598
vn 0.615990 0.363600 -0.698821
vn 0.796697 -0.099236 -0.596176
vn 0.568198 0.257968 -0.781411
vn 0.731895 -0.136588 -0.667588
vn 0.845275 -0.515045 -0.142266
vn 0.866585 -0.030067 -0.498122
vn 0.889671 0.071238 -0.451010
vn 0.881059 -0.462244 -0.100324
vn 0.904468 0.083287 -0.418332
vn 0.881198 -0.470854 0.042268
vn 0.685174 0.415704 -0.598103
vn 0.711558 0.430757 -0.555099
vn 0.889671 0.071238 -0.451010
vn 0.909263 0.118441 -0.399015
vn 0.700008 0.290974 -0.652167
vn 0.889349 0.036216 -0.455793
vn 0.828880 -0.063059 -0.555860
vn 0.909431 0.118388 -0.398647
vn 0.928446 0.205066 -0.309737
vn 0.921398 -0.382231 0.070184
vn 0.909670 0.284089 -0.302977
vn 0.936050 -0.258792 0.238406
vn 0.936633 0.281508 -0.208498
vn 0.928446 0.205066 -0.309737
vn 0.939658 -0.298748 0.166708
vn 0.723121 0.465488 -0.510311
vn 0.917187 0.176649 -0.357160
vn 0.483197 0.699448 -0.526586
vn 0.707718 0.619833 -0.339031
vn 0.713911 0.521733 -0.467039
vn 0.628384 0.696924 -0.345587
vn 0.466618 0.808576 -0.358430
vn 0.590158 0.778036 -0.215345
vn 0.678705 0.703341 -0.211355
vn 0.391492 0.849215 -0.354355
vn 0.517036 0.853881 -0.059674
vn 0.568105 0.804585 -0.172916
vn 0.403789 0.910791 0.086104
vn 0.507754 0.854208 0.111867
vn 0.503157 0.863196 -0.041532
vn 0.323130 0.922244 -0.212256
vn 0.411880 0.877517 -0.245601
vn 0.381750 0.923976 0.023147
vn 0.471435 0.881647 -0.021168
vn 0.363430 0.926548 0.097092
vn 0.416884 0.883205 0.214839
vn 0.303384 0.942502 -0.140171
vn 0.124374 0.992093 0.016828
vn 0.244585 0.956393 0.159660
vn 0.246041 0.968861 0.027781
vn 0.160637 0.938105 -0.306845
vn 0.183064 0.982977 0.015599
vn 0.200485 0.925790 -0.320498
vn 0.238108 0.970132 0.046350
vn 0.041374 0.949649 -0.310571
vn 0.052125 0.997417 -0.049426
vn 0.122084 0.947685 -0.294937
vn -0.011010 0.963604 -0.267107
vn -0.171290 0.968371 -0.181433
vn -0.183079 0.974850 -0.127082
vn -0.174363 0.970321 -0.167557
vn -0.322631 0.940599 -0.105751
vn -0.158902 0.943221 -0.291694
vn -0.298020 0.936255 -0.186041
vn -0.473082 0.880485 -0.030656
vn -0.215790 0.938785 -0.268546
vn -0.227790 0.897231 -0.378271
vn -0.293953 0.914479 -0.278063
vn -0.466415 0.877231 -0.113677
vn -0.537290 0.842260 -0.043780
vn -0.601927 0.794893 -0.076344
vn -0.528816 0.835151 -0.151251
vn -0.243843 0.880285 -0.406988
vn -0.257102 0.865081 -0.430737
vn -0.279327 0.863338 -0.420267
vn -0.546797 0.819113 -0.173400
vn -0.638782 0.747595 -0.181821
vn -0.641071 0.750177 -0.162057
vn -0.808941 0.584109 0.066565
vn -0.649272 0.734229 -0.198375
vn -0.809434 0.582176 -0.076731
vn -0.696509 0.654016 -0.295192
vn -0.290714 0.823121 -0.487809
vn -0.677960 0.695034 -0.239371
vn -0.311985 0.787835 -0.531019
vn -0.721365 0.626657 -0.294846
vn -0.696509 0.654016 -0.295192
vn -0.840667 0.513335 -0.172529
vn -0.730771 0.594792 -0.334956
vn -0.743194 0.555405 -0.373078
vn -0.939952 0.285857 -0.186481
vn -0.334679 0.760060 -0.557045
vn -0.743590 0.552045 -0.377253
vn -0.395886 0.697009 -0.597873
vn -0.645452 0.518964 -0.560418
vn -0.644350 0.311283 -0.698509
vn -0.538430 0.505679 -0.674078
vn -0.296423 0.552812 -0.778802
vn -0.291233 0.580395 -0.760476
vn -0.621426 0.289018 -0.728216
vn -0.330610 0.587307 -0.738761
vn -0.279110 0.535822 -0.796864
vn -0.530339 0.206523 -0.822246
vn -0.583800 0.270850 -0.765387
vn -0.309654 0.392028 -0.866273
vn -0.261324 0.518126 -0.814405
vn -0.538294 0.204560 -0.817554
vn -0.092936 0.447663 -0.889360
vn -0.122202 0.512737 -0.849804
vn -0.306878 0.115386 -0.944729
vn -0.145587 0.529321 -0.835837
vn -0.488861 0.180432 -0.853498
vn -0.350526 0.119691 -0.928873
vn -0.064355 0.442059 -0.894674
vn -0.092936 0.447663 -0.889360
vn -0.215848 0.097275 -0.971569
vn -0.011267 0.132730 -0.991088
vn -0.001977 0.474562 -0.880220
vn -0.206304 0.045564 -0.977426
vn -0.096052 0.084091 -0.991818
vn 0.062343 0.423270 -0.903856
vn 0.008165 0.035832 -0.999324
vn 0.084606 0.419587 -0.903764
vn 0.069209 0.044963 -0.996588
vn 0.116908 0.438889 -0.890903
vn 0.119593 0.040981 -0.991977
vn 0.249025 0.146163 -0.957404
vn 0.184267 0.422117 -0.887617
vn 0.250593 0.272127 -0.929059
vn 0.232840 0.403188 -0.885000
vn 0.249025 0.146163 -0.957404
vn 0.319933 0.141423 -0.936826
vn 0.254865 0.420076 -0.870965
vn 0.325508 0.504109 -0.799950
vn 0.369429 0.154769 -0.916280
vn 0.292184 0.471102 -0.832281
vn 0.435716 0.171040 -0.883684
vn 0.355638 0.467188 -0.809480
vn 0.534247 0.154112 -0.831161
vn 0.369378 0.547993 -0.750509
vn 0.370253 0.533523 -0.760438
vn 0.581003 0.204618 -0.787761
vn 0.472187 0.451347 -0.757182
vn 0.547433 0.243782 -0.800554
vn 0.534453 0.378230 -0.755845
vn 0.511172 0.461158 -0.725284
vn 0.620973 0.362252 -0.695101
vn 0.573779 0.353050 -0.739008
vn 0.687625 0.494160 -0.531957
vn 0.635111 0.463579 -0.617842
vn 0.679899 0.404934 -0.611364
vn 0.406442 0.766888 -0.496677
vn 0.549406 0.709037 -0.442063
vn 0.323895 0.765118 -0.556494
vn 0.469953 0.728815 -0.497969
vn 0.373686 0.848586 -0.374514
vn 0.275332 0.819086 -0.503280
vn 0.387094 0.820651 -0.420345
vn 0.319809 0.791697 -0.520517
vn 0.431351 0.778921 -0.455212
vn 0.231731 0.836312 -0.496872
vn 0.236713 0.809387 -0.537456
vn 0.296982 0.890086 -0.345758
vn 0.219486 0.844230 -0.488980
vn 0.370328 0.899947 -0.230114
vn 0.291373 0.767935 -0.570419
vn 0.286388 0.764582 -0.577405
vn 0.469725 0.683594 -0.558622
vn 0.429261 0.664484 -0.611715
vn 0.489312 0.670848 -0.557259
vn 0.604154 0.562471 -0.564468
vn 0.587413 0.406234 -0.699943
vn 0.559448 0.477803 -0.677291
vn 0.641014 0.412454 -0.647289
vn 0.516438 0.499351 -0.695659
vn 0.422994 0.597525 -0.681205
vn 0.426441 0.542653 -0.723654
vn 0.537494 0.463777 -0.704280
vn -0.060914 0.835546 -0.546033
vn 0.108966 0.805680 -0.582242
vn 0.146693 0.790172 -0.595071
vn 0.158183 0.786612 -0.596841
vn -0.128688 0.814456 -0.565775
vn -0.125310 0.791040 -0.598793
vn 0.113960 0.814904 -0.568283
vn -0.070167 0.614239 -0.785994
vn 0.077942 0.721225 -0.688301
vn 0.106219 0.771285 -0.627564
vn -0.063281 0.618993 -0.782843
vn -0.117084 0.664259 -0.738276
vn 0.116429 0.763789 -0.634878
vn 0.113514 0.763861 -0.635320
vn 0.206785 0.837303 -0.506126
vn 0.124237 0.756676 -0.641878
vn 0.156509 0.792113 -0.589968
vn 0.214118 0.917118 -0.336226
vn 0.295159 0.953740 0.057097
vn 0.200669 0.909644 -0.363703
vn 0.182531 0.841162 -0.509046
vn 0.236110 0.913507 -0.331295
vn 0.185626 0.836373 -0.515774
vn 0.157907 0.879176 -0.449572
vn 0.201532 0.927672 -0.314340
vn 0.085074 0.851950 -0.516667
vn 0.036671 0.945195 -0.324439
vn 0.127995 0.944753 -0.301760
vn 0.130442 0.826817 -0.547136
vn -0.015833 0.931448 -0.363529
vn 0.067787 0.850821 -0.521065
vn -0.031612 0.911831 -0.409347
vn -0.091245 0.886263 -0.454106
vn -0.085208 0.879340 -0.468510
vn -0.109785 0.863599 -0.492081
vn -0.234805 0.888087 -0.395180
vn -0.130992 0.921381 -0.365920
vn -0.056006 0.888354 -0.455731
vn -0.086586 0.826821 -0.555761
vn -0.274610 0.852728 -0.444348
vn -0.187897 0.806835 -0.560100
vn -0.118285 0.752843 -0.647484
vn -0.392376 0.628320 -0.671756
vn -0.330610 0.587307 -0.738761
vn -0.188010 0.680408 -0.708306
vn -0.083548 0.630691 -0.771524
vn -0.261324 0.518126 -0.814405
vn -0.293667 0.567757 -0.769033
vn 0.000691 0.632867 -0.774260
vn -0.108131 0.551032 -0.827449
vn -0.173286 0.545128 -0.820249
vn 0.069474 0.587225 -0.806437
vn 0.074279 0.657751 -0.749564
vn -0.096489 0.470514 -0.877101
vn -0.008050 0.651032 -0.759007
vn 0.129813 0.636611 -0.760181
vn 0.071663 0.444365 -0.892975
vn 0.095377 0.641677 -0.761022
vn 0.187523 0.422883 -0.886569
vn 0.172727 0.633770 -0.753990
vn 0.195033 0.633607 -0.748668
vn 0.260853 0.495516 -0.828504
vn 0.247933 0.640462 -0.726869
vn 0.314563 0.572898 -0.756861
vn 0.313690 0.623945 -0.715745
vn 0.444962 0.474720 -0.759374
vn 0.322200 0.617187 -0.717821
vn 0.489445 0.464363 -0.738113
vn 0.492577 0.457565 -0.740272
vn -0.061846 0.767383 -0.638199
vn 0.146359 0.850496 -0.505209
vn 0.193339 0.837541 -0.511024
vn 0.111120 0.861960 -0.494649
vn 0.082437 0.855332 -0.511480
vn 0.164315 0.845798 -0.507570
vn 0.068719 0.824062 -0.562316
vn 0.036725 0.835412 -0.548396
vn -0.085636 0.814593 -0.573676
vn -0.037318 0.843292 -0.536159
vn 0.003864 0.845883 -0.533354
vn -0.111184 0.859320 -0.499206
vn 0.013013 0.851583 -0.524058
vn -0.085208 0.879340 -0.468510
vn -0.049148 0.859526 -0.508723
vn -0.062329 0.879201 -0.472356
vn -0.015081 0.854408 -0.519384
vn -0.006186 0.862392 -0.506204
vn -0.042729 0.885934 -0.461840
vn 0.009020 0.857304 -0.514731
vn -0.019925 0.901100 -0.433153
vn 0.023028 0.872313 -0.488404
vn 0.015293 0.820758 -0.571072
vn -0.077091 0.816358 -0.572379
vn 0.009100 0.720985 -0.692891
vn -0.076368 0.690339 -0.719444
vn -0.033062 0.654099 -0.755686
vn -0.029944 0.636887 -0.770376
vn -0.033062 0.654099 -0.755686
vn -0.011380 0.692048 -0.721762
vn 0.076640 0.684976 -0.724524
vn 0.068119 0.818469 -0.570498
vn -0.009133 0.677506 -0.735461
vn 0.038893 0.663141 -0.747483
vn 0.084196 0.788360 -0.609426
vn 0.011050 0.610814 -0.791697
vn -0.003120 0.657056 -0.753835
vn 0.049016 0.664502 -0.745678
vn -0.015866 0.795700 -0.605484
vn -0.001739 0.789751 -0.613425
vn -0.086053 0.755132 -0.649900
vn 0.084579 0.718170 -0.690709
vn 0.186314 0.550208 -0.813977
vn 0.083211 0.825677 -0.557973
vn 0.116878 0.691969 -0.712404
vn 0.048086 0.784646 -0.618077
vn -0.005910 0.779984 -0.625772
vn 0.137108 0.704616 -0.696217
vn 0.130516 0.727015 -0.674103
vn 0.177287 0.741995 -0.646539
vn 0.129272 0.733813 -0.666939
vn -0.173290 0.781202 -0.599745
vn 0.127796 0.762114 -0.634706
vn -0.045145 0.711509 -0.701225
vn 0.128231 0.747404 -0.651877
vn -0.203416 0.682927 -0.701593
vn -0.212400 0.745449 -0.631817
vn 0.166289 0.745004 -0.646000
vn 0.153008 0.751256 -0.642031
vn 0.198419 0.738181 -0.644763
vn 0.236851 0.738990 -0.630710
vn 0.260423 0.750046 -0.607956
vn 0.085738 0.770751 -0.631342
vn 0.243731 0.727658 -0.641177
vn 0.278722 0.676787 -0.681377
vn 0.076498 0.899825 -0.429492
vn 0.036199 0.812092 -0.582406
vn 0.064249 0.842476 -0.534889
vn 0.005585 0.778020 -0.628215
vn 0.101119 0.898786 -0.426566
vn 0.073417 0.718738 -0.691394
vn 0.148688 0.789288 -0.595748
vn -0.008311 0.887037 -0.461624
vn 0.096211 0.784421 -0.612721
vn 0.096622 0.787520 -0.608667
vn 0.105613 0.771715 -0.627138
vn 0.159608 0.791176 -0.590395
vn 0.181856 0.845094 -0.502737
vn 0.131452 0.755184 -0.642197
vn 0.171583 0.746191 -0.643240
vn 0.142601 0.788875 -0.597780
vn 0.040719 0.831324 -0.554294
vn 0.059833 0.742180 -0.667524
vn -0.072589 0.725178 -0.684724
vn -0.022784 0.749415 -0.661709
vn 0.258296 0.774903 -0.576896
vn 0.196286 0.763591 -0.615142
vn 0.325861 0.765382 -0.554981
vn 0.272810 0.771571 -0.574676
vn 0.266689 0.817633 -0.510248
vn 0.261799 0.783259 -0.563886
vn 0.224936 0.758319 -0.611846
vn 0.307166 0.797073 -0.519926
vn 0.253318 0.770776 -0.584581
vn 0.217735 0.824213 -0.522746
vn 0.264718 0.786906 -0.557408
vn 0.197178 0.837449 -0.509706
vn 0.210451 0.806134 -0.553044
vn 0.244225 0.795934 -0.553935
vn 0.280587 0.750476 -0.598378
vn 0.346682 0.728779 -0.590502
vn 0.257800 0.776772 -0.574599
vn 0.248723 0.790677 -0.559435
vn 0.267673 0.771811 -0.576766
vn 0.276813 0.747659 -0.603640
vn 0.259395 0.795760 -0.547248
vn 0.276373 0.785607 -0.553570
vn 0.272018 0.781564 -0.561395
vn 0.256917 0.787203 -0.560629
vn 0.274183 0.776390 -0.567488
vn 0.325528 0.777203 -0.538505
vn 0.340533 0.778937 -0.526587
vn 0.314464 0.772765 -0.551314
vn 0.312760 0.774471 -0.549887
vn 0.225569 0.798775 -0.557743
vn 0.228718 0.792301 -0.565638
vn 0.280223 0.775597 -0.565619
vn 0.261194 0.773557 -0.577398
vn 0.272002 0.775163 -0.570208
vn 0.237351 0.747973 -0.619840
vn 0.292493 0.784771 -0.546426
vn 0.333193 0.783825 -0.524024
vn 0.303646 0.778815 -0.548859
vn 0.220368 0.768078 -0.601244
vn 0.258655 0.777618 -0.573070
vn 0.268518 0.762744 -0.588319
vn 0.218687 0.794138 -0.567028
vn 0.249669 0.787247 -0.563832
vn 0.287523 0.795309 -0.533680
vn 0.294366 0.779018 -0.553606
vn 0.340533 0.778937 -0.526587
vn 0.260198 0.953419 0.152605
vn 0.394887 0.893714 0.212930
vn 0.587523 0.761039 0.275020
vn 0.531452 0.763318 0.367293
vn 0.203216 0.973972 0.100408
vn 0.372574 0.911271 0.175425
vn 0.008317 0.999905 0.010977
vn 0.006988 0.999563 0.028734
vn 0.255866 0.963084 0.083673
vn -0.350428 0.934471 0.062955
vn -0.695469 0.705234 0.137721
vn -0.711592 0.702133 0.025413
vn -0.719195 0.675502 0.162653
vn -0.745739 0.639757 0.185971
vn -0.776256 0.589204 0.224199
vn -0.851214 0.461468 0.249963
vn -0.857120 0.439362 0.268897
vn 0.897032 -0.249007 0.365143
vn 0.930430 -0.152496 0.333233
vn 0.930974 -0.240096 0.275028
vn 0.873258 -0.220891 0.434312
vn 0.886772 -0.111928 0.448450
vn 0.927736 -0.153997 0.339986
vn 0.823178 -0.038223 0.566495
vn 0.883394 -0.092299 0.459452
vn 0.777355 -0.035618 0.628054
vn 0.802245 0.010175 0.596908
vn 0.675137 -0.009068 0.737636
vn 0.752489 0.032660 0.657795
vn 0.635492 0.031920 0.771447
vn 0.680510 0.142052 0.718837
vn 0.552072 0.251803 0.794866
vn 0.652714 0.176579 0.736739
vn 0.636529 0.112766 0.762965
vn 0.561529 0.305538 0.768981
vn 0.614059 0.218357 0.758453
vn 0.499565 0.717465 0.485468
vn 0.573478 0.337687 0.746385
vn 0.544172 0.339094 0.767393
vn -0.947684 -0.094475 0.304908
vn -0.954705 -0.181386 0.235877
vn -0.940521 -0.315665 0.125605
vn -0.952446 -0.224609 0.205907
vn -0.880032 -0.474718 -0.013684
vn -0.935479 -0.351768 -0.033739
vn -0.933070 -0.351360 0.076980
vn -0.790495 -0.591641 -0.158365
vn -0.550003 -0.780957 -0.295976
vn -0.651431 -0.705524 -0.279058
vn -0.417958 -0.821894 -0.387043
vn -0.432214 -0.775037 -0.460987
vn -0.554319 -0.766151 -0.325182
vn -0.550003 -0.780957 -0.295976
vn -0.201198 -0.862692 -0.463984
vn -0.342235 -0.838131 -0.424749
vn -0.074115 -0.870786 -0.486044
vn 0.126897 -0.873617 -0.469778
vn 0.472461 -0.790338 -0.390060
vn 0.571773 -0.787469 -0.230146
vn 0.233920 -0.887212 -0.397664
vn 0.242639 -0.813187 -0.529012
vn 0.387018 -0.825906 -0.409996
vn 0.355943 -0.795536 -0.490334
vn 0.603779 -0.736242 -0.305614
vn 0.699095 -0.677060 -0.229905
vn 0.750609 -0.652433 -0.104485
vn 0.848406 -0.528060 -0.036888
vn 0.881059 -0.462244 -0.100324
vn 0.888408 -0.457245 0.040720
vn 0.904783 -0.402731 0.138474
vn 0.913586 -0.367897 0.173240
vn 0.930308 -0.258869 0.259835
vn 0.643186 -0.361633 0.674932
vn 0.710117 -0.167041 0.683982
vn 0.669953 -0.418098 0.613479
vn 0.787212 -0.179672 0.589929
vn 0.819491 -0.309399 0.482397
vn 0.657433 -0.413906 0.629654
vn 0.665139 -0.377591 0.644216
vn 0.601286 -0.304257 0.738839
vn 0.530886 -0.214726 0.819788
vn 0.665093 -0.012242 0.746660
vn 0.634500 -0.156223 0.756971
vn 0.543393 -0.245979 0.802632
vn 0.526554 -0.243570 0.814502
vn 0.527450 -0.190221 0.828017
vn 0.507698 -0.344373 0.789715
vn 0.523956 -0.305089 0.795230
vn 0.600670 -0.222307 0.767968
vn -0.917215 -0.261988 0.300131
vn -0.908062 -0.314073 0.277097
vn -0.926619 -0.208810 0.312693
vn -0.952600 -0.064600 0.297289
vn -0.954521 -0.215107 0.206440
vn -0.957645 -0.169266 0.232949
vn -0.940392 -0.310885 0.137890
vn -0.926619 -0.208810 0.312693
vn -0.861131 -0.391686 0.324092
vn -0.931132 -0.296533 0.212276
vn -0.860005 -0.456963 0.227103
vn -0.889952 -0.368445 0.268765
vn -0.908062 -0.314073 0.277097
vn -0.848629 -0.459047 0.262876
vn -0.877313 -0.356776 0.320986
vn -0.821618 -0.491790 0.288246
vn -0.807481 -0.552481 0.206736
vn -0.811958 -0.524804 0.255549
vn -0.821029 -0.535046 0.199091
vn -0.720753 -0.691257 0.051750
vn -0.799593 -0.578852 0.159944
vn -0.570010 -0.821196 -0.026932
vn -0.691287 -0.718688 0.074896
vn -0.660784 -0.747340 -0.069622
vn -0.776872 -0.627579 0.051131
vn -0.802684 -0.589377 0.091288
vn -0.837952 -0.529095 0.133772
vn -0.536969 -0.820110 -0.197699
vn -0.561929 -0.826318 -0.037878
vn -0.688426 -0.716228 -0.114404
vn -0.313731 -0.948534 0.043082
vn -0.464783 -0.885420 -0.002831
vn -0.356803 -0.933748 -0.028393
vn -0.307395 -0.944132 -0.118837
vn -0.422191 -0.870157 -0.254131
vn -0.469567 -0.882108 -0.037319
vn -0.536969 -0.820110 -0.197699
vn -0.165453 -0.945198 -0.281471
vn -0.335013 -0.897574 -0.286579
vn -0.259352 -0.959471 -0.110233
vn -0.203560 -0.973035 -0.108473
vn -0.274693 -0.958326 -0.078454
vn -0.095636 -0.984384 -0.147787
vn -0.167868 -0.971966 -0.164631
vn -0.106780 -0.974904 -0.195345
vn -0.115808 -0.942465 -0.313605
vn 0.109988 -0.964599 -0.239691
vn -0.096331 -0.979613 -0.176292
vn 0.006158 -0.996651 -0.081539
vn 0.217491 -0.965646 -0.142215
vn 0.221975 -0.943852 -0.244685
vn 0.101574 -0.983676 -0.148542
vn 0.068768 -0.994567 0.078153
vn 0.147214 -0.988681 -0.028937
vn 0.280045 -0.957863 -0.063825
vn 0.371563 -0.928231 0.018120
vn 0.324738 -0.931333 -0.164814
vn 0.458066 -0.885439 -0.078564
vn 0.482448 -0.872205 -0.080644
vn 0.287824 -0.954547 0.077437
vn 0.324304 -0.945743 -0.019941
vn 0.416830 -0.908872 -0.014293
vn 0.449904 -0.882724 0.135587
vn 0.533223 -0.844194 -0.054868
vn 0.631939 -0.772649 0.060547
vn 0.374483 -0.925601 0.055004
vn 0.449904 -0.882724 0.135587
vn 0.549244 -0.821730 0.151958
vn 0.709808 -0.687495 0.153373
vn 0.536552 -0.825038 0.177272
vn 0.572080 -0.791792 0.213986
vn 0.736139 -0.598215 0.316604
vn 0.783753 -0.588822 0.197535
vn 0.814747 -0.492346 0.306238
vn 0.818286 -0.493950 0.293976
vn 0.667877 -0.705870 0.235983
vn 0.706214 -0.577858 0.409074
vn 0.699514 -0.476693 0.532394
vn 0.812370 -0.309133 0.494460
vn 0.823119 -0.364552 0.435405
vn 0.724477 -0.557979 0.404712
vn 0.780416 -0.444580 0.439657
vn 0.788740 -0.518668 0.329959
vn 0.700322 -0.503100 0.506399
vn 0.723017 -0.572395 0.386795
vn 0.698483 -0.455732 0.551752
vn -0.145840 -0.982049 -0.119630
vn 0.162831 -0.133443 0.977588
vn -0.123512 -0.112842 0.985906
vn -0.023647 -0.999154 -0.033657
vn 0.401100 -0.153636 0.903058
vn -0.202975 -0.973384 -0.106415
vn -0.174502 -0.971189 0.162302
vn -0.202819 -0.973454 -0.106071
vn -0.291804 -0.956465 -0.004933
vn -0.554048 -0.828416 -0.082201
vn -0.682898 -0.722600 -0.107231
vn -0.283469 -0.958937 -0.009171
vn -0.435036 -0.892933 -0.115820
vn -0.270455 -0.962634 0.013758
vn -0.559308 -0.828622 -0.023675
vn -0.549413 -0.833203 -0.062595
vn -0.269780 -0.103482 0.957345
vn 0.097432 -0.993637 -0.056504
vn -0.473020 -0.118771 0.873009
vn -0.646383 -0.142415 0.749605
vn 0.102113 -0.988130 0.114772
vn 0.157103 -0.987158 -0.028953
vn 0.068768 -0.994567 0.078153
vn 0.145369 -0.978310 0.147569
vn 0.256863 -0.962196 -0.090553
vn 0.269993 -0.961402 0.052999
vn 0.268412 -0.957457 0.105980
vn 0.443694 -0.894780 0.050041
vn 0.262669 -0.959807 0.098873
vn 0.282992 -0.958366 0.038068
vn 0.268412 -0.957457 0.105980
vn 0.370888 -0.925797 -0.073089
vn 0.347878 -0.937417 0.015156
vn 0.248523 -0.959657 0.131513
vn 0.269993 -0.961402 0.052999
vn 0.246193 -0.955582 0.162027
vn 0.239165 -0.958877 0.152823
vn 0.303687 -0.944811 0.122908
vn 0.763028 -0.280609 0.582277
vn -0.361116 -0.932098 0.028075
vn 0.874013 -0.326005 0.360308
vn -0.370467 -0.927132 0.056402
vn 0.645888 -0.205461 0.735265
vn -0.368775 -0.927740 0.057478
vn -0.313427 -0.948630 -0.043172
vn -0.293698 -0.955714 -0.018760
vn -0.325467 -0.945088 0.029655
vn -0.326238 -0.944293 0.043357
vn -0.356012 -0.932996 0.052674
vn 0.186928 -0.971375 0.146592
vn 0.230063 -0.968666 0.093580
vn 0.259623 -0.956406 0.133730
vn 0.318417 -0.940220 0.120817
vn 0.864378 -0.450569 0.223243
vn 0.865173 -0.392472 0.312157
vn -0.380591 -0.924536 0.019595
vn -0.379174 -0.923881 -0.051690
vn -0.320807 -0.947143 -0.001899
vn 0.575367 -0.651152 -0.494929
vn 0.316603 -0.918451 -0.237087
vn 0.876636 -0.479223 -0.043066
vn 0.860163 -0.429191 -0.275526
vn 0.883507 -0.461865 -0.078080
vn 0.860163 -0.429191 -0.275526
vn -0.463483 -0.869434 -0.171080
vn -0.425416 -0.892853 -0.147764
vn 0.823001 -0.386701 -0.416090
vn -0.496001 -0.848252 -0.185611
vn 0.616030 -0.435238 -0.656563
vn -0.502484 -0.842330 -0.194912
vn -0.475027 -0.864221 -0.165745
vn -0.499099 -0.844844 -0.192715
vn -0.485586 -0.853523 -0.188954
vn 0.434029 -0.897346 -0.079930
vn 0.475988 -0.878706 -0.036203
vn 0.631432 -0.763093 0.137778
vn -0.441494 -0.865291 -0.237389
vn 0.629236 -0.049447 -0.775640
vn -0.406386 -0.887282 -0.218132
vn 0.762187 -0.201161 -0.615309
vn -0.456609 -0.854920 -0.246209
vn 0.462056 -0.875550 -0.141121
vn 0.469910 -0.870245 -0.147842
vn 0.640904 -0.684581 0.347262
vn 0.463666 -0.875359 -0.136971
vn 0.461725 -0.875619 -0.141782
vn 0.249456 -0.908552 -0.335119
vn 0.172095 -0.489019 0.855128
vn 0.461093 -0.742288 0.486212
vn 0.602550 -0.772970 0.198622
vn 0.446002 -0.853577 -0.269235
vn 0.372505 -0.902135 -0.217698
vn 0.390623 -0.888492 -0.240823
vn 0.128991 -0.944551 -0.301967
vn 0.125986 -0.925529 -0.357105
vn 0.326271 -0.921437 -0.210952
vn 0.244040 -0.910743 -0.333154
vn -0.303513 -0.889868 0.340610
vn 0.026732 -0.934136 -0.355916
vn -0.198699 -0.446458 0.872464
vn -0.036167 -0.403383 0.914316
vn 0.024413 -0.933578 -0.357542
vn -0.073110 -0.947772 -0.310456
vn -0.064049 -0.929826 -0.362384
vn -0.222543 -0.907593 -0.356019
vn -0.316588 -0.899337 -0.301602
vn -0.418019 -0.880689 -0.222816
vn -0.619930 -0.468259 0.629619
vn -0.500665 -0.857250 0.120239
vn -0.307619 -0.908969 -0.281330
vn 0.551687 0.106128 -0.827272
vn 0.771987 0.354787 0.527411
vn 0.734141 0.341312 0.586978
vn 0.759384 -0.029185 0.649987
vn 0.710086 0.022475 0.703756
vn 0.857047 0.218903 0.466424
vn 0.800365 0.248023 0.545802
vn 0.759384 -0.029185 0.649987
vn 0.880681 0.289326 0.375088
vn 0.745655 0.485985 0.455869
vn 0.708515 0.404378 0.578347
vn 0.628881 0.728980 0.270364
vn 0.693238 0.598968 0.400823
vn 0.810737 0.459886 0.362230
vn 0.793195 0.590367 0.149356
vn 0.493024 0.860549 0.127997
vn 0.559887 0.826691 0.055756
vn 0.729283 0.674607 0.114249
vn 0.467660 0.868637 0.163595
vn 0.612812 0.756942 0.226936
vn 0.719367 0.676030 0.159669
vn 0.027073 0.998767 0.041610
vn 0.034163 0.999279 0.016557
vn 0.302651 0.950605 0.068944
vn 0.305070 0.951627 0.036596
vn 0.230866 0.962120 0.145006
vn 0.307975 0.949669 0.057275
vn 0.305070 0.951627 0.036596
vn 0.506794 0.850476 0.140892
vn 0.313457 0.949027 0.033058
vn 0.560352 0.826212 0.058133
vn 0.036512 0.999127 0.020279
vn 0.215357 0.976099 0.029191
vn 0.021835 0.999698 0.011270
vn 0.027073 0.998767 0.041610
vn -0.392614 0.919693 0.004289
vn 0.034617 0.999225 0.018744
vn -0.407036 0.913356 0.010160
vn -0.398736 0.916692 0.026188
vn -0.797827 0.602529 0.020746
vn -0.799363 0.600737 0.011545
vn -0.380919 0.924002 0.033480
vn -0.786361 0.616982 0.031143
vn -0.792839 0.606441 0.060292
vn -0.815646 0.575398 0.060326
vn -0.758778 0.644339 0.095308
vn -0.835387 0.544404 0.075844
vn -0.800053 0.582802 0.142327
vn -0.363829 0.930346 0.045670
vn -0.772115 0.632944 0.056742
vn -0.749793 0.661668 0.002422
vn -0.786099 0.597916 0.156670
vn -0.910324 0.381910 0.159549
vn -0.826514 0.557292 0.079376
vn -0.935573 0.344268 0.078630
vn -0.932695 0.350770 0.083908
vn -0.903614 0.394129 0.167764
vn -0.992674 0.086067 0.084802
vn -0.894746 0.404351 0.189552
vn -0.966369 0.167089 0.195480
vn -0.990468 0.091252 0.103178
vn -0.965528 0.164854 0.201443
vn 0.797450 0.601669 0.045471
vn 0.857126 0.512917 0.047438
vn 0.866963 0.498270 0.010071
vn 0.662196 0.748025 0.044205
vn -0.834322 0.549318 0.046449
vn -0.905161 0.423099 0.040875
vn -0.943161 0.329234 0.045302
vn -0.932586 0.354203 0.069457
vn -0.992025 0.119496 0.040099
vn -0.934030 0.231452 0.272063
vn -0.965874 0.165761 0.199027
vn -0.982074 -0.045284 0.182976
vn -0.889340 0.311757 0.334488
vn -0.972363 0.012768 0.233124
vn -0.935854 0.237615 0.260223
vn -0.790870 -0.561211 0.244062
vn -0.782290 -0.606627 0.141517
vn -0.539124 -0.821603 -0.185238
vn -0.770507 -0.632760 0.077025
vn 0.072201 -0.395521 0.915615
vn 0.282870 -0.343849 0.895406
vn 0.018062 -0.460753 0.887345
vn 0.014546 -0.342609 0.939365
vn 0.223293 -0.381044 0.897188
vn 0.249977 -0.451039 0.856782
vn -0.042425 -0.380871 0.923654
vn -0.161698 -0.401952 0.901271
vn -0.443360 -0.477988 0.758261
vn -0.609301 -0.440604 0.659258
vn -0.597581 -0.412126 0.687786
vn -0.684732 -0.534827 0.495078
vn -0.147275 -0.444953 0.883361
vn -0.161643 -0.378537 0.911362
vn -0.501460 -0.461065 0.732091
vn -0.591181 -0.397283 0.701906
vn 0.296410 -0.445173 0.844963
vn 0.329730 -0.287214 0.899325
vn 0.411471 -0.406155 0.815923
vn 0.490001 -0.466235 0.736562
vn 0.282870 -0.343849 0.895406
vn 0.378993 -0.495152 0.781785
vn 0.486023 -0.405295 0.774285
vn -0.790750 -0.559622 0.248066
vn -0.796604 -0.499085 0.341081
vn -0.871510 -0.402909 0.279525
vn -0.764925 -0.528885 0.367655
vn 0.226368 -0.472499 0.851764
vn 0.328235 -0.334724 0.883302
vn 0.065297 -0.376587 0.924077
vn 0.092538 -0.529123 0.843484
vn 0.192489 -0.746760 0.636630
vn 0.166993 -0.865713 0.471863
vn 0.194411 -0.529951 0.825443
vn 0.373739 -0.452272 0.809796
vn 0.314085 -0.610876 0.726761
vn 0.511849 -0.555324 0.655459
vn 0.030108 -0.887831 0.459185
vn 0.029110 -0.640624 0.767303
vn -0.127579 -0.676084 0.725696
vn -0.037687 -0.487354 0.872391
vn -0.127579 -0.676084 0.725696
vn -0.314397 -0.574961 0.755363
vn -0.112261 -0.890234 0.441453
vn -0.149708 -0.650746 0.744391
vn -0.432252 -0.854052 0.289402
vn -0.432775 -0.660466 0.613588
vn 0.449315 -0.332853 0.829051
vn 0.365008 -0.429257 0.826140
vn 0.372036 -0.476319 0.796687
vn 0.395633 -0.383876 0.834334
vn 0.484048 -0.498832 0.718932
vn -0.560274 -0.825271 0.070863
vn -0.507359 -0.780815 0.364575
vn -0.874509 -0.483977 0.031624
vn -0.821817 -0.497516 0.277659
vn -0.721286 -0.609841 0.328389
vn -0.108923 -0.892692 0.437307
vn 0.076218 -0.997029 0.011139
vn 0.093255 -0.877002 0.471350
vn 0.245586 -0.969070 0.024327
vn 0.172998 -0.856806 0.485752
vn 0.376092 -0.748370 0.546348
vn 0.462354 -0.876700 0.132764
vn 0.516504 -0.837595 0.177930
vn -0.432252 -0.854052 0.289402
vn -0.567435 -0.757399 0.323056
vn -0.557813 -0.655261 0.509390
vn -0.107197 -0.974274 0.198239
vn -0.498821 -0.848246 0.177923
vn 0.506903 -0.471300 0.721752
vn 0.490944 -0.643398 0.587378
vn 0.590912 -0.578044 0.562751
vn 0.043627 -0.998407 0.035779
vn 0.149167 -0.979301 -0.136815
vn 0.313026 -0.944209 0.102391
vn 0.493449 -0.869673 0.013315
vn 0.441599 -0.897122 -0.012764
vn 0.584667 -0.809100 -0.059347
vn 0.671296 -0.739769 0.045872
vn -0.106194 -0.988444 -0.108169
vn 0.005719 -0.987152 -0.159684
vn 0.444665 -0.893228 -0.066465
vn 0.749415 -0.662064 -0.006904
vn 0.798141 -0.601758 -0.029312
vn 0.848920 -0.506794 -0.149983
vn 0.978754 -0.177857 -0.102020
vn 0.983818 0.150709 -0.096893
vn 0.979305 -0.199277 -0.035345
vn 0.988446 0.149003 -0.027785
vn 0.979466 -0.198807 -0.033505
vn 0.988065 0.149866 -0.035616
vn 0.974572 0.222927 -0.022657
vn 0.979701 0.197444 -0.034670
vn 0.711296 0.289546 0.640485
vn 0.813521 0.181650 0.552437
vn 0.669993 0.020440 0.742086
vn 0.280914 -0.306701 0.909408
vn 0.562413 -0.331325 0.757572
vn 0.533495 -0.433785 0.726095
vn 0.417381 -0.295069 0.859493
vn 0.600798 -0.202688 0.773278
vn 0.623824 -0.282681 0.728653
vn -0.982283 0.121114 0.143011
vn -0.978853 -0.112663 0.170745
vn -0.989462 -0.133389 0.056330
vn -0.991641 0.096341 0.085827
vn -0.989462 -0.133389 0.056330
vn -0.996248 0.071078 0.049369
vn -0.983399 -0.162327 0.081099
vn -0.987411 -0.156607 0.022210
vn -0.877945 -0.477655 -0.032527
vn -0.881785 -0.470527 0.032542
vn -0.984828 -0.164086 0.056481
vn -0.835749 -0.465020 0.292027
vn -0.869126 -0.492579 0.044557
vn -0.966333 -0.214584 0.141967
vn -0.671785 -0.740069 -0.031670
vn -0.877945 -0.477655 -0.032527
vn -0.239812 -0.968609 -0.065476
vn -0.519636 -0.838422 -0.164397
vn -0.630193 -0.776295 -0.014937
vn -0.908149 -0.418268 0.017812
vn -0.670627 -0.741020 0.033896
vn -0.902301 -0.427927 0.052272
vn -0.166190 -0.984952 0.047443
vn -0.659046 -0.750088 0.055006
vn -0.106194 -0.988444 -0.108169
vn -0.426806 -0.903901 -0.028284
vn -0.912322 -0.408585 0.026965
vn -0.954129 -0.297605 0.032700
vn -0.982279 -0.183613 0.037608
vn -0.922309 -0.383024 0.051362
vn -0.980583 -0.189880 0.049022
vn -0.107039 -0.992646 -0.056542
vn -0.169638 -0.985446 -0.010929
vn 0.492524 -0.869846 -0.028076
vn 0.445758 -0.890138 -0.094631
vn -0.169638 -0.985446 -0.010929
vn -0.196823 -0.977487 0.076026
vn 0.322082 -0.945853 0.040309
vn 0.488039 -0.872208 -0.032728
vn 0.770671 -0.636886 -0.021033
vn 0.423614 -0.905313 -0.030979
vn 0.422140 -0.904247 0.064300
vn 0.766753 -0.641719 0.016914
vn 0.771747 -0.634802 0.037862
vn 0.783943 -0.619715 -0.037244
vn 0.771755 -0.635060 -0.033054
vn 0.920332 -0.391136 0.001166
vn 0.793138 -0.608871 -0.014406
vn 0.928633 -0.369994 -0.027287
vn 0.921764 -0.387277 0.019158
vn 0.965629 -0.259546 -0.014014
vn 0.949095 -0.313374 -0.031862
vn 0.979362 -0.199549 -0.032106
vn 0.939187 0.343405 -0.000788
vn 0.988291 0.152382 -0.007777
vn 0.981677 -0.190337 -0.009078
vn 0.988678 0.150009 -0.003563
vn 0.839484 0.541470 -0.045580
vn 0.942383 0.334483 0.006006
vn 0.948621 0.314718 -0.032722
vn 0.795160 0.606138 -0.017802
vn 0.799369 0.600359 0.024067
vn 0.938621 0.343885 -0.027091
vn 0.938568 0.343830 0.029507
vn 0.303158 0.952567 0.026660
vn 0.509498 0.859521 0.040445
vn 0.344052 0.938821 0.015572
vn 0.628258 0.777861 -0.014969
vn 0.624379 0.776466 0.085154
vn -0.863967 0.490529 0.113766
vn -0.862924 0.504489 0.029223
vn -0.948659 0.307282 0.074987
vn -0.841213 0.538498 0.048780
vn -0.949218 0.311519 0.044058
vn -0.441764 0.896465 0.034569
vn -0.832200 0.552909 0.041662
vn -0.527180 0.849682 0.011013
vn -0.762770 0.642142 0.076384
vn -0.979069 -0.190833 0.070752
vn -0.996691 0.053479 0.061217
vn -0.980885 -0.191306 0.035583
vn -0.996969 0.067326 0.038982
vn -0.982317 -0.184137 0.033878
vn -0.949165 0.311669 0.044139
vn -0.996867 0.068619 0.039340
vn -0.977794 0.184064 0.100199
vn 0.578872 0.815374 0.008583
vn 0.754851 0.655484 0.023242
vn 0.785494 0.613328 0.082637
vn 0.934975 0.345837 0.078856
vn 0.534446 0.825543 0.181232
vn 0.655993 0.752577 0.057460
vn 0.769967 0.612624 0.178444
vn 0.783988 0.606136 0.134022
vn 0.235822 0.971722 -0.011985
vn 0.234154 0.969674 0.070029
vn 0.582112 0.812714 0.025320
vn 0.231584 0.963340 0.135445
vn 0.563589 0.823740 0.061806
vn 0.540896 0.819592 0.188943
vn -0.134704 0.990298 0.034114
vn -0.540025 0.841280 0.024926
vn -0.524344 0.845242 0.103101
vn -0.130458 0.969722 0.206446
vn -0.138948 0.988730 0.055736
vn -0.561210 0.820309 0.110161
vn -0.554102 0.816533 0.162004
vn -0.563175 0.824785 0.050634
vn -0.867707 0.459027 0.190732
vn -0.869221 0.484827 0.096939
vn -0.867579 0.459070 0.191209
vn -0.886213 0.442523 0.137115
vn -0.959957 0.189073 0.206721
vn -0.965391 0.189737 0.178943
vn -0.973345 0.156829 0.167346
vn -0.972198 -0.187294 0.140543
vn -0.979069 -0.190833 0.070752
vn -0.898014 -0.427407 0.104373
vn -0.976684 -0.184786 0.109280
vn -0.643767 -0.757893 0.105653
vn -0.809171 -0.578227 0.104382
vn -0.188273 -0.971069 0.146895
vn -0.634222 -0.746312 0.201944
vn -0.647934 -0.749918 0.133432
vn -0.639525 -0.757294 0.132337
vn -0.200168 -0.970766 0.132465
vn 0.396015 -0.900721 0.178534
vn 0.402205 -0.911274 0.088373
vn 0.418842 -0.896172 0.146445
vn 0.740472 -0.652548 0.160877
vn 0.758179 -0.637062 0.138983
vn 0.762415 -0.640772 0.090188
vn 0.909790 -0.405595 0.088174
vn 0.915053 -0.401024 0.043106
vn 0.915635 -0.394890 0.075333
vn 0.973092 -0.200135 0.114181
vn 0.979721 -0.198644 0.026229
vn 0.978563 -0.194115 0.068799
vn 0.979721 -0.198644 0.026229
vn 0.987745 0.139172 0.070645
vn 0.955457 0.282641 0.084951
vn 0.988581 0.149659 0.017609
vn 0.778745 0.608817 0.151321
vn 0.770359 0.611606 0.180235
vn 0.924303 0.350177 0.151789
vn 0.487113 0.782366 0.388104
vn 0.526347 0.832766 0.171637
vn 0.711714 0.598253 0.368181
vn 0.765321 0.607282 0.213289
vn 0.320842 0.911043 0.258960
vn 0.492921 0.775285 0.394921
vn -0.010566 0.993866 0.110089
vn 0.235815 0.946839 0.218834
vn -0.137283 0.967812 0.210935
vn 0.064002 0.945168 0.320251
vn -0.148036 0.887045 0.437306
vn -0.245226 0.934247 0.258934
vn -0.552301 0.734618 0.394082
vn -0.579391 0.786904 0.212340
vn -0.604854 0.738659 0.297547
vn -0.851668 0.454137 0.261575
vn -0.867579 0.459070 0.191209
vn -0.867795 0.456225 0.196953
vn -0.956291 0.222515 0.189724
vn -0.857867 0.449810 0.248465
vn -0.962249 0.154144 0.224313
vn -0.958370 0.187449 0.215384
vn -0.960833 -0.176452 0.213693
vn -0.968500 -0.186809 0.164649
vn -0.928827 -0.159153 0.334591
vn -0.930824 0.113782 0.347304
vn -0.954838 0.171865 0.242376
vn -0.958231 -0.172256 0.228299
vn -0.887849 -0.432054 0.158281
vn -0.884677 -0.433859 0.170627
vn -0.950505 -0.217879 0.221514
vn -0.972706 -0.178452 0.148318
vn -0.864533 -0.436089 0.249817
vn -0.932815 -0.154516 0.325548
vn -0.963877 -0.163578 0.210198
vn -0.647934 -0.749918 0.133432
vn -0.804933 -0.556026 0.207166
vn -0.751101 -0.597013 0.281819
vn -0.194807 -0.904880 0.378474
vn -0.200364 -0.960167 0.194764
vn -0.618193 -0.733538 0.282418
vn -0.195241 -0.904535 0.379076
vn 0.430558 -0.842190 0.324556
vn -0.209870 -0.960456 0.182973
vn 0.396015 -0.900721 0.178534
vn 0.436042 -0.817046 0.377231
vn 0.616283 -0.735232 0.282188
vn 0.709570 -0.684045 0.169096
vn 0.758179 -0.637062 0.138983
vn 0.720865 -0.647828 0.246317
vn 0.895966 -0.413364 0.162403
vn 0.683961 -0.687496 0.244022
vn 0.892042 -0.423530 0.157746
vn 0.878262 -0.412954 0.241090
vn 0.864929 -0.412512 0.285888
vn 0.911635 -0.340312 0.230455
vn 0.966779 -0.197310 0.162503
vn 0.899581 -0.412472 0.143601
vn 0.972283 -0.202083 0.117595
vn 0.967260 -0.201162 0.154730
vn 0.981205 0.121483 0.149928
vn 0.970506 -0.195101 0.141609
vn 0.941260 -0.173793 0.289526
vn 0.965619 0.097981 0.240789
vn 0.965221 -0.187417 0.182271
vn 0.904943 0.359983 0.226914
vn 0.962081 0.103398 0.252405
vn 0.980230 0.128497 0.150457
vn 0.918356 0.361925 0.160100
vn 0.966481 0.220310 0.131825
vn 0.784134 0.573410 0.237350
vn 0.886449 0.347485 0.305714
vn 0.918897 0.351816 0.178477
vn 0.744920 0.587331 0.316444
vn 0.804005 0.452548 0.385715
vn 0.887922 0.360443 0.285788
vn 0.729435 0.451016 0.514304
vn 0.852444 0.361072 0.378110
vn 0.412269 0.698097 0.585401
vn 0.479839 0.790985 0.379601
vn 0.621207 0.547318 0.560843
vn 0.710043 0.588972 0.385941
vn -0.319840 0.658181 0.681543
vn -0.187639 0.584818 0.789164
vn -0.509202 0.643286 0.571748
vn -0.417861 0.521119 0.744196
vn -0.421980 0.511236 0.748712
vn -0.636853 0.349794 0.687068
vn -0.654726 0.519128 0.549400
vn -0.510237 0.640588 0.573851
vn -0.543125 0.706394 0.453898
vn -0.802614 0.437136 0.405860
vn -0.158984 0.845365 0.509983
vn -0.553438 0.732582 0.396271
vn -0.508505 0.645090 0.570334
vn -0.808119 0.319807 0.494638
vn -0.920604 0.107645 0.375368
vn -0.740242 0.095433 0.665533
vn -0.705649 0.366592 0.606358
vn -0.846676 0.102062 0.522228
vn -0.801907 0.103675 0.588384
vn -0.801429 -0.145826 0.580040
vn -0.845097 0.100269 0.525126
vn -0.891983 0.109935 0.438498
vn -0.884497 -0.149656 0.441892
vn -0.744487 -0.230700 0.626512
vn -0.743126 -0.439241 0.504807
vn -0.838717 -0.154192 0.522281
vn -0.833870 -0.349277 0.427396
vn -0.465960 -0.605356 0.645311
vn -0.600336 -0.395688 0.695002
vn -0.710859 -0.409218 0.572031
vn -0.168277 -0.716149 0.677358
vn -0.483929 -0.629625 0.607771
vn -0.194460 -0.905156 0.377991
vn -0.365048 -0.752838 0.547700
vn -0.589486 -0.714532 0.376762
vn -0.507820 -0.654999 0.559549
vn -0.558105 -0.681734 0.473031
vn -0.776649 -0.423745 0.466109
vn -0.161414 -0.812749 0.559808
vn 0.054586 -0.722379 0.689339
vn 0.252291 -0.598051 0.760713
vn 0.405267 -0.731341 0.548542
vn 0.252291 -0.598051 0.760713
vn 0.388715 -0.677778 0.624113
vn 0.601682 -0.638202 0.480289
vn 0.444502 -0.805763 0.391361
vn 0.374070 -0.775969 0.507881
vn 0.617225 -0.678604 0.398158
vn 0.666974 -0.647682 0.368312
vn -0.180795 -0.852865 0.489830
vn -0.194460 -0.905156 0.377991
vn 0.422849 -0.786025 0.450958
vn 0.494025 -0.467519 0.733052
vn 0.703889 -0.362153 0.611053
vn 0.651392 -0.525014 0.547766
vn 0.666321 -0.568580 0.482425
vn 0.840810 -0.410664 0.352695
vn 0.634659 -0.673466 0.379014
vn 0.640018 -0.713741 0.284517
vn 0.854374 -0.412114 0.316556
vn 0.823768 -0.258269 0.504682
vn 0.841624 -0.415381 0.345147
vn 0.923686 -0.167751 0.344475
vn 0.854242 -0.416728 0.310820
vn 0.934879 -0.174603 0.309056
vn 0.931577 0.078994 0.354857
vn 0.919444 -0.158657 0.359792
vn 0.935794 -0.168598 0.309620
vn 0.941333 0.077694 0.328415
vn 0.847444 0.064590 0.526941
vn 0.840414 -0.160663 0.517583
vn 0.927455 0.070196 0.367288
vn 0.919444 -0.158657 0.359792
vn 0.759636 0.327268 0.562005
vn 0.852444 0.361072 0.378110
vn 0.870325 0.062613 0.488481
vn 0.931577 0.078994 0.354857
vn 0.870938 0.357934 0.336675
vn 0.944522 0.088234 0.316375
vn 0.404443 0.710028 0.576443
vn 0.301097 0.556029 0.774708
vn 0.509093 0.422089 0.750110
vn 0.621324 0.534844 0.572624
vn 0.632578 0.272267 0.725063
vn 0.564601 0.467516 0.680187
vn 0.721332 0.308600 0.620037
vn 0.383141 0.259825 0.886394
vn 0.509469 0.422011 0.749899
vn 0.632578 0.272267 0.725063
vn 0.272599 0.434100 0.858631
vn 0.512127 0.421452 0.748401
vn 0.151588 0.476184 0.866181
vn -0.006615 0.591619 0.806191
vn 0.135507 0.627479 0.766751
vn 0.152188 0.796067 0.585762
vn 0.329538 0.705327 0.627629
vn 0.301097 0.556029 0.774708
vn 0.050651 0.607718 0.792536
vn 0.176396 0.803159 0.569051
vn -0.187639 0.584818 0.789164
vn -0.194999 0.780647 0.593773
vn -0.070416 0.421939 0.903885
vn -0.113724 0.572210 0.812184
vn -0.320248 0.355008 0.878300
vn -0.420146 0.515662 0.746706
vn -0.320248 0.355008 0.878300
vn -0.332559 0.329554 0.883628
vn -0.417861 0.521119 0.744196
vn -0.554201 0.327269 0.765347
vn -0.465977 0.150665 0.871875
vn -0.641083 0.348356 0.683858
vn -0.740242 0.095433 0.665533
vn -0.744372 0.101573 0.659995
vn -0.495509 0.079230 0.864982
vn -0.509231 -0.113048 0.853173
vn -0.744372 0.101573 0.659995
vn -0.734115 -0.146815 0.662964
vn -0.493348 -0.126186 0.860631
vn -0.556203 -0.350881 0.753340
vn -0.719046 -0.157911 0.676785
vn -0.279067 -0.376483 0.883392
vn -0.377373 -0.548783 0.745940
vn -0.443801 -0.285669 0.849373
vn -0.549373 -0.444687 0.707420
vn -0.091292 -0.545310 0.833248
vn -0.337122 -0.482781 0.808252
vn -0.093502 -0.625156 0.774879
vn 0.034230 -0.436238 0.899180
vn 0.251568 -0.598811 0.760355
vn 0.144989 -0.453489 0.879390
vn 0.218236 -0.530351 0.819207
vn 0.359966 -0.359169 0.861059
vn 0.495792 -0.462339 0.735141
vn 0.359966 -0.359169 0.861059
vn 0.494867 -0.310787 0.811491
vn 0.643769 -0.189507 0.741382
vn 0.650284 -0.236754 0.721857
vn 0.798055 -0.290848 0.527747
vn 0.842424 -0.163752 0.513329
vn 0.628112 0.274826 0.727974
vn 0.688613 0.035240 0.724272
vn 0.804250 0.221432 0.551498
vn 0.849521 0.067980 0.523157
vn 0.682481 0.043728 0.729594
vn 0.677643 -0.149788 0.719975
vn 0.849521 0.067980 0.523157
vn 0.842424 -0.163752 0.513329
vn 0.445997 0.038259 0.894217
vn 0.458886 -0.149816 0.875773
vn 0.438788 -0.123150 0.890112
vn 0.682481 0.043728 0.729594
vn 0.698842 0.020768 0.714975
vn 0.659425 -0.171523 0.731942
vn 0.438490 0.046990 0.897507
vn 0.550320 0.244426 0.798376
vn 0.698842 0.020768 0.714975
vn 0.163449 0.190343 0.968015
vn 0.212763 0.342745 0.915018
vn 0.355080 0.273074 0.894063
vn -0.006496 0.335894 0.941877
vn -0.062968 0.427997 0.901584
vn 0.175810 0.393018 0.902567
vn -0.073661 0.371300 0.925587
vn -0.265329 0.288864 0.919869
vn -0.147610 0.051528 0.987702
vn -0.266625 0.281124 0.921890
vn -0.494811 0.078241 0.865471
vn -0.440838 0.262754 0.858267
vn -0.151778 0.047842 0.987256
vn -0.154457 -0.085468 0.984296
vn -0.509421 0.099179 0.854783
vn -0.494367 -0.125350 0.860168
vn -0.162854 -0.131911 0.977792
vn -0.284204 -0.367226 0.885648
vn -0.465652 -0.194226 0.863392
vn -0.054765 -0.304949 0.950793
vn -0.183729 -0.360834 0.914354
vn -0.078912 -0.439373 0.894832
vn 0.055832 -0.339788 0.938843
vn 0.168717 -0.425042 0.889311
vn 0.133678 -0.262308 0.955680
vn 0.241120 -0.414880 0.877346
vn 0.355453 -0.314589 0.880163
vn 0.148746 -0.054341 0.987381
vn 0.148002 -0.157636 0.976343
vn 0.413586 -0.214129 0.884927
vn 0.134362 -0.068961 0.988530
vn 0.301207 0.037372 0.952826
vn 0.438788 -0.123150 0.890112
vn 0.121914 0.039593 0.991751
vn 0.328349 0.228885 0.916405
vn 0.431455 0.055102 0.900450
vn 0.122192 0.039282 0.991729
vn 0.141441 -0.061777 0.988017
vn -0.148151 0.051050 0.987646
vn -0.164352 -0.076416 0.983437
vn 0.126922 0.165965 0.977930
vn -0.126597 0.171366 0.977040
vn 0.030206 -0.299712 0.953552
vn 0.152954 -0.117776 0.981190
vn -0.159275 -0.239684 0.957697
vn -0.175272 -0.066379 0.982280
vn -0.600006 -0.799035 -0.039189
vn -0.893398 -0.449167 -0.009486
vn -0.079672 -0.979536 -0.184828
vn -0.083521 -0.992650 -0.087576
vn -0.613007 -0.788574 -0.048721
vn -0.519636 -0.838422 -0.164397
vn -0.902403 -0.430544 0.017356
vn -0.983829 -0.174834 0.038906
vn -0.984470 -0.172457 0.032813
vn -0.997300 0.064274 0.035521
vn 0.872491 0.488340 0.016821
vn 0.977462 0.200786 -0.065212
vn 0.866699 0.498489 0.018450
vn 0.914660 0.403656 -0.021442
vn 0.951176 -0.282894 -0.123431
vn 0.976853 -0.168396 -0.131913
vn 0.979469 -0.198820 -0.033324
vn 0.893570 -0.431058 -0.125384
vn 0.929853 -0.367290 -0.021706
vn 0.944237 0.328745 0.018495
vn 0.949645 0.311106 -0.037248
vn 0.966066 0.258181 -0.007729
vn 0.867826 0.483631 0.113923
vn 0.978368 0.064834 0.196449
vn 0.926677 0.373090 0.045538
vn 0.990850 0.069642 0.115617
vn -0.721337 -0.525294 0.451375
vn -0.798841 -0.536904 0.271268
vn -0.708741 -0.561234 0.427437
vn -0.448966 -0.859462 -0.244449
vn -0.726098 -0.672019 0.145506
vn -0.571743 -0.579022 0.581243
vn -0.715384 -0.534091 0.450524
vn -0.181185 -0.408445 0.894620
vn -0.182065 -0.399494 0.898475
vn -0.418921 -0.440319 0.794119
vn 0.271303 -0.380775 0.883971
vn 0.467235 -0.557006 0.686612
vn 0.482089 -0.337725 0.808413
vn 0.513777 -0.482074 0.709675
vn 0.596434 -0.628217 0.499610
vn 0.062198 -0.419835 0.905467
vn 0.014546 -0.342609 0.939365
vn -0.181185 -0.408445 0.894620
vn -0.180546 -0.369525 0.911512
vn 0.618649 -0.769433 0.158889
vn 0.624310 -0.636146 0.453382
vn 0.615334 -0.515209 0.596593
vn 0.476179 -0.872179 0.112060
vn 0.581668 -0.787001 0.205649
vn 0.370216 -0.921338 0.118642
vn 0.470836 -0.868147 0.156955
vn 0.635114 -0.724650 0.267419
vn 0.718686 -0.601751 0.348404
vn 0.641937 -0.546536 0.537787
vn 0.699211 -0.620640 0.354839
vn 0.717743 -0.465408 0.517920
vn 0.845715 -0.307861 0.435875
vn 0.899392 -0.295425 0.322208
vn 0.786090 -0.179614 0.591440
vn 0.842963 -0.218103 0.491777
vn 0.787732 -0.113009 0.605563
vn 0.728826 -0.054562 0.682521
vn 0.591206 0.119602 0.797603
vn 0.579596 -0.134888 0.803663
vn 0.613680 0.053854 0.787716
vn 0.573949 0.162030 0.802701
vn 0.639219 0.051114 0.767324
vn 0.635410 0.044884 0.770870
vn 0.648557 0.006283 0.761140
vn 0.558432 -0.108904 0.822371
vn 0.630250 0.034968 0.775604
vn -0.926277 -0.241288 0.289465
vn -0.914087 -0.334745 0.228889
vn -0.866442 -0.487415 0.108185
vn -0.899078 -0.386653 0.205324
vn -0.922694 -0.348057 0.165810
vn -0.803677 -0.593553 0.042396
vn -0.844750 -0.516251 0.141006
vn -0.834074 -0.550977 -0.027307
vn -0.889355 -0.449922 0.081353
vn -0.889419 -0.450512 0.077284
vn -0.705065 -0.693606 -0.147632
vn -0.824036 -0.566260 -0.017758
vn -0.609568 -0.775913 -0.162437
vn -0.646982 -0.712666 -0.271150
vn -0.447506 -0.837531 -0.313497
vn -0.099831 -0.899028 -0.426360
vn -0.121023 -0.945196 -0.303245
vn -0.302064 -0.855281 -0.421012
vn -0.335013 -0.897574 -0.286579
vn -0.109426 -0.917385 -0.382662
vn 0.134985 -0.924953 -0.355303
vn 0.140801 -0.899941 -0.412651
vn 0.319221 -0.922715 -0.216089
vn 0.233946 -0.921752 -0.309261
vn 0.366260 -0.860469 -0.354185
vn 0.323153 -0.928980 -0.180469
vn 0.366260 -0.860469 -0.354185
vn 0.482448 -0.872205 -0.080644
vn 0.572427 -0.784691 -0.237880
vn 0.576190 -0.806891 -0.130125
vn 0.752567 -0.648451 -0.114690
vn 0.672868 -0.739701 0.009579
vn 0.785566 -0.617700 0.036504
vn 0.857234 -0.505636 0.097379
vn 0.783753 -0.588822 0.197535
vn 0.871553 -0.464016 0.158384
vn 0.818286 -0.493950 0.293976
vn 0.868338 -0.434532 0.239105
vn 0.863516 -0.370540 0.342112
vn -0.935735 -0.140483 0.323520
vn -0.857120 0.439362 0.268897
vn -0.870680 0.411651 0.269182
vn -0.890761 0.312705 0.329788
vn 0.396924 0.652605 0.645413
vn 0.527689 0.434569 0.729859
vn 0.590162 0.575299 0.566338
vn 0.662222 0.389828 0.639919
vn 0.670800 0.389294 0.631251
vn 0.662222 0.389828 0.639919
vn 0.695486 0.468290 0.544981
vn 0.673065 0.405260 0.618666
vn 0.585838 0.709664 0.391369
vn 0.606532 0.698855 0.379105
vn 0.679824 0.499064 0.537378
vn 0.631702 0.225520 0.741683
vn 0.717401 0.189637 0.670354
vn 0.617654 0.354553 0.701994
vn 0.662222 0.389828 0.639919
vn 0.686363 0.296776 0.663950
vn 0.516504 -0.837595 0.177930
vn 0.643538 -0.675451 0.360035
vn 0.569768 -0.812946 0.120346
vn 0.531687 -0.832881 0.153681
vn 0.809171 -0.536521 0.239556
vn 0.512691 -0.856933 0.053044
vn 0.772637 -0.634836 -0.003894
vn -0.420244 0.907174 0.020738
vn -0.803986 0.594329 0.019483
vn -0.803628 0.595018 0.011663
vn -0.797827 0.602529 0.020746
vn -0.824323 0.565453 0.027476
vn -0.840447 0.539873 0.046748
vn -0.813507 0.580544 0.034264
vn 0.103140 -0.420278 0.901514
vn -0.000578 -0.892149 0.451740
vn -0.072843 -0.631997 0.771540
vn -0.271062 -0.106414 0.956662
vn 0.261029 -0.572789 0.777030
vn 0.319407 -0.947146 -0.029890
vn 0.889074 -0.447542 0.096196
vn 0.886172 -0.449998 0.110461
vn -0.428521 -0.896558 -0.112038
vn -0.347538 -0.400797 0.847691
vn -0.157509 -0.886858 0.434366
vn -0.390561 -0.568294 0.724227
vn -0.585542 -0.528526 0.614654
vn -0.524405 -0.851244 0.019555
vn -0.936898 -0.342855 -0.068362
vn -0.939072 -0.334110 0.080716
vn -0.934024 -0.342964 -0.099877
vn 0.245982 -0.967869 0.052185
vn -0.597865 -0.786885 0.152872
vn -0.870898 -0.443065 0.212675
vn 0.192317 -0.977544 0.086145
vn -0.366920 -0.926388 0.084711
vn -0.954432 -0.295809 0.039463
vn -0.697851 -0.678045 0.230778
vn -0.891747 -0.191678 0.409936
vn -0.889853 -0.209426 0.405342
vn -0.949535 -0.238733 0.203446
vn 0.229464 -0.961760 0.149548
vn 0.234751 -0.956721 0.171980
vn -0.747969 -0.144248 0.647869
vn -0.889853 -0.209426 0.405342
vn 0.116549 -0.966904 0.226967
vn 0.136671 -0.978774 0.152716
vn -0.202610 -0.890534 0.407306
vn -0.668967 -0.470746 0.575223
vn -0.889853 -0.209426 0.405342
vn -0.517260 -0.800336 0.303158
vn -0.908028 -0.211736 0.361460
vn 0.426476 -0.608147 0.669533
vn 0.630749 -0.579133 0.516489
vn 0.248668 -0.938458 0.239711
vn 0.561149 -0.803300 0.199553
vn 0.839945 -0.383105 0.384348
vn 0.410720 -0.896179 -0.167845
vn -0.762517 -0.347504 -0.545718
vn 0.170363 -0.975159 -0.141565
vn -0.911618 -0.386430 -0.140090
vn -0.509686 -0.840483 -0.183871
vn 0.326070 -0.940750 -0.093102
vn -0.655600 -0.724179 -0.213900
vn -0.847109 -0.413720 -0.333531
vn -0.140518 -0.825034 -0.547334
vn -0.329068 -0.901719 -0.280389
vn -0.780314 -0.351415 -0.517317
vn 0.171387 -0.804562 -0.568600
vn 0.385616 -0.467332 -0.795551
vn 0.741945 -0.292674 -0.603208
vn 0.762187 -0.201161 -0.615309
vn 0.456459 -0.877088 -0.149539
vn -0.698456 -0.259356 -0.667004
vn -0.464340 -0.079440 -0.882087
vn 0.454518 -0.880351 -0.135629
vn -0.492632 -0.056089 -0.868428
vn -0.043560 -0.790083 -0.611450
vn -0.708385 -0.249555 -0.660237
vn 0.193785 -0.926974 -0.321196
vn -0.362644 0.208610 -0.908279
vn -0.049442 0.326563 -0.943881
vn -0.423859 0.059817 -0.903751
vn 0.383000 -0.890042 -0.247259
vn 0.326600 -0.921576 -0.209833
vn -0.386748 0.234872 -0.891774
vn -0.218434 -0.401704 -0.889337
vn -0.246603 0.278285 -0.928302
vn 0.088831 -0.737843 -0.669102
vn -0.066304 0.352009 -0.933645
vn 0.088916 -0.737829 -0.669106
vn -0.147142 -0.932185 -0.330726
vn 0.238026 0.308853 -0.920844
vn 0.446756 0.238964 -0.862152
vn -0.069462 -0.948059 -0.310418
vn 0.102351 -0.806861 -0.581807
vn -0.064049 -0.929826 -0.362384
vn 0.104944 0.353345 -0.929588
vn -0.066304 0.352009 -0.933645
vn 0.148250 -0.402988 -0.903119
vn 0.169194 -0.366428 -0.914934
vn 0.446756 0.238964 -0.862152
vn 0.224537 -0.480704 -0.847648
vn 0.631740 0.008888 -0.775129
vn 0.006787 -0.224680 0.974409
vn 0.276524 -0.303182 0.911929
vn 0.232038 -0.230294 0.945052
vn 0.483031 -0.414073 0.771508
vn 0.177880 -0.244018 0.953317
vn 0.454701 -0.379593 0.805702
vn -0.007927 -0.274206 0.961638
vn 0.330313 -0.320306 0.887861
vn 0.829464 -0.551726 -0.087114
vn 0.390384 0.611302 -0.688411
vn 0.492282 0.802754 -0.336519
vn 0.874766 -0.474627 -0.097542
vn 0.744902 -0.077877 -0.662613
vn 0.405493 0.613348 -0.677776
vn 0.368429 0.607991 -0.703283
vn 0.348086 0.466743 -0.813011
vn 0.844061 -0.085001 -0.529468
vn 0.785018 0.350279 -0.510931
vn 0.368429 0.607991 -0.703283
vn 0.897963 0.280079 -0.339437
vn 0.716369 0.193474 -0.670361
vn 0.976709 -0.168027 -0.133443
vn 0.236014 0.234900 -0.942931
vn 0.979305 0.198322 -0.040373
vn 0.323257 0.069247 -0.943774
vn 0.330015 -0.077598 -0.940781
vn 0.292719 0.051214 -0.954826
vn 0.826816 0.169337 -0.536376
vn 0.236992 0.158327 -0.958523
vn 0.250296 0.240107 -0.937923
vn 0.846768 -0.010381 -0.531862
vn 0.820419 0.185663 -0.540779
vn 0.518930 -0.386258 0.762573
vn -0.010320 -0.436379 0.899704
vn 0.838082 0.112458 0.533828
vn 0.000058 -0.441193 0.897412
vn 0.721065 0.031722 0.692140
vn 0.452763 -0.173674 0.874553
vn -0.002808 -0.419239 0.907872
vn -0.028863 -0.362380 0.931583
vn -0.005605 -0.438573 0.898678
vn 0.514823 -0.147567 0.844501
vn 0.156053 -0.707522 0.689245
vn 0.411723 -0.310470 0.856792
vn -0.012899 -0.293109 0.955992
vn 0.275527 -0.259617 0.925572
vn 0.384594 -0.328540 0.862640
vn -0.016477 -0.307997 0.951245
vn -0.007644 -0.274814 0.961467
vn 0.430044 -0.291394 0.854489
vn 0.935188 -0.291477 -0.201156
vn 0.600172 0.141077 -0.787331
vn 0.279848 0.265409 -0.922629
vn 0.830849 -0.081629 -0.550479
vn 0.846768 -0.010381 -0.531862
vn 0.881341 -0.424730 -0.206984
vn 0.718529 0.079022 -0.690993
vn 0.273323 0.279748 -0.920345
vn 0.273323 0.279748 -0.920345
vn 0.316948 0.377028 -0.870284
vn 0.806944 -0.115745 -0.579176
vn 0.830849 -0.081629 -0.550479
vn 0.359700 -0.284906 -0.888507
vn 0.955301 0.294659 -0.023990
vn 0.325594 -0.409647 -0.852161
vn 0.316855 -0.117305 -0.941192
vn 0.325594 -0.409647 -0.852161
vn 0.965090 0.193614 -0.176395
vn 0.375064 -0.563197 -0.736299
vn 0.359700 -0.284906 -0.888507
vn 0.363290 -0.524322 -0.770134
vn 0.892835 0.026807 -0.449586
vn 0.316855 -0.117305 -0.941192
vn 0.359700 -0.284906 -0.888507
vn 0.330015 -0.077598 -0.940781
vn 0.852323 0.113863 -0.510471
vn 0.974964 -0.101128 -0.198039
vn 0.894047 0.447792 -0.012725
vn 0.323800 -0.702315 -0.633962
vn 0.393013 -0.842191 -0.369128
vn 0.375064 -0.563197 -0.736299
vn 0.939804 -0.083088 -0.331458
vn 0.376777 -0.809850 -0.449647
vn 0.954978 0.071033 0.288046
vn 0.748815 -0.638068 0.179293
vn 0.285382 -0.883314 0.371904
vn 0.749769 -0.513577 0.417235
vn 0.709860 -0.190888 0.677983
vn 0.187853 -0.713410 0.675099
vn 0.187853 -0.713410 0.675099
vn 0.285382 -0.883314 0.371904
vn 0.792848 -0.319210 0.519131
vn 0.313471 -0.884042 0.346708
vn 0.352141 -0.915520 0.194474
vn 0.927036 -0.318664 0.197630
vn 0.977028 0.213023 0.006178
vn 0.352710 -0.931601 0.087833
vn 0.378134 -0.902590 -0.205783
vn 0.383607 -0.856418 -0.345534
vn 0.959324 -0.155273 -0.235773
vn 0.394435 -0.918494 0.028111
vn 0.952803 -0.295706 0.068731
vn -0.008892 -0.335914 0.941851
vn 0.441694 -0.216585 0.870630
vn -0.009164 -0.369599 0.929146
vn 0.231995 -0.294638 0.927020
vn 0.526071 -0.163780 0.834521
vn 0.558685 -0.348817 0.752461
vn 0.386505 -0.238551 0.890903
vn 0.145448 0.043034 0.988429
vn 0.472493 -0.369869 0.799967
vn 0.601241 -0.596250 0.531972
vn 0.752724 -0.525523 0.396525
vn 0.330406 0.583824 0.741607
vn 0.219107 0.141170 0.965434
vn 0.387031 0.585982 0.711922
vn 0.632776 -0.272185 0.724920
vn 0.834487 -0.537431 0.121656
vn 0.760392 -0.522258 0.386072
vn 0.428610 0.822711 0.373416
vn 0.755074 -0.533355 0.381308
vn 0.497463 0.860484 0.109993
vn 0.858453 0.031657 0.511914
vn 0.479525 0.851865 0.210669
vn 0.834487 -0.537431 0.121656
vn 0.972164 -0.213964 -0.095484
vn 0.467262 0.881152 0.072371
vn 0.440232 0.811694 -0.383861
vn 0.855704 0.505297 -0.111564
vn -0.014366 -0.994967 -0.099169
vn 0.031833 -0.974408 0.222520
vn 0.024650 -0.746160 -0.665310
vn -0.329068 -0.901719 -0.280389
vn 0.040130 -0.737181 -0.674502
vn 0.859255 -0.342048 0.380374
vn 0.838904 -0.048263 -0.542135
vn 0.850501 -0.080657 -0.519753
vn 0.995547 -0.094120 0.005337
vn 0.513485 -0.240944 0.823577
vn 0.018584 0.781901 -0.623126
vn 0.136116 0.703761 -0.697276
vn 0.015043 0.678042 -0.734869
vn 0.082847 0.725041 -0.683705
vn 0.102514 0.675012 -0.730650
vn 0.096383 0.694615 -0.712896
vn 0.049120 0.806265 -0.589512
vn -0.169481 0.105409 -0.979880
vn -0.071275 0.613469 -0.786496
vn -0.605598 -0.338206 -0.720325
vn -0.709203 -0.204337 -0.674743
vn -0.098336 0.638147 -0.763609
vn -0.607453 0.331512 -0.721872
vn -0.643151 0.373920 -0.668237
vn -0.927413 0.049982 -0.370683
vn -0.505088 0.651141 -0.566482
vn -0.539371 0.737038 -0.407251
vn -0.955298 0.260910 -0.139039
vn -0.853279 0.521305 0.012502
vn -0.307492 0.877544 -0.367920
vn -0.588362 0.681647 0.434956
vn -0.026052 0.841112 -0.540233
vn -0.311006 0.892345 -0.327103
vn -0.057924 0.843578 -0.533873
vn 0.130138 0.711843 -0.690177
vn 0.120510 0.703823 -0.700079
vn -0.274489 0.782388 0.559039
vn 0.039586 0.823813 -0.565478
vn -0.487074 0.728849 0.481184
vn 0.056631 0.801180 -0.595738
vn 0.057685 0.801383 -0.595364
vn -0.183225 0.794630 0.578785
vn -0.014661 0.793778 0.608031
vn 0.068591 0.823693 -0.562872
vn 0.091075 0.779812 -0.619354
vn 0.084313 0.788338 -0.609438
vn 0.222878 0.774181 0.592427
vn 0.428996 0.885473 -0.178605
vn 0.361614 0.743448 0.562601
vn 0.053691 0.729960 -0.681378
vn 0.352597 0.739269 0.573722
vn 0.135122 0.795601 -0.590560
vn 0.763501 0.549257 0.339682
vn 0.830207 0.483478 0.277499
vn 0.953603 0.292664 0.070635
vn 0.013603 0.722754 -0.690972
vn 0.983431 0.175192 -0.046592
vn 0.953071 0.291014 0.083464
vn 0.063052 0.743669 -0.665568
vn 0.751712 0.398091 -0.525788
vn 0.039283 0.748125 -0.662394
vn 0.549399 0.417613 -0.723713
vn 0.044632 0.754144 -0.655191
vn -0.036377 0.764480 -0.643620
vn 0.532405 0.099068 -0.840673
vn 0.783642 -0.245490 -0.570648
vn 0.128431 0.694916 -0.707529
vn 0.157192 0.707591 -0.688916
vn 0.394328 -0.442412 -0.805467
vn 0.290578 0.438496 -0.850462
vn 0.135269 0.679652 -0.720954
vn 0.083984 0.550748 -0.830436
vn 0.175909 -0.093147 -0.979990
vn -0.063943 0.155011 -0.985841
vn 0.509671 -0.169935 0.843420
vn 0.690250 -0.049069 0.721905
vn -0.841213 0.501301 0.202629
vn -0.884102 0.421666 0.201399
vn -0.930602 0.109023 0.349420
vn -0.949797 -0.062792 0.306502
vn -0.943906 0.027381 0.329076
vn 0.159077 0.720431 -0.675036
vn 0.174281 0.712777 -0.679393
vn 0.170603 0.729799 -0.662033
vn -0.164349 0.986366 0.008468
vn -0.362753 0.931096 0.038345
vn 0.036192 0.999082 0.022899
vn 0.028895 0.999477 0.014551
vn -0.419351 0.907799 0.006690
vn 0.034206 0.999333 0.012823
vn 0.297741 0.954139 0.031126
vn 0.321517 0.946765 0.016231
vn 0.034801 0.999377 0.005860
vn 0.186084 0.982504 0.007666
vn 0.007205 0.999935 0.008789
vn -0.442930 0.896157 0.026755
vn -0.072068 0.865687 -0.495370
vn 0.024742 0.819138 -0.573062
vn 0.106044 0.801032 -0.589153
vn 0.152683 0.790326 -0.593357
vn 0.077367 0.827626 -0.555923
vn 0.080517 0.824515 -0.560081
vn 0.105118 0.732565 -0.672532
vn 0.236820 0.745775 -0.622684
vn 0.177601 0.734255 -0.655231
vn -0.363708 0.404276 -0.839212
vn -0.858213 0.085579 -0.506109
vn 0.071807 0.730400 -0.679234
vn 0.110917 0.726316 -0.678353
vn 0.103361 0.741490 -0.662955
vn 0.161829 0.745037 -0.647094
vn -0.911143 0.259661 -0.319991
vn 0.071807 0.730400 -0.679234
vn 0.072228 0.760497 -0.645312
vn -0.842952 0.501574 -0.194566
vn 0.087599 0.770047 -0.631945
vn 0.164992 0.754478 -0.635248
vn -0.812775 0.579735 0.057477
vn 0.148964 0.784063 -0.602541
vn 0.067064 0.787839 -0.612218
vn 0.225224 0.708808 -0.668479
vn 0.145613 0.781988 -0.606046
vn -0.576184 0.804571 0.143800
vn -0.757113 0.638945 0.136119
vn 0.146424 0.782492 -0.605200
vn 0.196732 0.720314 -0.665165
vn 0.138280 0.795799 -0.589561
vn -0.566365 0.762969 0.311622
vn 0.148330 0.789612 -0.595409
vn -0.437158 0.810712 0.389410
vn 0.120063 0.790004 -0.601231
vn 0.192989 0.727602 -0.658294
vn 0.174665 0.767228 -0.617133
vn -0.114869 0.989407 0.088760
vn 0.185315 0.727602 -0.660495
vn -0.132993 0.857642 0.496753
vn 0.196684 0.747822 -0.634096
vn 0.017851 0.855001 0.518319
vn 0.180472 0.766265 -0.616659
vn 0.188126 0.720564 -0.667380
vn 0.295954 0.808789 0.508204
vn 0.198699 0.747868 -0.633413
vn 0.095159 0.845889 0.524802
vn 0.136620 0.716893 -0.683666
vn 0.182228 0.714698 -0.675277
vn 0.195397 0.747016 -0.635443
vn 0.200314 0.752027 -0.627957
vn 0.469129 0.867923 0.163182
vn 0.211712 0.747501 -0.629619
vn 0.582278 0.690821 0.428624
vn 0.211712 0.747501 -0.629619
vn 0.749993 0.573553 0.329464
vn 0.395373 0.857843 -0.328307
vn 0.844017 0.479754 0.239732
vn 0.212888 0.745032 -0.632144
vn 0.749993 0.573553 0.329464
vn 0.873907 0.438675 0.209406
vn 0.383872 0.761069 -0.522892
vn 0.964011 0.264302 0.028778
vn 0.364799 0.726341 -0.582538
vn 0.980854 0.177032 -0.081148
vn 0.943607 0.124345 -0.306829
vn 0.198316 0.737819 -0.645209
vn 0.944056 -0.050095 -0.325958
vn 0.937230 -0.048989 -0.345253
vn 0.848970 -0.183649 -0.495503
vn 0.215110 0.731327 -0.647216
vn 0.206261 0.728269 -0.653513
vn 0.189357 0.737585 -0.648161
vn 0.154174 0.758553 -0.633110
vn 0.695952 0.067757 -0.714884
vn 0.222021 0.714155 -0.663844
vn 0.206261 0.728269 -0.653513
vn 0.206666 0.721023 -0.661373
vn 0.169437 0.757593 -0.630353
vn 0.595177 -0.342584 -0.726912
vn 0.215175 0.712613 -0.667744
vn 0.190878 0.738756 -0.646379
vn 0.496019 -0.379721 -0.780882
vn 0.247025 -0.416315 -0.875020
vn 0.202084 0.713765 -0.670598
vn 0.466016 -0.012552 -0.884687
vn 0.194305 0.694581 -0.692679
vn 0.186377 0.759709 -0.622981
vn 0.203104 0.736832 -0.644847
vn 0.194305 0.694581 -0.692679
vn 0.142229 -0.421005 -0.895838
vn 0.210634 0.694482 -0.687988
vn 0.194305 0.694581 -0.692679
vn 0.197637 0.740135 -0.642760
vn -0.161892 -0.373268 -0.913489
vn 0.170578 0.531948 -0.829418
vn 0.162672 0.689061 -0.706210
vn 0.218375 0.762250 -0.609334
vn 0.166460 0.687266 -0.707077
vn -0.315555 -0.228563 -0.920969
vn 0.145436 0.708567 -0.690493
vn 0.231811 0.762186 -0.604430
vn -0.457919 -0.280327 -0.843639
vn -0.189981 0.417683 -0.888509
vn -0.021790 0.772426 -0.634731
vn -0.007933 0.752631 -0.658394
vn 0.234453 0.795355 -0.558966
vn -0.019108 0.744287 -0.667586
vn 0.160644 0.781190 -0.603271
vn 0.015120 0.707555 -0.706496
vn -0.588802 0.275717 -0.759798
vn -0.907052 0.168274 -0.385929
vn -0.535339 0.448860 -0.715498
vn -0.061598 0.762286 -0.644302
vn -0.007933 0.752631 -0.658394
vn 0.102189 0.791677 -0.602332
vn -0.215975 0.742729 -0.633805
vn -0.924481 0.264633 -0.274418
vn 0.118705 0.799710 -0.588535
vn -0.925283 0.314705 -0.211689
vn -0.341869 0.819040 -0.460759
vn 0.106600 0.809403 -0.577497
vn -0.793840 0.592045 0.138929
vn -0.026731 0.855090 -0.517791
vn -0.462506 0.798324 -0.385703
vn 0.121520 0.812829 -0.569686
vn -0.445450 0.887407 -0.118672
vn -0.271001 0.897490 -0.347951
vn 0.003769 0.872413 -0.488755
vn 0.138681 0.809888 -0.569955
vn -0.654115 0.688752 0.312658
vn -0.218955 0.963688 -0.152853
vn 0.042513 0.887464 -0.458913
vn 0.132900 0.828371 -0.544187
vn 0.172269 0.758629 -0.628336
vn -0.143569 0.979954 -0.138124
vn -0.318274 0.813584 0.486603
vn 0.074663 0.878707 -0.471486
vn 0.113291 0.888066 -0.445537
vn 0.161001 0.771718 -0.615247
vn -0.014091 0.999426 0.030796
vn 0.159905 0.799553 -0.578917
vn -0.036403 0.821799 0.568613
vn 0.127846 0.965847 -0.225378
vn 0.212834 0.787284 0.578693
vn 0.173807 0.841090 -0.512209
vn 0.243471 0.954590 -0.171696
vn 0.172666 0.856165 -0.486999
vn 0.342862 0.759967 0.552173
vn 0.371203 0.731598 0.571816
vn 0.409068 0.907259 -0.097698
vn 0.762632 0.539894 0.356240
vn 0.298945 0.854611 -0.424585
vn 0.603646 0.630398 0.488066
vn 0.755363 0.540679 0.370261
vn 0.356122 0.833889 -0.421672
vn 0.895659 0.390145 0.213502
vn 0.209429 0.795815 -0.568171
vn 0.910609 0.409524 0.055515
vn 0.981904 0.187497 -0.026620
vn 0.194346 0.783814 -0.589800
vn 0.985160 0.100451 -0.139174
vn 0.954446 -0.007736 -0.298283
vn 0.210956 0.779312 -0.590060
vn 0.191285 0.774092 -0.603483
vn 0.537654 0.598076 -0.594335
vn 0.818610 0.051849 -0.572005
vn 0.793191 -0.198300 -0.575782
vn 0.439878 0.582013 -0.683935
vn 0.222284 0.761036 -0.609438
vn 0.148721 0.791875 -0.592297
vn 0.206083 0.749581 -0.629014
vn 0.541985 0.169360 -0.823146
vn 0.396473 0.563655 -0.724640
vn 0.145894 0.807937 -0.570923
vn 0.213381 0.731251 -0.647874
vn 0.396407 0.258974 -0.880792
vn 0.132236 0.846469 -0.515756
vn 0.165257 0.729285 -0.663953
vn 0.185175 0.726752 -0.661469
vn 0.165257 0.729285 -0.663953
vn 0.224553 -0.371241 -0.900975
vn 0.182557 0.724102 -0.665094
vn 0.374368 -0.362195 -0.853618
vn 0.145336 0.706034 -0.693105
vn 0.174503 0.838500 -0.516204
vn 0.165144 0.784760 -0.597393
vn -0.084462 -0.354892 -0.931084
vn 0.131895 -0.377271 -0.916663
vn 0.164207 0.704770 -0.690171
vn 0.190121 0.836699 -0.513604
vn 0.129130 0.720983 -0.680814
vn -0.031995 0.269213 -0.962549
vn 0.144712 0.777152 -0.612449
vn -0.460969 -0.245398 -0.852811
vn 0.093529 0.706403 -0.701603
vn -0.322855 -0.302731 -0.896727
vn 0.046679 0.744500 -0.665988
vn 0.163442 0.788222 -0.593290
vn -0.508534 -0.234594 -0.828468
vn -0.276118 0.440712 -0.854126
vn -0.924209 0.174548 -0.339662
vn -0.125826 0.790795 -0.599008
vn -0.602973 0.676544 -0.422743
vn -0.897870 0.440238 0.004477
vn -0.943136 0.289665 -0.163059
vn -0.056393 0.837448 -0.543600
vn -0.504468 0.835413 -0.218166
vn -0.379506 0.917902 -0.115894
vn -0.289993 0.956345 0.036156
vn 0.050440 0.873648 -0.483937
vn -0.064340 0.751988 0.656030
vn -0.015192 0.948048 -0.317766
vn -0.365917 0.720675 0.588839
vn 0.029997 0.998300 0.049979
vn 0.197909 0.766333 0.611200
vn 0.099430 0.869697 -0.483468
vn 0.099229 0.870113 -0.482760
vn 0.176892 0.760195 0.625151
vn 0.242411 0.952876 -0.182384
vn 0.197909 0.766333 0.611200
vn 0.019004 0.786193 -0.617688
vn 0.095686 0.845447 -0.525417
vn 0.441785 0.702379 0.558113
vn 0.136966 0.874028 -0.466171
vn 0.424942 0.890176 0.164351
vn 0.117103 0.825621 -0.551940
vn 0.065122 0.824011 -0.562819
vn 0.028871 0.807685 -0.588907
vn 0.569754 0.649659 0.503313
vn 0.280628 0.898858 -0.336604
vn 0.481755 0.864249 -0.144864
vn 0.830673 0.508899 0.225840
vn 0.066995 0.831282 -0.551798
vn 0.595878 0.799761 -0.072880
vn 0.882923 0.458554 0.100875
vn 0.950893 0.295880 -0.090872
vn 0.876604 0.461288 0.137038
vn 0.032713 0.833554 -0.551468
vn 0.942065 0.236093 -0.238274
vn 0.531915 0.738305 -0.414696
vn 0.022168 0.837523 -0.545952
vn -0.001033 0.841655 -0.540015
vn 0.914253 0.156267 -0.373795
vn 0.002526 0.849164 -0.528124
vn 0.001166 0.843093 -0.537767
vn 0.843671 0.049090 -0.534612
vn 0.010653 0.849180 -0.527996
vn 0.004497 0.852513 -0.522686
vn 0.309005 0.686243 -0.658473
vn 0.560915 0.115134 -0.819828
vn 0.308404 0.482987 -0.819519
vn 0.370273 0.131770 -0.919530
vn 0.246425 -0.221928 -0.943410
vn 0.007337 0.857031 -0.515212
vn 0.010279 0.857507 -0.514370
vn 0.039084 0.824676 -0.564253
vn 0.066977 -0.265381 -0.961814
vn -0.131852 0.438999 -0.888760
vn 0.013851 0.544065 -0.838929
vn -0.054266 -0.276759 -0.959406
vn -0.214367 0.433458 -0.875306
vn -0.256984 0.052223 -0.965004
vn -0.508611 0.163657 -0.845299
vn -0.007109 0.765214 -0.643737
vn -0.718376 -0.083781 -0.690592
vn -0.382672 0.599086 -0.703320
vn -0.611262 0.184108 -0.769716
vn -0.123776 0.791766 -0.598152
vn 0.124575 0.846916 -0.516927
vn 0.027698 0.803689 -0.594404
vn -0.566433 0.536031 -0.625959
vn 0.160426 0.842828 -0.513716
vn 0.125163 0.822266 -0.555169
vn -0.890049 0.312229 0.332153
vn -0.938397 0.036428 0.343634
vn -0.965364 -0.001003 0.260906
vn 0.581939 -0.210877 0.785416
vn 0.576624 -0.007320 0.816977
vn 0.601377 -0.107244 0.791735
vn 0.591629 0.080426 0.802189
vn 0.609740 0.145785 0.779079
vn 0.600794 0.005851 0.799383
vn 0.601543 0.205865 0.771859
vn 0.685828 0.035603 0.726893
vn 0.590986 0.197837 0.782046
vn -0.886157 0.389278 0.251374
vn -0.890761 0.312705 0.329788
vn -0.944556 0.079829 0.318497
vn -0.946547 0.083081 0.311683
vn -0.601262 -0.353762 -0.716475
vn -0.222532 0.217026 -0.950463
vn -0.489611 0.120184 -0.863619
vn -0.817167 -0.153989 -0.555451
vn 0.063057 0.724646 -0.686230
vn -0.818808 -0.136748 -0.557542
vn -0.926274 0.063789 -0.371414
vn 0.050975 0.745192 -0.664899
vn -0.928146 0.039690 -0.370093
vn 0.062520 0.725113 -0.685786
vn -0.953459 0.267366 -0.139400
vn -0.392782 0.605324 -0.692318
vn -0.938850 0.340095 -0.053810
vn -0.898426 0.428573 0.095684
vn 0.054167 0.760332 -0.647272
vn 0.050440 0.749899 -0.659626
vn 0.054167 0.760332 -0.647272
vn -0.824629 0.526828 0.206007
vn 0.055056 0.761235 -0.646135
vn 0.055056 0.761235 -0.646135
vn -0.487074 0.728849 0.481184
vn -0.656148 0.645639 0.390667
vn 0.062090 0.764749 -0.641329
vn -0.195980 0.784718 0.588056
vn -0.381884 0.762039 0.522935
vn 0.069298 0.766245 -0.638801
vn 0.062090 0.764749 -0.641329
vn 0.069298 0.766245 -0.638801
vn -0.016215 0.962749 0.269912
vn 0.117835 0.758109 -0.641394
vn 0.203749 0.925652 -0.318834
vn 0.202822 0.782358 0.588879
vn 0.117835 0.758109 -0.641394
vn 0.398786 0.910956 0.105491
vn 0.609100 0.632732 0.478172
vn 0.746065 0.566415 0.350087
vn 0.116703 0.756912 -0.643012
vn 0.111546 0.760898 -0.639212
vn 0.116703 0.756912 -0.643012
vn 0.902912 0.392417 0.175382
vn 0.117487 0.755723 -0.644266
vn 0.117487 0.755723 -0.644266
vn 0.977736 0.208612 -0.022650
vn 0.119769 0.742819 -0.658693
vn 0.963590 0.038872 -0.264545
vn 0.114779 0.725367 -0.678726
vn 0.119769 0.742819 -0.658693
vn 0.865116 -0.151751 -0.478065
vn 0.116253 0.727161 -0.676552
vn 0.114779 0.725367 -0.678726
vn 0.684911 -0.319757 -0.654715
vn 0.108505 0.722536 -0.682765
vn 0.100595 0.717734 -0.689013
vn 0.471895 -0.422099 -0.774046
vn 0.270779 -0.465695 -0.842500
vn 0.121022 0.722852 -0.680323
vn 0.157566 -0.120913 -0.980078
vn 0.078347 0.722167 -0.687267
vn -0.119223 -0.472780 -0.873078
vn 0.061580 0.725303 -0.685670
vn -0.303173 -0.472986 -0.827267
vn 0.078347 0.722167 -0.687267
vn -0.720587 -0.098978 -0.686263
vn -0.048212 0.662282 -0.747702
vn -0.859153 0.088297 -0.504043
vn 0.156303 0.737274 -0.657264
vn -0.704690 0.490504 -0.512658
vn 0.156128 0.752989 -0.639242
vn -0.912067 0.341007 -0.227701
vn -0.860046 0.509471 -0.027555
vn 0.155712 0.751880 -0.640648
vn -0.757113 0.638945 0.136119
vn -0.833382 0.552209 0.023226
vn 0.170272 0.767095 -0.618525
vn 0.155320 0.750833 -0.641970
vn -0.566365 0.762969 0.311622
vn -0.701669 0.685035 0.195927
vn 0.161103 0.761866 -0.627380
vn -0.570048 0.760043 0.312058
vn -0.380228 0.825164 0.417769
vn 0.173567 0.763047 -0.622603
vn -0.377250 0.826915 0.417005
vn 0.152305 0.756730 -0.635738
vn -0.132993 0.857642 0.496753
vn -0.306527 0.842034 0.443868
vn 0.172188 0.762934 -0.623123
vn 0.170833 0.762822 -0.623634
vn 0.099595 0.847057 0.522087
vn -0.132993 0.857642 0.496753
vn 0.194407 0.760683 -0.619328
vn 0.194407 0.760683 -0.619328
vn 0.194123 0.833695 0.516981
vn 0.300364 0.908314 -0.291114
vn 0.369009 0.784355 0.498617
vn 0.212292 0.753040 -0.622786
vn 0.473575 0.874889 -0.101466
vn 0.212292 0.753040 -0.622786
vn 0.618467 0.780972 0.087076
vn 0.546133 0.748661 -0.375826
vn 0.684922 0.725248 -0.069978
vn 0.717465 0.639949 -0.275152
vn 0.735084 0.544015 -0.404597
vn 0.937230 -0.048989 -0.345253
vn 0.975712 0.063120 -0.209768
vn 0.225834 0.728952 -0.646242
vn 0.220449 0.720464 -0.657521
vn 0.801371 0.173257 -0.572527
vn 0.609310 0.250985 -0.752162
vn 0.204323 0.713069 -0.670660
vn 0.553763 -0.013125 -0.832571
vn 0.198740 0.712468 -0.672973
vn 0.374086 -0.064838 -0.925125
vn 0.190779 0.713197 -0.674502
vn 0.010045 -0.405100 -0.914217
vn 0.177855 -0.423689 -0.888175
vn 0.198740 0.712468 -0.672973
vn -0.031262 -0.047655 -0.998375
vn 0.190779 0.713197 -0.674502
vn -0.226082 -0.004249 -0.974099
vn 0.167450 0.722857 -0.670401
vn -0.190892 0.354513 -0.915358
vn -0.668397 -0.144117 -0.729709
vn 0.142718 0.769337 -0.622697
vn -0.763213 -0.051028 -0.644129
vn 0.118972 0.795022 -0.594799
vn -0.852713 0.052428 -0.519742
vn 0.126333 0.780769 -0.611915
vn -0.337771 0.690829 -0.639270
vn -0.925237 0.314871 -0.211645
vn -0.906937 0.169605 -0.385616
vn 0.124130 0.798706 -0.588779
vn 0.126333 0.780769 -0.611915
vn -0.911382 0.394163 -0.118397
vn 0.124130 0.798706 -0.588779
vn 0.122191 0.791906 -0.598293
vn -0.793840 0.592045 0.138929
vn -0.811538 0.568590 0.134579
vn 0.141613 0.816647 -0.559494
vn -0.879045 0.476400 -0.017978
vn 0.122191 0.791906 -0.598293
vn -0.731690 0.643872 0.223738
vn 0.108911 0.794399 -0.597552
vn 0.141613 0.816647 -0.559494
vn -0.548381 0.753476 0.362701
vn 0.147339 0.808959 -0.569101
vn 0.108911 0.794399 -0.597552
vn -0.281809 0.807584 0.518065
vn -0.417843 0.793030 0.443295
vn 0.150995 0.809544 -0.567309
vn -0.036403 0.821799 0.568613
vn 0.156361 0.810089 -0.565072
vn -0.091052 0.985285 0.144648
vn 0.156361 0.810089 -0.565072
vn 0.095187 0.813263 0.574058
vn 0.140255 0.812339 -0.566069
vn 0.293080 0.956050 0.008547
vn 0.371203 0.731598 0.571816
vn 0.441802 0.874889 -0.198444
vn 0.363894 0.896071 -0.254242
vn 0.157669 0.812573 -0.561129
vn 0.701090 0.587512 0.404106
vn 0.189652 0.790688 -0.582104
vn 0.189652 0.790688 -0.582104
vn 0.900047 0.389024 0.196406
vn 0.677977 0.734901 -0.016360
vn 0.771546 0.619727 -0.143718
vn 0.513432 0.725086 -0.458953
vn 0.191498 0.778362 -0.597897
vn 0.982308 0.183006 -0.039758
vn 0.188033 0.797914 -0.572693
vn 0.954446 -0.007736 -0.298283
vn 0.981436 0.099996 -0.163658
vn 0.181789 0.770448 -0.611034
vn 0.581485 0.587079 -0.563218
vn 0.777986 0.320045 -0.540656
vn 0.852812 -0.141971 -0.502550
vn 0.181789 0.770448 -0.611034
vn 0.741260 -0.231790 -0.629927
vn 0.820899 -0.170537 -0.545015
vn 0.178210 0.772526 -0.609463
vn 0.556041 -0.317720 -0.768031
vn 0.579769 0.298277 -0.758221
vn 0.550455 -0.314783 -0.773247
vn 0.167619 0.764615 -0.622308
vn 0.168614 0.767864 -0.618025
vn 0.460214 -0.339751 -0.820227
vn 0.155946 0.765470 -0.624289
vn 0.173726 0.765674 -0.619324
vn 0.251834 -0.373074 -0.892970
vn 0.110888 0.220823 -0.968990
vn -0.072024 -0.368028 -0.927021
vn -0.026351 0.461520 -0.886738
vn 0.161006 0.764220 -0.624536
vn -0.419293 -0.268226 -0.867322
vn 0.127525 0.780076 -0.612551
vn -0.608702 -0.172765 -0.774360
vn 0.127525 0.780076 -0.612551
vn 0.142718 0.769337 -0.622697
vn -0.943136 0.289665 -0.163059
vn -0.924267 0.173887 -0.339844
vn -0.171209 0.810573 -0.560052
vn -0.872167 0.481869 0.084418
vn -0.943136 0.289665 -0.163059
vn 0.024587 0.818234 -0.574360
vn -0.746810 0.611253 0.262001
vn 0.031480 0.821747 -0.568983
vn -0.844155 0.516260 0.144495
vn 0.021987 0.811964 -0.583293
vn 0.031480 0.821747 -0.568983
vn -0.605809 0.668691 0.431100
vn -0.766310 0.587565 0.259877
vn 0.063179 0.839032 -0.540402
vn -0.565888 0.664324 0.488308
vn -0.098415 0.979079 -0.178099
vn 0.067388 0.840185 -0.538096
vn 0.067388 0.840185 -0.538096
vn -0.275069 0.738067 0.616112
vn 0.039131 0.837644 -0.544813
vn 0.002871 0.785806 0.618466
vn 0.098993 0.992918 0.065683
vn 0.093597 0.833350 -0.544763
vn 0.309347 0.737750 0.600024
vn 0.083523 0.835740 -0.542737
vn 0.506418 0.687392 0.520608
vn 0.205329 0.894831 -0.396380
vn 0.607458 0.653582 0.451471
vn 0.744165 0.567777 0.351918
vn 0.459038 0.852742 -0.249230
vn 0.107031 0.826162 -0.553174
vn 0.839099 0.512131 0.183397
vn 0.106952 0.822934 -0.557979
vn 0.780203 0.584575 -0.222609
vn 0.098748 0.847343 -0.521784
vn 0.624812 0.627649 -0.464399
vn 0.623218 0.542397 -0.563387
vn 0.831983 0.045865 -0.552903
vn 0.092932 0.812898 -0.574943
vn 0.586183 0.235035 -0.775337
vn 0.092865 0.802537 -0.589331
vn 0.449362 -0.183645 -0.874270
vn 0.338285 0.465046 -0.818105
vn 0.324997 -0.222317 -0.919213
vn 0.053867 0.789434 -0.611467
vn -0.054266 -0.276759 -0.959406
vn 0.049530 0.789520 -0.611722
vn 0.131612 -0.283759 -0.949821
vn 0.017462 0.258781 -0.965778
vn -0.308013 -0.257433 -0.915891
vn 0.045235 0.789560 -0.612003
vn 0.068287 0.785280 -0.615363
vn -0.319303 0.118411 -0.940226
vn -0.566752 -0.184177 -0.803039
vn -0.331281 0.547534 -0.768414
vn 0.051240 0.783605 -0.619142
vn 0.051240 0.783605 -0.619142
vn -0.443491 0.427013 -0.788020
vn -0.840263 0.019566 -0.541826
vn -0.566806 0.520109 -0.638919
vn 0.085902 0.744117 -0.662503
vn 0.196176 0.760216 -0.619344
vn 0.155598 0.744563 -0.649165
vn 0.156719 0.736278 -0.658281
vn 0.195395 0.737137 -0.646877
vn 0.155991 0.788860 -0.594447
vn 0.066414 0.826210 -0.559435
vn 0.057771 0.792026 -0.607748
vn 0.098361 0.831758 -0.546356
vn 0.257175 0.659720 -0.706137
vn 0.141525 0.673115 -0.725869
vn 0.627287 0.778199 0.030279
vn 0.826194 0.562997 -0.020936
vn 0.436117 0.626613 -0.645878
vn 0.550604 0.526736 -0.647598
vn 0.533185 0.428516 0.729443
vn 0.573081 0.308939 0.759036
vn 0.418618 0.715610 0.559161
vn 0.540016 0.380054 0.750960
vn 0.462909 0.706654 0.535122
vn 0.559102 0.377545 0.738150
vn 0.396924 0.652605 0.645413
vn 0.459649 0.681572 0.569370
vn 0.528011 0.413911 0.741541
vn 0.408875 0.869397 0.277435
vn 0.428950 0.794321 0.430182
vn 0.423887 0.893472 0.148420
vn 0.446129 0.836616 0.317872
vn 0.534907 0.816995 0.215393
vn 0.439601 0.757308 0.482945
vn 0.607049 0.067039 0.791832
vn 0.627985 -0.160940 0.761402
vn 0.531452 0.763318 0.367293
vn 0.556101 0.755382 0.346627
vn 0.606514 0.698831 0.379177
vn -0.827870 -0.541669 0.145693
vn -0.849746 -0.503105 0.157531
vn -0.860005 -0.456963 0.227103
vn -0.882974 -0.419438 0.210781
vn -0.857448 0.442564 0.262528
vn -0.943097 0.224462 0.245325
vn -0.838361 0.543908 0.036265
vn -0.949049 0.312634 0.039567
vn -0.978643 0.201850 0.038914
vn -0.996836 0.068602 0.040157
vn -0.126526 0.991433 0.032444
vn 0.241117 0.970082 0.028355
vn 0.152188 0.796067 0.585762
vn 0.183431 0.894446 0.407822
vn 0.457029 0.743381 0.488373
vn -0.137334 0.814081 0.564280
vn -0.132579 0.894083 0.427830
vn 0.167940 0.851264 0.497138
vn -0.893578 0.285441 0.346470
vn -0.922403 -0.153982 0.354207
vn -0.923099 0.113121 0.367549
vn -0.908887 -0.153867 0.387620
vn -0.874499 -0.345237 0.340680
vn -0.597306 -0.702076 0.387704
vn -0.589486 -0.714532 0.376762
vn -0.819789 -0.434416 0.373134
vn 0.586416 -0.540998 0.602857
vn 0.626950 -0.473046 0.619001
vn 0.723963 -0.467276 0.507475
vn 0.577986 -0.429100 0.694122
vn 0.362397 -0.422129 0.830949
vn 0.516500 -0.379985 0.767359
vn 0.565390 -0.254107 0.784706
vn 0.570089 -0.175846 0.802544
vn 0.669685 -0.015472 0.742484
vn 0.482089 -0.337725 0.808413
vn 0.549119 -0.519327 0.654803
vn 0.615334 -0.515209 0.596593
vn -0.669100 0.742982 -0.016826
vn -0.632404 0.773818 0.035641
vn -0.707721 0.691920 0.142750
vn -0.754529 0.651265 0.080874
vn 0.359508 0.619853 -0.697522
vn 0.284692 0.705390 -0.649135
vn 0.383139 0.667221 -0.638765
vn 0.179893 0.659270 -0.730070
vn 0.190822 0.693656 -0.694571
vn 0.203725 0.639435 -0.741363
vn 0.220016 0.672564 -0.706577
f 4/4/4 2/2/2 6/6/6
f 6/6/6 5/5/5 4/4/4
f 10/10/10 8/8/8 12/12/12
f 12/12/12 11/11/11 10/10/10
f 16/16/16 14/14/14 18/18/18
f 18/18/18 17/17/17 16/16/16
f 22/22/22 20/20/20 24/24/24
f 24/24/24 23/23/23 22/22/22
f 28/28/28 26/26/26 30/30/30
f 30/30/30 29/29/29 28/28/28
f 34/34/34 32/32/32 36/36/36
f 36/36/36 35/35/35 34/34/34
f 40/40/40 38/38/38 42/42/42
f 42/42/42 41/41/41 40/40/40
f 46/46/46 44/44/44 48/48/48
f 48/48/48 47/47/47 46/46/46
f 52/52/52 50/50/50 54/54/54
f 54/54/54 53/53/53 52/52/52
f 58/58/58 56/56/56 60/60/60
f 60/60/60 59/59/59 58/58/58
f 64/64/64 62/62/62 66/66/66
f 66/66/66 65/65/65 64/64/64
f 71/71/71 69/69/69 74/74/74
f 74/74/74 72/72/72 71/71/71
f 50/50/50 71/71/71 72/72/72
f 72/72/72 54/54/54 50/50/50
f 2/2/2 52/52/52 53/53/53
f 53/53/53 6/6/6 2/2/2
f 68/68/68 10/10/10 11/11/11
f 11/11/11 73/73/73 68/68/68
f 8/8/8 58/58/58 59/59/59
f 59/59/59 12/12/12 8/8/8
f 56/56/56 28/28/28 29/29/29
f 29/29/29 60/60/60 56/56/56
f 26/26/26 22/22/22 23/23/23
f 23/23/23 30/30/30 26/26/26
f 20/20/20 16/16/16 17/17/17
f 17/17/17 24/24/24 20/20/20
f 14/14/14 40/40/40 41/41/41
f 41/41/41 18/18/18 14/14/14
f 38/38/38 34/34/34 35/35/35
f 35/35/35 42/42/42 38/38/38
f 32/32/32 46/46/46 47/47/47
f 47/47/47 36/36/36 32/32/32
f 44/44/44 64/64/64 65/65/65
f 65/65/65 48/48/48 44/44/44
f 62/62/62 4/4/4 5/5/5
f 5/5/5 66/66/66 62/62/62
f 75/75/75 1/1/1 3/3/3
f 3/3/3 76/76/76 75/75/75
f 77/77/77 51/51/51 1/1/1
f 1/1/1 75/75/75 77/77/77
f 78/78/78 49/49/49 51/51/51
f 51/51/51 77/77/77 78/78/78
f 70/70/70 49/49/49 78/78/78
f 78/78/78 79/79/79 70/70/70
f 67/67/67 70/70/70 79/79/79
f 79/79/79 80/80/80 67/67/67
f 80/80/80 81/81/81 9/9/9
f 9/9/9 67/67/67 80/80/80
f 82/82/82 7/7/7 9/9/9
f 9/9/9 81/81/81 82/82/82
f 83/83/83 57/57/57 7/7/7
f 7/7/7 82/82/82 83/83/83
f 84/84/84 55/55/55 57/57/57
f 57/57/57 83/83/83 84/84/84
f 27/27/27 55/55/55 84/84/84
f 84/84/84 85/85/85 27/27/27
f 25/25/25 27/27/27 85/85/85
f 85/85/85 86/86/86 25/25/25
f 21/21/21 25/25/25 86/86/86
f 86/86/86 87/87/87 21/21/21
f 88/88/88 19/19/19 21/21/21
f 21/21/21 87/87/87 88/88/88
f 89/89/89 15/15/15 19/19/19
f 19/19/19 88/88/88 89/89/89
f 90/90/90 13/13/13 15/15/15
f 15/15/15 89/89/89 90/90/90
f 39/39/39 13/13/13 90/90/90
f 90/90/90 91/91/91 39/39/39
f 37/37/37 39/39/39 91/91/91
f 91/91/91 92/92/92 37/37/37
f 33/33/33 37/37/37 92/92/92
f 92/92/92 93/93/93 33/33/33
f 94/94/94 31/31/31 33/33/33
f 33/33/33 93/93/93 94/94/94
f 95/95/95 45/45/45 31/31/31
f 31/31/31 94/94/94 95/95/95
f 96/96/96 43/43/43 45/45/45
f 45/45/45 95/95/95 96/96/96
f 63/63/63 43/43/43 96/96/96
f 96/96/96 97/97/97 63/63/63
f 61/61/61 63/63/63 97/97/97
f 97/97/97 98/98/98 61/61/61
f 3/3/3 61/61/61 98/98/98
f 98/98/98 76/76/76 3/3/3
f 76/76/76 99/99/99 75/75/75
f 75/75/75 99/99/99 77/77/77
f 77/77/77 99/99/99 78/78/78
f 78/78/78 99/99/99 79/79/79
f 79/79/79 99/99/99 80/80/80
f 80/80/80 99/99/99 81/81/81
f 81/81/81 99/99/99 82/82/82
f 82/82/82 99/99/99 83/83/83
f 83/83/83 99/99/99 84/84/84
f 84/84/84 99/99/99 85/85/85
f 85/85/85 99/99/99 86/86/86
f 86/86/86 99/99/99 87/87/87
f 87/87/87 99/99/99 88/88/88
f 88/88/88 99/99/99 89/89/89
f 89/89/89 99/99/99 90/90/90
f 90/90/90 99/99/99 91/91/91
f 91/91/91 99/99/99 92/92/92
f 92/92/92 99/99/99 93/93/93
f 93/93/93 99/99/99 94/94/94
f 94/94/94 99/99/99 95/95/95
f 95/95/95 99/99/99 96/96/96
f 96/96/96 99/99/99 97/97/97
f 97/97/97 99/99/99 98/98/98
f 98/98/98 99/99/99 76/76/76
f 104/104/104 101/101/101 106/106/106
f 106/106/106 105/105/105 104/104/104
f 110/110/110 108/108/108 112/112/112
f 112/112/112 111/111/111 110/110/110
f 101/101/101 115/115/115 113/113/113
f 113/113/113 106/106/106 101/101/101
f 119/119/119 117/117/117 121/121/121
f 121/121/121 120/120/120 119/119/119
f 125/125/125 123/123/123 127/127/127
f 127/127/127 126/126/126 125/125/125
f 131/131/131 129/129/129 133/133/133
f 133/133/133 132/132/132 131/131/131
f 125/125/125 126/126/126 136/136/136
f 136/136/136 135/135/135 125/125/125
f 138/138/138 139/139/139 133/133/133
f 133/133/133 129/129/129 138/138/138
f 119/119/119 120/120/120 127/127/127
f 127/127/127 123/123/123 119/119/119
f 131/131/131 132/132/132 112/112/112
f 112/112/112 108/108/108 131/131/131
f 141/141/141 110/110/110 111/111/111
f 111/111/111 142/142/142 141/141/141
f 144/144/144 145/145/145 121/121/121
f 121/121/121 117/117/117 144/144/144
f 149/149/149 147/147/147 151/151/151
f 151/151/151 150/150/150 149/149/149
f 153/153/153 154/154/154 145/145/145
f 145/145/145 144/144/144 153/153/153
f 158/158/158 156/156/156 160/160/160
f 160/160/160 159/159/159 158/158/158
f 162/162/162 166/166/166 164/164/164
f 164/164/164 163/163/163 162/162/162
f 149/149/149 150/150/150 169/169/169
f 169/169/169 168/168/168 149/149/149
f 158/158/158 159/159/159 154/154/154
f 154/154/154 153/153/153 158/158/158
f 171/171/171 170/170/170 173/173/173
f 173/173/173 172/172/172 171/171/171
f 174/174/174 176/176/176 175/175/175
f 172/172/172 179/179/179 178/178/178
f 178/178/178 177/177/177 172/172/172
f 177/177/177 178/178/178 181/181/181
f 181/181/181 180/180/180 177/177/177
f 177/177/177 182/182/182 183/183/183
f 183/183/183 172/172/172 177/177/177
f 180/180/180 184/184/184 182/182/182
f 182/182/182 177/177/177 180/180/180
f 185/185/185 175/175/175 183/183/183
f 183/183/183 182/182/182 185/185/185
f 186/186/186 185/185/185 182/182/182
f 182/182/182 184/184/184 186/186/186
f 175/175/175 185/185/185 187/187/187
f 187/187/187 174/174/174 175/175/175
f 188/188/188 187/187/187 185/185/185
f 185/185/185 186/186/186 188/188/188
f 189/189/189 192/192/192 191/191/191
f 191/191/191 190/190/190 189/189/189
f 193/193/193 195/195/195 194/194/194
f 194/194/194 171/171/171 193/193/193
f 171/171/171 194/194/194 196/196/196
f 196/196/196 170/170/170 171/171/171
f 193/193/193 197/197/197 198/198/198
f 198/198/198 195/195/195 193/193/193
f 147/147/147 141/141/141 142/142/142
f 142/142/142 151/151/151 147/147/147
f 199/199/199 194/194/194 195/195/195
f 195/195/195 200/200/200 199/199/199
f 195/195/195 198/198/198 190/190/190
f 190/190/190 200/200/200 195/195/195
f 201/201/201 199/199/199 200/200/200
f 200/200/200 202/202/202 201/201/201
f 200/200/200 190/190/190 191/191/191
f 191/191/191 202/202/202 200/200/200
f 189/189/189 190/190/190 198/198/198
f 198/198/198 203/203/203 189/189/189
f 203/203/203 198/198/198 204/204/204
f 206/206/206 205/205/205 194/194/194
f 194/194/194 199/199/199 206/206/206
f 206/206/206 199/199/199 201/201/201
f 201/201/201 207/207/207 206/206/206
f 209/209/209 162/162/162 163/163/163
f 163/163/163 210/210/210 209/209/209
f 175/175/175 197/197/197 193/193/193
f 193/193/193 183/183/183 175/175/175
f 172/172/172 173/173/173 179/179/179
f 197/197/197 175/175/175 176/176/176
f 176/176/176 211/211/211 197/197/197
f 172/172/172 183/183/183 193/193/193
f 193/193/193 171/171/171 172/172/172
f 209/209/209 210/210/210 160/160/160
f 160/160/160 156/156/156 209/209/209
f 104/104/104 105/105/105 139/139/139
f 139/139/139 138/138/138 104/104/104
f 196/196/196 194/194/194 205/205/205
f 204/204/204 198/198/198 197/197/197
f 197/197/197 211/211/211 204/204/204
f 212/212/212 100/100/100 103/103/103
f 103/103/103 214/214/214 212/212/212
f 216/216/216 215/215/215 122/122/122
f 122/122/122 124/124/124 216/216/216
f 217/217/217 128/128/128 130/130/130
f 130/130/130 218/218/218 217/217/217
f 219/219/219 216/216/216 124/124/124
f 124/124/124 134/134/134 219/219/219
f 215/215/215 220/220/220 118/118/118
f 118/118/118 122/122/122 215/215/215
f 218/218/218 130/130/130 107/107/107
f 107/107/107 221/221/221 218/218/218
f 222/222/222 143/143/143 116/116/116
f 116/116/116 223/223/223 222/222/222
f 224/224/224 152/152/152 143/143/143
f 143/143/143 222/222/222 224/224/224
f 225/225/225 155/155/155 157/157/157
f 157/157/157 226/226/226 225/225/225
f 226/226/226 157/157/157 152/152/152
f 152/152/152 224/224/224 226/226/226
f 221/221/221 107/107/107 109/109/109
f 109/109/109 227/227/227 221/221/221
f 227/227/227 109/109/109 140/140/140
f 140/140/140 228/228/228 227/227/227
f 230/230/230 229/229/229 165/165/165
f 165/165/165 161/161/161 230/230/230
f 231/231/231 219/219/219 134/134/134
f 134/134/134 114/114/114 231/231/231
f 230/230/230 161/161/161 208/208/208
f 208/208/208 232/232/232 230/230/230
f 229/229/229 233/233/233 167/167/167
f 167/167/167 165/165/165 229/229/229
f 166/166/166 168/168/168 169/169/169
f 169/169/169 164/164/164 166/166/166
f 115/115/115 135/135/135 136/136/136
f 136/136/136 113/113/113 115/115/115
f 114/114/114 102/102/102 213/213/213
f 213/213/213 231/231/231 114/114/114
f 116/116/116 118/118/118 220/220/220
f 220/220/220 223/223/223 116/116/116
f 128/128/128 217/217/217 234/234/234
f 234/234/234 137/137/137 128/128/128
f 140/140/140 146/146/146 235/235/235
f 235/235/235 228/228/228 140/140/140
f 146/146/146 148/148/148 236/236/236
f 236/236/236 235/235/235 146/146/146
f 155/155/155 225/225/225 232/232/232
f 232/232/232 208/208/208 155/155/155
f 148/148/148 167/167/167 233/233/233
f 233/233/233 236/236/236 148/148/148
f 137/137/137 234/234/234 214/214/214
f 214/214/214 103/103/103 137/137/137
f 205/205/205 139/139/139 105/105/105
f 105/105/105 196/196/196 205/205/205
f 206/206/206 133/133/133 139/139/139
f 139/139/139 205/205/205 206/206/206
f 132/132/132 133/133/133 206/206/206
f 206/206/206 207/207/207 132/132/132
f 201/201/201 112/112/112 132/132/132
f 132/132/132 207/207/207 201/201/201
f 111/111/111 112/112/112 201/201/201
f 201/201/201 202/202/202 111/111/111
f 142/142/142 111/111/111 202/202/202
f 202/202/202 191/191/191 142/142/142
f 151/151/151 142/142/142 191/191/191
f 191/191/191 192/192/192 151/151/151
f 150/150/150 151/151/151 192/192/192
f 192/192/192 189/189/189 150/150/150
f 203/203/203 169/169/169 150/150/150
f 150/150/150 189/189/189 203/203/203
f 164/164/164 169/169/169 203/203/203
f 203/203/203 204/204/204 164/164/164
f 163/163/163 164/164/164 204/204/204
f 204/204/204 211/211/211 163/163/163
f 210/210/210 163/163/163 211/211/211
f 211/211/211 176/176/176 210/210/210
f 174/174/174 160/160/160 210/210/210
f 210/210/210 176/176/176 174/174/174
f 159/159/159 160/160/160 174/174/174
f 174/174/174 187/187/187 159/159/159
f 188/188/188 154/154/154 159/159/159
f 159/159/159 187/187/187 188/188/188
f 186/186/186 145/145/145 154/154/154
f 154/154/154 188/188/188 186/186/186
f 184/184/184 121/121/121 145/145/145
f 145/145/145 186/186/186 184/184/184
f 120/120/120 121/121/121 184/184/184
f 184/184/184 180/180/180 120/120/120
f 181/181/181 127/127/127 120/120/120
f 120/120/120 180/180/180 181/181/181
f 126/126/126 127/127/127 181/181/181
f 181/181/181 178/178/178 126/126/126
f 179/179/179 136/136/136 126/126/126
f 126/126/126 178/178/178 179/179/179
f 113/113/113 136/136/136 179/179/179
f 179/179/179 173/173/173 113/113/113
f 106/106/106 113/113/113 173/173/173
f 173/173/173 170/170/170 106/106/106
f 105/105/105 106/106/106 170/170/170
f 170/170/170 196/196/196 105/105/105
f 237/237/237 240/240/240 239/239/239
f 239/239/239 238/238/238 237/237/237
f 241/241/241 244/244/244 243/243/243
f 243/243/243 242/242/242 241/241/241
f 245/245/245 249/249/249 248/248/248
f 248/248/248 247/247/247 245/245/245
f 251/251/251 254/254/254 253/253/253
f 253/253/253 252/252/252 251/251/251
f 255/255/255 258/258/258 257/257/257
f 257/257/257 256/256/256 255/255/255
f 259/259/259 262/262/262 261/261/261
f 261/261/261 260/260/260 259/259/259
f 264/264/264 263/263/263 268/268/268
f 268/268/268 266/266/266 264/264/264
f 269/269/269 272/272/272 271/271/271
f 271/271/271 270/270/270 269/269/269
f 273/273/273 276/276/276 275/275/275
f 275/275/275 274/274/274 273/273/273
f 271/271/271 272/272/272 278/278/278
f 278/278/278 277/277/277 271/271/271
f 280/280/280 279/279/279 282/282/282
f 282/282/282 281/281/281 280/280/280
f 283/283/283 286/286/286 285/285/285
f 285/285/285 284/284/284 283/283/283
f 287/287/287 288/288/288 286/286/286
f 286/286/286 283/283/283 287/287/287
f 247/247/247 248/248/248 288/288/288
f 288/288/288 287/287/287 247/247/247
f 277/277/277 278/278/278 241/241/241
f 241/241/241 242/242/242 277/277/277
f 239/239/239 240/240/240 263/263/263
f 263/263/263 264/264/264 239/239/239
f 289/289/289 292/292/292 291/291/291
f 291/291/291 290/290/290 289/289/289
f 257/257/257 258/258/258 259/259/259
f 259/259/259 260/260/260 257/257/257
f 253/253/253 254/254/254 255/255/255
f 255/255/255 256/256/256 253/253/253
f 243/243/243 244/244/244 251/251/251
f 251/251/251 252/252/252 243/243/243
f 294/294/294 293/293/293 290/290/290
f 290/290/290 295/295/295 294/294/294
f 298/298/298 296/296/296 245/245/245
f 245/245/245 247/247/247 298/298/298
f 297/297/297 299/299/299 300/300/300
f 300/300/300 246/246/246 297/297/297
f 302/302/302 301/301/301 273/273/273
f 273/273/273 274/274/274 302/302/302
f 303/303/303 283/283/283 284/284/284
f 284/284/284 304/304/304 303/303/303
f 305/305/305 287/287/287 283/283/283
f 283/283/283 303/303/303 305/305/305
f 298/298/298 247/247/247 287/287/287
f 287/287/287 305/305/305 298/298/298
f 306/306/306 289/289/289 290/290/290
f 290/290/290 293/293/293 306/306/306
f 307/307/307 310/310/310 240/240/240
f 240/240/240 237/237/237 307/307/307
f 241/241/241 312/312/312 244/244/244
f 313/313/313 267/267/267 316/316/316
f 316/316/316 314/314/314 313/313/313
f 254/254/254 251/251/251 320/320/320
f 320/320/320 319/319/319 254/254/254
f 258/258/258 255/255/255 324/324/324
f 324/324/324 323/323/323 258/258/258
f 262/262/262 259/259/259 328/328/328
f 328/328/328 326/326/326 262/262/262
f 268/268/268 263/263/263 331/331/331
f 331/331/331 317/317/317 268/268/268
f 272/272/272 269/269/269 334/334/334
f 334/334/334 333/333/333 272/272/272
f 269/269/269 282/282/282 336/336/336
f 336/336/336 334/334/334 269/269/269
f 272/272/272 333/333/333 338/338/338
f 338/338/338 278/278/278 272/272/272
f 282/282/282 279/279/279 340/340/340
f 340/340/340 336/336/336 282/282/282
f 279/279/279 342/342/342 344/344/344
f 344/344/344 340/340/340 279/279/279
f 342/342/342 345/345/345 347/347/347
f 347/347/347 344/344/344 342/342/342
f 313/313/313 314/314/314 347/347/347
f 347/347/347 345/345/345 313/313/313
f 278/278/278 338/338/338 312/312/312
f 312/312/312 241/241/241 278/278/278
f 240/240/240 310/310/310 331/331/331
f 331/331/331 263/263/263 240/240/240
f 262/262/262 326/326/326 307/307/307
f 307/307/307 237/237/237 262/262/262
f 258/258/258 323/323/323 328/328/328
f 328/328/328 259/259/259 258/258/258
f 254/254/254 319/319/319 324/324/324
f 324/324/324 255/255/255 254/254/254
f 244/244/244 312/312/312 320/320/320
f 320/320/320 251/251/251 244/244/244
f 291/291/291 238/238/238 239/239/239
f 239/239/239 348/348/348 291/291/291
f 242/242/242 243/243/243 350/350/350
f 350/350/350 349/349/349 242/242/242
f 351/351/351 265/265/265 267/267/267
f 267/267/267 313/313/313 351/351/351
f 252/252/252 253/253/253 353/353/353
f 353/353/353 352/352/352 252/252/252
f 256/256/256 257/257/257 355/355/355
f 355/355/355 354/354/354 256/256/256
f 260/260/260 261/261/261 292/292/292
f 292/292/292 356/356/356 260/260/260
f 357/357/357 264/264/264 266/266/266
f 266/266/266 250/250/250 357/357/357
f 270/270/270 271/271/271 358/358/358
f 358/358/358 275/275/275 270/270/270
f 269/269/269 270/270/270 281/281/281
f 281/281/281 282/282/282 269/269/269
f 271/271/271 277/277/277 359/359/359
f 359/359/359 358/358/358 271/271/271
f 285/285/285 280/280/280 281/281/281
f 281/281/281 276/276/276 285/285/285
f 279/279/279 280/280/280 360/360/360
f 360/360/360 342/342/342 279/279/279
f 342/342/342 360/360/360 361/361/361
f 361/361/361 345/345/345 342/342/342
f 345/345/345 361/361/361 351/351/351
f 351/351/351 313/313/313 345/345/345
f 277/277/277 242/242/242 349/349/349
f 349/349/349 359/359/359 277/277/277
f 239/239/239 264/264/264 357/357/357
f 357/357/357 348/348/348 239/239/239
f 237/237/237 238/238/238 261/261/261
f 261/261/261 262/262/262 237/237/237
f 257/257/257 260/260/260 356/356/356
f 356/356/356 355/355/355 257/257/257
f 253/253/253 256/256/256 354/354/354
f 354/354/354 353/353/353 253/253/253
f 243/243/243 252/252/252 352/352/352
f 352/352/352 350/350/350 243/243/243
f 362/362/362 365/365/365 364/364/364
f 364/364/364 363/363/363 362/362/362
f 366/366/366 369/369/369 368/368/368
f 368/368/368 367/367/367 366/366/366
f 370/370/370 373/373/373 372/372/372
f 372/372/372 371/371/371 370/370/370
f 374/374/374 289/289/289 306/306/306
f 306/306/306 375/375/375 374/374/374
f 274/274/274 377/377/377 376/376/376
f 376/376/376 302/302/302 274/274/274
f 377/377/377 379/379/379 378/378/378
f 378/378/378 376/376/376 377/377/377
f 304/304/304 284/284/284 273/273/273
f 273/273/273 301/301/301 304/304/304
f 379/379/379 362/362/362 363/363/363
f 363/363/363 378/378/378 379/379/379
f 295/295/295 300/300/300 299/299/299
f 299/299/299 294/294/294 295/295/295
f 373/373/373 374/374/374 375/375/375
f 375/375/375 372/372/372 373/373/373
f 369/369/369 370/370/370 371/371/371
f 371/371/371 368/368/368 369/369/369
f 365/365/365 366/366/366 367/367/367
f 367/367/367 364/364/364 365/365/365
f 351/351/351 248/248/248 249/249/249
f 249/249/249 265/265/265 351/351/351
f 270/270/270 275/275/275 276/276/276
f 276/276/276 281/281/281 270/270/270
f 280/280/280 285/285/285 286/286/286
f 286/286/286 360/360/360 280/280/280
f 360/360/360 286/286/286 288/288/288
f 288/288/288 361/361/361 360/360/360
f 361/361/361 288/288/288 248/248/248
f 248/248/248 351/351/351 361/361/361
f 238/238/238 291/291/291 292/292/292
f 292/292/292 261/261/261 238/238/238
f 290/290/290 291/291/291 348/348/348
f 348/348/348 295/295/295 290/290/290
f 349/349/349 350/350/350 365/365/365
f 365/365/365 362/362/362 349/349/349
f 352/352/352 353/353/353 369/369/369
f 369/369/369 366/366/366 352/352/352
f 354/354/354 355/355/355 373/373/373
f 373/373/373 370/370/370 354/354/354
f 356/356/356 292/292/292 289/289/289
f 289/289/289 374/374/374 356/356/356
f 300/300/300 357/357/357 250/250/250
f 250/250/250 246/246/246 300/300/300
f 275/275/275 358/358/358 377/377/377
f 377/377/377 274/274/274 275/275/275
f 358/358/358 359/359/359 379/379/379
f 379/379/379 377/377/377 358/358/358
f 284/284/284 285/285/285 276/276/276
f 276/276/276 273/273/273 284/284/284
f 359/359/359 349/349/349 362/362/362
f 362/362/362 379/379/379 359/359/359
f 348/348/348 357/357/357 300/300/300
f 300/300/300 295/295/295 348/348/348
f 355/355/355 356/356/356 374/374/374
f 374/374/374 373/373/373 355/355/355
f 353/353/353 354/354/354 370/370/370
f 370/370/370 369/369/369 353/353/353
f 350/350/350 352/352/352 366/366/366
f 366/366/366 365/365/365 350/350/350
f 309/309/309 308/308/308 380/380/380
f 381/381/381 380/380/380 308/308/308
f 382/382/382 383/383/383 311/311/311
f 315/315/315 316/316/316 384/384/384
f 385/385/385 384/384/384 316/316/316
f 318/318/318 321/321/321 387/387/387
f 388/388/388 387/387/387 321/321/321
f 322/322/322 325/325/325 389/389/389
f 390/390/390 389/389/389 325/325/325
f 327/327/327 329/329/329 391/391/391
f 392/392/392 391/391/391 329/329/329
f 330/330/330 394/394/394 393/393/393
f 335/335/335 396/396/396 395/395/395
f 337/337/337 398/398/398 397/397/397
f 339/339/339 332/332/332 399/399/399
f 400/400/400 399/399/399 332/332/332
f 341/341/341 402/402/402 401/401/401
f 343/343/343 404/404/404 403/403/403
f 346/346/346 406/406/406 405/405/405
f 315/315/315 408/408/408 407/407/407
f 311/311/311 339/339/339 409/409/409
f 410/410/410 409/409/409 339/339/339
f 309/309/309 412/412/412 411/411/411
f 308/308/308 327/327/327 413/413/413
f 414/414/414 413/413/413 327/327/327
f 329/329/329 322/322/322 415/415/415
f 416/416/416 415/415/415 322/322/322
f 325/325/325 318/318/318 417/417/417
f 418/418/418 417/417/417 318/318/318
f 321/321/321 311/311/311 419/419/419
f 420/420/420 419/419/419 311/311/311
f 423/423/423 422/422/422 421/421/421
f 421/421/421 424/424/424 423/423/423
f 426/426/426 425/425/425 422/422/422
f 422/422/422 423/423/423 426/426/426
f 430/430/430 429/429/429 427/427/427
f 427/427/427 431/431/431 430/430/430
f 434/434/434 433/433/433 429/429/429
f 429/429/429 430/430/430 434/434/434
f 437/437/437 436/436/436 435/435/435
f 435/435/435 438/438/438 437/437/437
f 440/440/440 439/439/439 436/436/436
f 436/436/436 437/437/437 440/440/440
f 443/443/443 442/442/442 441/441/441
f 441/441/441 444/444/444 443/443/443
f 432/432/432 428/428/428 442/442/442
f 442/442/442 443/443/443 432/432/432
f 447/447/447 446/446/446 445/445/445
f 445/445/445 448/448/448 447/447/447
f 450/450/450 449/449/449 446/446/446
f 446/446/446 447/447/447 450/450/450
f 453/453/453 452/452/452 451/451/451
f 451/451/451 454/454/454 453/453/453
f 448/448/448 445/445/445 452/452/452
f 452/452/452 453/453/453 448/448/448
f 457/457/457 456/456/456 455/455/455
f 455/455/455 458/458/458 457/457/457
f 454/454/454 451/451/451 456/456/456
f 456/456/456 457/457/457 454/454/454
f 461/461/461 460/460/460 459/459/459
f 459/459/459 462/462/462 461/461/461
f 458/458/458 455/455/455 460/460/460
f 460/460/460 461/461/461 458/458/458
f 465/465/465 464/464/464 463/463/463
f 463/463/463 466/466/466 465/465/465
f 462/462/462 459/459/459 464/464/464
f 464/464/464 465/465/465 462/462/462
f 468/468/468 467/467/467 433/433/433
f 433/433/433 434/434/434 468/468/468
f 466/466/466 463/463/463 467/467/467
f 467/467/467 468/468/468 466/466/466
f 471/471/471 470/470/470 469/469/469
f 469/469/469 472/472/472 471/471/471
f 474/474/474 473/473/473 470/470/470
f 470/470/470 471/471/471 474/474/474
f 476/476/476 475/475/475 425/425/425
f 425/425/425 426/426/426 476/476/476
f 444/444/444 441/441/441 475/475/475
f 475/475/475 476/476/476 444/444/444
f 479/479/479 478/478/478 477/477/477
f 477/477/477 480/480/480 479/479/479
f 482/482/482 481/481/481 478/478/478
f 478/478/478 479/479/479 482/482/482
f 485/485/485 484/484/484 483/483/483
f 483/483/483 486/486/486 485/485/485
f 488/488/488 487/487/487 484/484/484
f 484/484/484 485/485/485 488/488/488
f 485/485/485 490/490/490 489/489/489
f 489/489/489 488/488/488 485/485/485
f 486/486/486 474/474/474 490/490/490
f 490/490/490 485/485/485 486/486/486
f 493/493/493 492/492/492 491/491/491
f 491/491/491 494/494/494 493/493/493
f 497/497/497 495/495/495 492/492/492
f 492/492/492 493/493/493 497/497/497
f 501/501/501 500/500/500 499/499/499
f 499/499/499 502/502/502 501/501/501
f 504/504/504 503/503/503 500/500/500
f 500/500/500 501/501/501 504/504/504
f 501/501/501 506/506/506 505/505/505
f 505/505/505 504/504/504 501/501/501
f 502/502/502 507/507/507 506/506/506
f 506/506/506 501/501/501 502/502/502
f 510/510/510 509/509/509 508/508/508
f 508/508/508 511/511/511 510/510/510
f 513/513/513 512/512/512 509/509/509
f 509/509/509 510/510/510 513/513/513
f 510/510/510 515/515/515 514/514/514
f 514/514/514 513/513/513 510/510/510
f 511/511/511 516/516/516 515/515/515
f 515/515/515 510/510/510 511/511/511
f 518/518/518 517/517/517 440/440/440
f 440/440/440 437/437/437 518/518/518
f 520/520/520 519/519/519 517/517/517
f 517/517/517 518/518/518 520/520/520
f 518/518/518 522/522/522 521/521/521
f 521/521/521 520/520/520 518/518/518
f 437/437/437 438/438/438 522/522/522
f 522/522/522 518/518/518 437/437/437
f 524/524/524 523/523/523 496/496/496
f 496/496/496 498/498/498 524/524/524
f 526/526/526 525/525/525 523/523/523
f 523/523/523 524/524/524 526/526/526
f 529/529/529 528/528/528 527/527/527
f 527/527/527 530/530/530 529/529/529
f 532/532/532 531/531/531 528/528/528
f 528/528/528 529/529/529 532/532/532
f 534/534/534 533/533/533 531/531/531
f 531/531/531 532/532/532 534/534/534
f 536/536/536 535/535/535 533/533/533
f 533/533/533 534/534/534 536/536/536
f 538/538/538 537/537/537 472/472/472
f 472/472/472 539/539/539 538/538/538
f 541/541/541 540/540/540 537/537/537
f 537/537/537 538/538/538 541/541/541
f 538/538/538 542/542/542 530/530/530
f 530/530/530 541/541/541 538/538/538
f 539/539/539 450/450/450 542/542/542
f 542/542/542 538/538/538 539/539/539
f 544/544/544 543/543/543 535/535/535
f 535/535/535 536/536/536 544/544/544
f 546/546/546 545/545/545 543/543/543
f 543/543/543 544/544/544 546/546/546
f 548/548/548 547/547/547 545/545/545
f 545/545/545 546/546/546 548/548/548
f 550/550/550 549/549/549 547/547/547
f 547/547/547 548/548/548 550/550/550
f 552/552/552 551/551/551 549/549/549
f 549/549/549 550/550/550 552/552/552
f 554/554/554 553/553/553 551/551/551
f 551/551/551 552/552/552 554/554/554
f 556/556/556 555/555/555 553/553/553
f 553/553/553 554/554/554 556/556/556
f 494/494/494 491/491/491 555/555/555
f 555/555/555 556/556/556 494/494/494
f 559/559/559 558/558/558 557/557/557
f 557/557/557 489/489/489 559/559/559
f 540/540/540 560/560/560 558/558/558
f 558/558/558 559/559/559 540/540/540
f 562/562/562 561/561/561 525/525/525
f 525/525/525 526/526/526 562/562/562
f 480/480/480 477/477/477 561/561/561
f 561/561/561 562/562/562 480/480/480
f 564/564/564 563/563/563 424/424/424
f 424/424/424 565/565/565 564/564/564
f 566/566/566 482/482/482 563/563/563
f 563/563/563 564/564/564 566/566/566
f 564/564/564 517/517/517 519/519/519
f 519/519/519 566/566/566 564/564/564
f 565/565/565 440/440/440 517/517/517
f 517/517/517 564/564/564 565/565/565
f 567/567/567 522/522/522 438/438/438
f 438/438/438 568/568/568 567/567/567
f 569/569/569 521/521/521 522/522/522
f 522/522/522 567/567/567 569/569/569
f 567/567/567 509/509/509 512/512/512
f 512/512/512 569/569/569 567/567/567
f 568/568/568 508/508/508 509/509/509
f 509/509/509 567/567/567 568/568/568
f 570/570/570 515/515/515 516/516/516
f 516/516/516 571/571/571 570/570/570
f 572/572/572 514/514/514 515/515/515
f 515/515/515 570/570/570 572/572/572
f 570/570/570 500/500/500 503/503/503
f 503/503/503 572/572/572 570/570/570
f 571/571/571 499/499/499 500/500/500
f 500/500/500 570/570/570 571/571/571
f 575/575/575 574/574/574 573/573/573
f 573/573/573 505/505/505 575/575/575
f 487/487/487 576/576/576 574/574/574
f 574/574/574 575/575/575 487/487/487
f 478/478/478 578/578/578 577/577/577
f 577/577/577 477/477/477 478/478/478
f 481/481/481 579/579/579 578/578/578
f 578/578/578 478/478/478 481/481/481
f 582/582/582 581/581/581 580/580/580
f 580/580/580 576/576/576 582/582/582
f 557/557/557 583/583/583 581/581/581
f 581/581/581 582/582/582 557/557/557
f 588/588/588 586/586/586 584/584/584
f 584/584/584 589/589/589 588/588/588
f 593/593/593 590/590/590 586/586/586
f 586/586/586 588/588/588 593/593/593
f 597/597/597 596/596/596 595/595/595
f 595/595/595 598/598/598 597/597/597
f 573/573/573 599/599/599 596/596/596
f 596/596/596 597/597/597 573/573/573
f 602/602/602 601/601/601 600/600/600
f 600/600/600 603/603/603 602/602/602
f 605/605/605 604/604/604 601/601/601
f 601/601/601 602/602/602 605/605/605
f 608/608/608 607/607/607 606/606/606
f 606/606/606 609/609/609 608/608/608
f 611/611/611 610/610/610 607/607/607
f 607/607/607 608/608/608 611/611/611
f 614/614/614 613/613/613 592/592/592
f 592/592/592 594/594/594 614/614/614
f 617/617/617 616/616/616 613/613/613
f 613/613/613 614/614/614 617/617/617
f 528/528/528 619/619/619 618/618/618
f 618/618/618 527/527/527 528/528/528
f 531/531/531 620/620/620 619/619/619
f 619/619/619 528/528/528 531/531/531
f 625/625/625 623/623/623 621/621/621
f 621/621/621 620/620/620 625/625/625
f 628/628/628 626/626/626 623/623/623
f 623/623/623 625/625/625 628/628/628
f 631/631/631 630/630/630 629/629/629
f 629/629/629 560/560/560 631/631/631
f 527/527/527 618/618/618 630/630/630
f 630/630/630 631/631/631 527/527/527
f 634/634/634 632/632/632 626/626/626
f 626/626/626 628/628/628 634/634/634
f 637/637/637 635/635/635 632/632/632
f 632/632/632 634/634/634 637/637/637
f 547/547/547 638/638/638 637/637/637
f 637/637/637 545/545/545 547/547/547
f 549/549/549 639/639/639 638/638/638
f 638/638/638 547/547/547 549/549/549
f 644/644/644 642/642/642 640/640/640
f 640/640/640 639/639/639 644/644/644
f 647/647/647 645/645/645 642/642/642
f 642/642/642 644/644/644 647/647/647
f 650/650/650 648/648/648 645/645/645
f 645/645/645 647/647/647 650/650/650
f 589/589/589 584/584/584 648/648/648
f 648/648/648 650/650/650 589/589/589
f 558/558/558 651/651/651 583/583/583
f 583/583/583 557/557/557 558/558/558
f 560/560/560 629/629/629 651/651/651
f 651/651/651 558/558/558 560/560/560
f 654/654/654 652/652/652 616/616/616
f 616/616/616 617/617/617 654/654/654
f 577/577/577 655/655/655 652/652/652
f 652/652/652 654/654/654 577/577/577
f 658/658/658 657/657/657 579/579/579
f 579/579/579 481/481/481 658/658/658
f 609/609/609 606/606/606 657/657/657
f 657/657/657 658/658/658 609/609/609
f 660/660/660 659/659/659 610/610/610
f 610/610/610 611/611/611 660/660/660
f 603/603/603 600/600/600 659/659/659
f 659/659/659 660/660/660 603/603/603
f 662/662/662 661/661/661 604/604/604
f 604/604/604 605/605/605 662/662/662
f 598/598/598 595/595/595 661/661/661
f 661/661/661 662/662/662 598/598/598
f 574/574/574 663/663/663 599/599/599
f 599/599/599 573/573/573 574/574/574
f 576/576/576 580/580/580 663/663/663
f 663/663/663 574/574/574 576/576/576
f 664/664/664 563/563/563 482/482/482
f 482/482/482 479/479/479 664/664/664
f 423/423/423 424/424/424 563/563/563
f 563/563/563 664/664/664 423/423/423
f 664/664/664 665/665/665 426/426/426
f 426/426/426 423/423/423 664/664/664
f 479/479/479 480/480/480 665/665/665
f 665/665/665 664/664/664 479/479/479
f 582/582/582 576/576/576 487/487/487
f 487/487/487 488/488/488 582/582/582
f 488/488/488 489/489/489 557/557/557
f 557/557/557 582/582/582 488/488/488
f 668/668/668 666/666/666 497/497/497
f 497/497/497 493/493/493 668/668/668
f 430/430/430 431/431/431 666/666/666
f 666/666/666 668/668/668 430/430/430
f 668/668/668 669/669/669 434/434/434
f 434/434/434 430/430/430 668/668/668
f 493/493/493 494/494/494 669/669/669
f 669/669/669 668/668/668 493/493/493
f 597/597/597 598/598/598 503/503/503
f 503/503/503 504/504/504 597/597/597
f 504/504/504 505/505/505 573/573/573
f 573/573/573 597/597/597 504/504/504
f 602/602/602 603/603/603 512/512/512
f 512/512/512 513/513/513 602/602/602
f 513/513/513 514/514/514 605/605/605
f 605/605/605 602/602/602 513/513/513
f 608/608/608 609/609/609 519/519/519
f 519/519/519 520/520/520 608/608/608
f 520/520/520 521/521/521 611/611/611
f 611/611/611 608/608/608 520/520/520
f 671/671/671 670/670/670 526/526/526
f 526/526/526 524/524/524 671/671/671
f 443/443/443 444/444/444 670/670/670
f 670/670/670 671/671/671 443/443/443
f 671/671/671 667/667/667 432/432/432
f 432/432/432 443/443/443 671/671/671
f 524/524/524 498/498/498 667/667/667
f 667/667/667 671/671/671 524/524/524
f 673/673/673 672/672/672 532/532/532
f 532/532/532 529/529/529 673/673/673
f 447/447/447 448/448/448 672/672/672
f 672/672/672 673/673/673 447/447/447
f 673/673/673 542/542/542 450/450/450
f 450/450/450 447/447/447 673/673/673
f 529/529/529 530/530/530 542/542/542
f 542/542/542 673/673/673 529/529/529
f 675/675/675 674/674/674 536/536/536
f 536/536/536 534/534/534 675/675/675
f 453/453/453 454/454/454 674/674/674
f 674/674/674 675/675/675 453/453/453
f 675/675/675 672/672/672 448/448/448
f 448/448/448 453/453/453 675/675/675
f 534/534/534 532/532/532 672/672/672
f 672/672/672 675/675/675 534/534/534
f 631/631/631 560/560/560 540/540/540
f 540/540/540 541/541/541 631/631/631
f 541/541/541 530/530/530 527/527/527
f 527/527/527 631/631/631 541/541/541
f 677/677/677 676/676/676 546/546/546
f 546/546/546 544/544/544 677/677/677
f 457/457/457 458/458/458 676/676/676
f 676/676/676 677/677/677 457/457/457
f 677/677/677 674/674/674 454/454/454
f 454/454/454 457/457/457 677/677/677
f 544/544/544 536/536/536 674/674/674
f 674/674/674 677/677/677 544/544/544
f 679/679/679 678/678/678 550/550/550
f 550/550/550 548/548/548 679/679/679
f 461/461/461 462/462/462 678/678/678
f 678/678/678 679/679/679 461/461/461
f 679/679/679 676/676/676 458/458/458
f 458/458/458 461/461/461 679/679/679
f 548/548/548 546/546/546 676/676/676
f 676/676/676 679/679/679 548/548/548
f 681/681/681 680/680/680 554/554/554
f 554/554/554 552/552/552 681/681/681
f 465/465/465 466/466/466 680/680/680
f 680/680/680 681/681/681 465/465/465
f 681/681/681 678/678/678 462/462/462
f 462/462/462 465/465/465 681/681/681
f 552/552/552 550/550/550 678/678/678
f 678/678/678 681/681/681 552/552/552
f 682/682/682 669/669/669 494/494/494
f 494/494/494 556/556/556 682/682/682
f 468/468/468 434/434/434 669/669/669
f 669/669/669 682/682/682 468/468/468
f 682/682/682 680/680/680 466/466/466
f 466/466/466 468/468/468 682/682/682
f 556/556/556 554/554/554 680/680/680
f 680/680/680 682/682/682 556/556/556
f 683/683/683 537/537/537 540/540/540
f 540/540/540 559/559/559 683/683/683
f 471/471/471 472/472/472 537/537/537
f 537/537/537 683/683/683 471/471/471
f 683/683/683 490/490/490 474/474/474
f 474/474/474 471/471/471 683/683/683
f 559/559/559 489/489/489 490/490/490
f 490/490/490 683/683/683 559/559/559
f 684/684/684 665/665/665 480/480/480
f 480/480/480 562/562/562 684/684/684
f 476/476/476 426/426/426 665/665/665
f 665/665/665 684/684/684 476/476/476
f 684/684/684 670/670/670 444/444/444
f 444/444/444 476/476/476 684/684/684
f 562/562/562 526/526/526 670/670/670
f 670/670/670 684/684/684 562/562/562
f 658/658/658 481/481/481 482/482/482
f 482/482/482 566/566/566 658/658/658
f 566/566/566 519/519/519 609/609/609
f 609/609/609 658/658/658 566/566/566
f 660/660/660 611/611/611 521/521/521
f 521/521/521 569/569/569 660/660/660
f 569/569/569 512/512/512 603/603/603
f 603/603/603 660/660/660 569/569/569
f 662/662/662 605/605/605 514/514/514
f 514/514/514 572/572/572 662/662/662
f 572/572/572 503/503/503 598/598/598
f 598/598/598 662/662/662 572/572/572
f 685/685/685 484/484/484 487/487/487
f 487/487/487 575/575/575 685/685/685
f 686/686/686 483/483/483 484/484/484
f 484/484/484 685/685/685 686/686/686
f 685/685/685 506/506/506 507/507/507
f 507/507/507 686/686/686 685/685/685
f 575/575/575 505/505/505 506/506/506
f 506/506/506 685/685/685 575/575/575
f 688/688/688 687/687/687 420/420/420
f 420/420/420 383/383/383 688/688/688
f 383/383/383 382/382/382 473/473/473
f 473/473/473 688/688/688 383/383/383
f 690/690/690 689/689/689 418/418/418
f 418/418/418 387/387/387 690/690/690
f 387/387/387 388/388/388 691/691/691
f 691/691/691 690/690/690 387/387/387
f 693/693/693 692/692/692 416/416/416
f 416/416/416 389/389/389 693/693/693
f 389/389/389 390/390/390 694/694/694
f 694/694/694 693/693/693 389/389/389
f 695/695/695 469/469/469 410/410/410
f 410/410/410 399/399/399 695/695/695
f 399/399/399 400/400/400 449/449/449
f 449/449/449 695/695/695 399/399/399
f 696/696/696 421/421/421 381/381/381
f 381/381/381 413/413/413 696/696/696
f 413/413/413 414/414/414 439/439/439
f 439/439/439 696/696/696 413/413/413
f 697/697/697 435/435/435 392/392/392
f 392/392/392 415/415/415 697/697/697
f 415/415/415 416/416/416 692/692/692
f 692/692/692 697/697/697 415/415/415
f 698/698/698 694/694/694 390/390/390
f 390/390/390 417/417/417 698/698/698
f 417/417/417 418/418/418 689/689/689
f 689/689/689 698/698/698 417/417/417
f 699/699/699 691/691/691 388/388/388
f 388/388/388 419/419/419 699/699/699
f 419/419/419 420/420/420 687/687/687
f 687/687/687 699/699/699 419/419/419
f 380/380/380 381/381/381 421/421/421
f 421/421/421 422/422/422 380/380/380
f 422/422/422 425/425/425 412/412/412
f 412/412/412 380/380/380 422/422/422
f 384/384/384 385/385/385 427/427/427
f 427/427/427 429/429/429 384/384/384
f 429/429/429 433/433/433 408/408/408
f 408/408/408 384/384/384 429/429/429
f 391/391/391 392/392/392 435/435/435
f 435/435/435 436/436/436 391/391/391
f 436/436/436 439/439/439 414/414/414
f 414/414/414 391/391/391 436/436/436
f 393/393/393 394/394/394 441/441/441
f 441/441/441 442/442/442 393/393/393
f 442/442/442 428/428/428 386/386/386
f 386/386/386 393/393/393 442/442/442
f 395/395/395 396/396/396 445/445/445
f 445/445/445 446/446/446 395/395/395
f 446/446/446 449/449/449 400/400/400
f 400/400/400 395/395/395 446/446/446
f 397/397/397 398/398/398 451/451/451
f 451/451/451 452/452/452 397/397/397
f 452/452/452 445/445/445 396/396/396
f 396/396/396 397/397/397 452/452/452
f 401/401/401 402/402/402 455/455/455
f 455/455/455 456/456/456 401/401/401
f 456/456/456 451/451/451 398/398/398
f 398/398/398 401/401/401 456/456/456
f 403/403/403 404/404/404 459/459/459
f 459/459/459 460/460/460 403/403/403
f 460/460/460 455/455/455 402/402/402
f 402/402/402 403/403/403 460/460/460
f 405/405/405 406/406/406 463/463/463
f 463/463/463 464/464/464 405/405/405
f 464/464/464 459/459/459 404/404/404
f 404/404/404 405/405/405 464/464/464
f 407/407/407 408/408/408 433/433/433
f 433/433/433 467/467/467 407/407/407
f 467/467/467 463/463/463 406/406/406
f 406/406/406 407/407/407 467/467/467
f 409/409/409 410/410/410 469/469/469
f 469/469/469 470/470/470 409/409/409
f 470/470/470 473/473/473 382/382/382
f 382/382/382 409/409/409 470/470/470
f 411/411/411 412/412/412 425/425/425
f 425/425/425 475/475/475 411/411/411
f 475/475/475 441/441/441 394/394/394
f 394/394/394 411/411/411 475/475/475
f 486/486/486 483/483/483 687/687/687
f 687/687/687 688/688/688 486/486/486
f 688/688/688 473/473/473 474/474/474
f 474/474/474 486/486/486 688/688/688
f 502/502/502 499/499/499 689/689/689
f 689/689/689 690/690/690 502/502/502
f 690/690/690 691/691/691 507/507/507
f 507/507/507 502/502/502 690/690/690
f 511/511/511 508/508/508 692/692/692
f 692/692/692 693/693/693 511/511/511
f 693/693/693 694/694/694 516/516/516
f 516/516/516 511/511/511 693/693/693
f 539/539/539 472/472/472 469/469/469
f 469/469/469 695/695/695 539/539/539
f 695/695/695 449/449/449 450/450/450
f 450/450/450 539/539/539 695/695/695
f 565/565/565 424/424/424 421/421/421
f 421/421/421 696/696/696 565/565/565
f 696/696/696 439/439/439 440/440/440
f 440/440/440 565/565/565 696/696/696
f 568/568/568 438/438/438 435/435/435
f 435/435/435 697/697/697 568/568/568
f 697/697/697 692/692/692 508/508/508
f 508/508/508 568/568/568 697/697/697
f 571/571/571 516/516/516 694/694/694
f 694/694/694 698/698/698 571/571/571
f 698/698/698 689/689/689 499/499/499
f 499/499/499 571/571/571 698/698/698
f 686/686/686 507/507/507 691/691/691
f 691/691/691 699/699/699 686/686/686
f 699/699/699 687/687/687 483/483/483
f 483/483/483 686/686/686 699/699/699
f 700/700/700 655/655/655 577/577/577
f 577/577/577 578/578/578 700/700/700
f 578/578/578 579/579/579 702/702/702
f 702/702/702 700/700/700 578/578/578
f 706/706/706 704/704/704 580/580/580
f 580/580/580 581/581/581 706/706/706
f 581/581/581 583/583/583 708/708/708
f 708/708/708 706/706/706 581/581/581
f 492/492/492 495/495/495 593/593/593
f 593/593/593 588/588/588 492/492/492
f 588/588/588 589/589/589 491/491/491
f 491/491/491 492/492/492 588/588/588
f 712/712/712 710/710/710 595/595/595
f 595/595/595 596/596/596 712/712/712
f 596/596/596 599/599/599 714/714/714
f 714/714/714 712/712/712 596/596/596
f 718/718/718 716/716/716 600/600/600
f 600/600/600 601/601/601 718/718/718
f 601/601/601 604/604/604 720/720/720
f 720/720/720 718/718/718 601/601/601
f 724/724/724 722/722/722 606/606/606
f 606/606/606 607/607/607 724/724/724
f 607/607/607 610/610/610 726/726/726
f 726/726/726 724/724/724 607/607/607
f 523/523/523 525/525/525 617/617/617
f 617/617/617 614/614/614 523/523/523
f 614/614/614 594/594/594 496/496/496
f 496/496/496 523/523/523 614/614/614
f 730/730/730 728/728/728 618/618/618
f 618/618/618 619/619/619 730/730/730
f 619/619/619 620/620/620 621/621/621
f 621/621/621 730/730/730 619/619/619
f 533/533/533 535/535/535 628/628/628
f 628/628/628 625/625/625 533/533/533
f 625/625/625 620/620/620 531/531/531
f 531/531/531 533/533/533 625/625/625
f 734/734/734 732/732/732 629/629/629
f 629/629/629 630/630/630 734/734/734
f 630/630/630 618/618/618 728/728/728
f 728/728/728 734/734/734 630/630/630
f 543/543/543 545/545/545 637/637/637
f 637/637/637 634/634/634 543/543/543
f 634/634/634 628/628/628 535/535/535
f 535/535/535 543/543/543 634/634/634
f 736/736/736 635/635/635 637/637/637
f 637/637/637 638/638/638 736/736/736
f 638/638/638 639/639/639 640/640/640
f 640/640/640 736/736/736 638/638/638
f 551/551/551 553/553/553 647/647/647
f 647/647/647 644/644/644 551/551/551
f 644/644/644 639/639/639 549/549/549
f 549/549/549 551/551/551 644/644/644
f 555/555/555 491/491/491 589/589/589
f 589/589/589 650/650/650 555/555/555
f 650/650/650 647/647/647 553/553/553
f 553/553/553 555/555/555 650/650/650
f 738/738/738 708/708/708 583/583/583
f 583/583/583 651/651/651 738/738/738
f 651/651/651 629/629/629 732/732/732
f 732/732/732 738/738/738 651/651/651
f 561/561/561 477/477/477 577/577/577
f 577/577/577 654/654/654 561/561/561
f 654/654/654 617/617/617 525/525/525
f 525/525/525 561/561/561 654/654/654
f 740/740/740 702/702/702 579/579/579
f 579/579/579 657/657/657 740/740/740
f 657/657/657 606/606/606 722/722/722
f 722/722/722 740/740/740 657/657/657
f 742/742/742 726/726/726 610/610/610
f 610/610/610 659/659/659 742/742/742
f 659/659/659 600/600/600 716/716/716
f 716/716/716 742/742/742 659/659/659
f 744/744/744 720/720/720 604/604/604
f 604/604/604 661/661/661 744/744/744
f 661/661/661 595/595/595 710/710/710
f 710/710/710 744/744/744 661/661/661
f 746/746/746 714/714/714 599/599/599
f 599/599/599 663/663/663 746/746/746
f 663/663/663 580/580/580 704/704/704
f 704/704/704 746/746/746 663/663/663
f 321/321/321 419/419/419 388/388/388
f 318/318/318 387/387/387 418/418/418
f 322/322/322 389/389/389 416/416/416
f 329/329/329 415/415/415 392/392/392
f 325/325/325 417/417/417 390/390/390
f 309/309/309 380/380/380 412/412/412
f 327/327/327 391/391/391 414/414/414
f 308/308/308 413/413/413 381/381/381
f 315/315/315 384/384/384 408/408/408
f 330/330/330 393/393/393 317/317/317
f 317/317/317 393/393/393 386/386/386
f 309/309/309 411/411/411 330/330/330
f 330/330/330 411/411/411 394/394/394
f 346/346/346 405/405/405 343/343/343
f 343/343/343 405/405/405 404/404/404
f 315/315/315 407/407/407 346/346/346
f 346/346/346 407/407/407 406/406/406
f 335/335/335 395/395/395 332/332/332
f 332/332/332 395/395/395 400/400/400
f 337/337/337 397/397/397 335/335/335
f 335/335/335 397/397/397 396/396/396
f 339/339/339 399/399/399 410/410/410
f 341/341/341 401/401/401 337/337/337
f 337/337/337 401/401/401 398/398/398
f 343/343/343 403/403/403 341/341/341
f 341/341/341 403/403/403 402/402/402
f 311/311/311 383/383/383 420/420/420
f 311/311/311 409/409/409 382/382/382
f 585/585/585 587/587/587 748/748/748
f 748/748/748 750/750/750 749/749/749
f 591/591/591 612/612/612 750/750/750
f 750/750/750 751/751/751 749/749/749
f 622/622/622 624/624/624 752/752/752
f 752/752/752 753/753/753 749/749/749
f 627/627/627 633/633/633 753/753/753
f 753/753/753 754/754/754 749/749/749
f 641/641/641 643/643/643 755/755/755
f 755/755/755 756/756/756 749/749/749
f 646/646/646 649/649/649 756/756/756
f 756/756/756 748/748/748 749/749/749
f 615/615/615 653/653/653 751/751/751
f 751/751/751 757/757/757 749/749/749
f 656/656/656 701/701/701 757/757/757
f 757/757/757 758/758/758 749/749/749
f 705/705/705 707/707/707 759/759/759
f 759/759/759 760/760/760 749/749/749
f 711/711/711 713/713/713 761/761/761
f 761/761/761 762/762/762 749/749/749
f 717/717/717 719/719/719 763/763/763
f 763/763/763 764/764/764 749/749/749
f 723/723/723 725/725/725 765/765/765
f 765/765/765 766/766/766 749/749/749
f 729/729/729 731/731/731 767/767/767
f 767/767/767 752/752/752 749/749/749
f 733/733/733 735/735/735 768/768/768
f 768/768/768 767/767/767 749/749/749
f 636/636/636 737/737/737 754/754/754
f 754/754/754 755/755/755 749/749/749
f 709/709/709 739/739/739 760/760/760
f 760/760/760 768/768/768 749/749/749
f 703/703/703 741/741/741 758/758/758
f 758/758/758 765/765/765 749/749/749
f 727/727/727 743/743/743 766/766/766
f 766/766/766 763/763/763 749/749/749
f 721/721/721 745/745/745 764/764/764
f 764/764/764 761/761/761 749/749/749
f 715/715/715 747/747/747 762/762/762
f 762/762/762 759/759/759 749/749/749
f 748/748/748 587/587/587 750/750/750
f 750/750/750 587/587/587 591/591/591
f 750/750/750 612/612/612 751/751/751
f 751/751/751 612/612/612 615/615/615
f 752/752/752 624/624/624 753/753/753
f 753/753/753 624/624/624 627/627/627
f 753/753/753 633/633/633 754/754/754
f 754/754/754 633/633/633 636/636/636
f 755/755/755 643/643/643 756/756/756
f 756/756/756 643/643/643 646/646/646
f 756/756/756 649/649/649 748/748/748
f 748/748/748 649/649/649 585/585/585
f 751/751/751 653/653/653 757/757/757
f 757/757/757 653/653/653 656/656/656
f 757/757/757 701/701/701 758/758/758
f 758/758/758 701/701/701 703/703/703
f 759/759/759 707/707/707 760/760/760
f 760/760/760 707/707/707 709/709/709
f 761/761/761 713/713/713 762/762/762
f 762/762/762 713/713/713 715/715/715
f 763/763/763 719/719/719 764/764/764
f 764/764/764 719/719/719 721/721/721
f 765/765/765 725/725/725 766/766/766
f 766/766/766 725/725/725 727/727/727
f 767/767/767 731/731/731 752/752/752
f 752/752/752 731/731/731 622/622/622
f 768/768/768 735/735/735 767/767/767
f 767/767/767 735/735/735 729/729/729
f 754/754/754 737/737/737 755/755/755
f 755/755/755 737/737/737 641/641/641
f 760/760/760 739/739/739 768/768/768
f 768/768/768 739/739/739 733/733/733
f 758/758/758 741/741/741 765/765/765
f 765/765/765 741/741/741 723/723/723
f 766/766/766 743/743/743 763/763/763
f 763/763/763 743/743/743 717/717/717
f 764/764/764 745/745/745 761/761/761
f 761/761/761 745/745/745 711/711/711
f 762/762/762 747/747/747 759/759/759
f 759/759/759 747/747/747 705/705/705
f 769/769/769 773/773/773 771/771/771
f 771/771/771 770/770/770 769/769/769
f 775/775/775 778/778/778 777/777/777
f 777/777/777 776/776/776 775/775/775
f 778/778/778 780/780/780 779/779/779
f 779/779/779 777/777/777 778/778/778
f 782/782/782 781/781/781 784/784/784
f 784/784/784 783/783/783 782/782/782
f 785/785/785 788/788/788 787/787/787
f 787/787/787 786/786/786 785/785/785
f 781/781/781 789/789/789 790/790/790
f 790/790/790 784/784/784 781/781/781
f 791/791/791 789/789/789 781/781/781
f 781/781/781 792/792/792 791/791/791
f 776/776/776 777/777/777 794/794/794
f 794/794/794 793/793/793 776/776/776
f 777/777/777 779/779/779 785/785/785
f 785/785/785 794/794/794 777/777/777
f 795/795/795 792/792/792 781/781/781
f 781/781/781 782/782/782 795/795/795
f 793/793/793 794/794/794 796/796/796
f 793/793/793 798/798/798 797/797/797
f 797/797/797 776/776/776 793/793/793
f 779/779/779 780/780/780 800/800/800
f 800/800/800 799/799/799 779/779/779
f 801/801/801 782/782/782 783/783/783
f 783/783/783 802/802/802 801/801/801
f 788/788/788 785/785/785 779/779/779
f 779/779/779 799/799/799 788/788/788
f 803/803/803 795/795/795 782/782/782
f 782/782/782 801/801/801 803/803/803
f 795/795/795 805/805/805 804/804/804
f 804/804/804 792/792/792 795/795/795
f 780/780/780 807/807/807 806/806/806
f 806/806/806 800/800/800 780/780/780
f 808/808/808 788/788/788 809/809/809
f 793/793/793 796/796/796 810/810/810
f 810/810/810 798/798/798 793/793/793
f 796/796/796 794/794/794 812/812/812
f 812/812/812 811/811/811 796/796/796
f 794/794/794 785/785/785 786/786/786
f 786/786/786 812/812/812 794/794/794
f 796/796/796 811/811/811 813/813/813
f 813/813/813 810/810/810 796/796/796
f 783/783/783 784/784/784 812/812/812
f 812/812/812 786/786/786 783/783/783
f 784/784/784 814/814/814 811/811/811
f 811/811/811 812/812/812 784/784/784
f 814/814/814 815/815/815 813/813/813
f 813/813/813 811/811/811 814/814/814
f 816/816/816 802/802/802 787/787/787
f 787/787/787 817/817/817 816/816/816
f 784/784/784 790/790/790 814/814/814
f 790/790/790 818/818/818 815/815/815
f 815/815/815 814/814/814 790/790/790
f 819/819/819 822/822/822 821/821/821
f 821/821/821 820/820/820 819/819/819
f 819/819/819 802/802/802 816/816/816
f 817/817/817 787/787/787 788/788/788
f 788/788/788 808/808/808 817/817/817
f 820/820/820 801/801/801 802/802/802
f 802/802/802 819/819/819 820/820/820
f 788/788/788 799/799/799 823/823/823
f 823/823/823 809/809/809 788/788/788
f 786/786/786 787/787/787 802/802/802
f 802/802/802 783/783/783 786/786/786
f 799/799/799 800/800/800 824/824/824
f 824/824/824 823/823/823 799/799/799
f 801/801/801 820/820/820 825/825/825
f 825/825/825 803/803/803 801/801/801
f 825/825/825 827/827/827 826/826/826
f 826/826/826 803/803/803 825/825/825
f 828/828/828 833/833/833 831/831/831
f 831/831/831 829/829/829 828/828/828
f 834/834/834 839/839/839 837/837/837
f 837/837/837 835/835/835 834/834/834
f 840/840/840 845/845/845 843/843/843
f 843/843/843 841/841/841 840/840/840
f 846/846/846 834/834/834 835/835/835
f 835/835/835 847/847/847 846/846/846
f 773/773/773 769/769/769 851/851/851
f 851/851/851 849/849/849 773/773/773
f 839/839/839 854/854/854 852/852/852
f 852/852/852 837/837/837 839/839/839
f 855/855/855 860/860/860 858/858/858
f 858/858/858 856/856/856 855/855/855
f 849/849/849 851/851/851 863/863/863
f 863/863/863 861/861/861 849/849/849
f 861/861/861 863/863/863 866/866/866
f 866/866/866 864/864/864 861/861/861
f 866/866/866 828/828/828 829/829/829
f 829/829/829 864/864/864 866/866/866
f 867/867/867 872/872/872 871/871/871
f 871/871/871 869/869/869 867/867/867
f 770/770/770 771/771/771 874/874/874
f 874/874/874 873/873/873 770/770/770
f 879/879/879 876/876/876 882/882/882
f 882/882/882 881/881/881 879/879/879
f 867/867/867 869/869/869 878/878/878
f 878/878/878 880/880/880 867/867/867
f 847/847/847 885/885/885 884/884/884
f 884/884/884 846/846/846 847/847/847
f 881/881/881 882/882/882 858/858/858
f 858/858/858 860/860/860 881/881/881
f 873/873/873 874/874/874 852/852/852
f 852/852/852 854/854/854 873/873/873
f 885/885/885 888/888/888 887/887/887
f 887/887/887 884/884/884 885/885/885
f 888/888/888 892/892/892 890/890/890
f 890/890/890 887/887/887 888/888/888
f 890/890/890 892/892/892 895/895/895
f 895/895/895 893/893/893 890/890/890
f 841/841/841 831/831/831 833/833/833
f 833/833/833 840/840/840 841/841/841
f 895/895/895 871/871/871 872/872/872
f 872/872/872 893/893/893 895/895/895
f 856/856/856 843/843/843 845/845/845
f 845/845/845 855/855/855 856/856/856
f 896/896/896 772/772/772 774/774/774
f 774/774/774 897/897/897 896/896/896
f 830/830/830 832/832/832 822/822/822
f 822/822/822 898/898/898 830/830/830
f 836/836/836 838/838/838 900/900/900
f 900/900/900 899/899/899 836/836/836
f 842/842/842 844/844/844 827/827/827
f 827/827/827 821/821/821 842/842/842
f 848/848/848 836/836/836 899/899/899
f 899/899/899 797/797/797 848/848/848
f 897/897/897 774/774/774 850/850/850
f 850/850/850 901/901/901 897/897/897
f 900/900/900 838/838/838 853/853/853
f 853/853/853 807/807/807 900/900/900
f 826/826/826 857/857/857 859/859/859
f 859/859/859 805/805/805 826/826/826
f 901/901/901 850/850/850 862/862/862
f 862/862/862 902/902/902 901/901/901
f 902/902/902 862/862/862 865/865/865
f 865/865/865 903/903/903 902/902/902
f 865/865/865 830/830/830 898/898/898
f 898/898/898 903/903/903 865/865/865
f 904/904/904 868/868/868 870/870/870
f 870/870/870 818/818/818 904/904/904
f 772/772/772 896/896/896 806/806/806
f 806/806/806 875/875/875 772/772/772
f 877/877/877 905/905/905 804/804/804
f 804/804/804 883/883/883 877/877/877
f 868/868/868 904/904/904 905/905/905
f 905/905/905 877/877/877 868/868/868
f 844/844/844 857/857/857 826/826/826
f 826/826/826 827/827/827 844/844/844
f 797/797/797 798/798/798 886/886/886
f 886/886/886 848/848/848 797/797/797
f 883/883/883 804/804/804 805/805/805
f 805/805/805 859/859/859 883/883/883
f 875/875/875 806/806/806 807/807/807
f 807/807/807 853/853/853 875/875/875
f 798/798/798 810/810/810 889/889/889
f 889/889/889 886/886/886 798/798/798
f 810/810/810 813/813/813 891/891/891
f 891/891/891 889/889/889 810/810/810
f 891/891/891 813/813/813 815/815/815
f 815/815/815 894/894/894 891/891/891
f 894/894/894 815/815/815 818/818/818
f 818/818/818 870/870/870 894/894/894
f 821/821/821 822/822/822 832/832/832
f 832/832/832 842/842/842 821/821/821
f 904/904/904 818/818/818 790/790/790
f 790/790/790 789/789/789 904/904/904
f 791/791/791 905/905/905 904/904/904
f 904/904/904 789/789/789 791/791/791
f 826/826/826 805/805/805 795/795/795
f 795/795/795 803/803/803 826/826/826
f 821/821/821 827/827/827 825/825/825
f 825/825/825 820/820/820 821/821/821
f 898/898/898 822/822/822 819/819/819
f 819/819/819 816/816/816 898/898/898
f 817/817/817 903/903/903 898/898/898
f 898/898/898 816/816/816 817/817/817
f 808/808/808 902/902/902 903/903/903
f 903/903/903 817/817/817 808/808/808
f 809/809/809 901/901/901 902/902/902
f 902/902/902 808/808/808 809/809/809
f 897/897/897 901/901/901 809/809/809
f 809/809/809 823/823/823 897/897/897
f 896/896/896 897/897/897 823/823/823
f 823/823/823 824/824/824 896/896/896
f 806/806/806 896/896/896 824/824/824
f 824/824/824 800/800/800 806/806/806
f 900/900/900 807/807/807 780/780/780
f 780/780/780 778/778/778 900/900/900
f 775/775/775 899/899/899 900/900/900
f 900/900/900 778/778/778 775/775/775
f 776/776/776 797/797/797 899/899/899
f 899/899/899 775/775/775 776/776/776
f 804/804/804 905/905/905 791/791/791
f 791/791/791 792/792/792 804/804/804
f 909/909/909 907/907/907 911/911/911
f 911/911/911 910/910/910 909/909/909
f 915/915/915 913/913/913 917/917/917
f 917/917/917 916/916/916 915/915/915
f 921/921/921 919/919/919 923/923/923
f 923/923/923 922/922/922 921/921/921
f 927/927/927 925/925/925 929/929/929
f 929/929/929 928/928/928 927/927/927
f 933/933/933 931/931/931 935/935/935
f 935/935/935 934/934/934 933/933/933
f 939/939/939 937/937/937 941/941/941
f 941/941/941 940/940/940 939/939/939
f 945/945/945 943/943/943 947/947/947
f 947/947/947 946/946/946 945/945/945
f 951/951/951 949/949/949 953/953/953
f 953/953/953 952/952/952 951/951/951
f 957/957/957 955/955/955 959/959/959
f 959/959/959 958/958/958 957/957/957
f 963/963/963 961/961/961 965/965/965
f 965/965/965 964/964/964 963/963/963
f 969/969/969 967/967/967 971/971/971
f 971/971/971 970/970/970 969/969/969
f 976/976/976 974/974/974 979/979/979
f 979/979/979 977/977/977 976/976/976
f 955/955/955 976/976/976 977/977/977
f 977/977/977 959/959/959 955/955/955
f 907/907/907 957/957/957 958/958/958
f 958/958/958 911/911/911 907/907/907
f 973/973/973 915/915/915 916/916/916
f 916/916/916 978/978/978 973/973/973
f 913/913/913 963/963/963 964/964/964
f 964/964/964 917/917/917 913/913/913
f 961/961/961 933/933/933 934/934/934
f 934/934/934 965/965/965 961/961/961
f 931/931/931 927/927/927 928/928/928
f 928/928/928 935/935/935 931/931/931
f 925/925/925 921/921/921 922/922/922
f 922/922/922 929/929/929 925/925/925
f 919/919/919 945/945/945 946/946/946
f 946/946/946 923/923/923 919/919/919
f 943/943/943 939/939/939 940/940/940
f 940/940/940 947/947/947 943/943/943
f 937/937/937 951/951/951 952/952/952
f 952/952/952 941/941/941 937/937/937
f 949/949/949 969/969/969 970/970/970
f 970/970/970 953/953/953 949/949/949
f 967/967/967 909/909/909 910/910/910
f 910/910/910 971/971/971 967/967/967
f 980/980/980 906/906/906 908/908/908
f 908/908/908 981/981/981 980/980/980
f 982/982/982 956/956/956 906/906/906
f 906/906/906 980/980/980 982/982/982
f 983/983/983 954/954/954 956/956/956
f 956/956/956 982/982/982 983/983/983
f 975/975/975 954/954/954 983/983/983
f 983/983/983 984/984/984 975/975/975
f 972/972/972 975/975/975 984/984/984
f 984/984/984 985/985/985 972/972/972
f 985/985/985 986/986/986 914/914/914
f 914/914/914 972/972/972 985/985/985
f 987/987/987 912/912/912 914/914/914
f 914/914/914 986/986/986 987/987/987
f 988/988/988 962/962/962 912/912/912
f 912/912/912 987/987/987 988/988/988
f 989/989/989 960/960/960 962/962/962
f 962/962/962 988/988/988 989/989/989
f 932/932/932 960/960/960 989/989/989
f 989/989/989 990/990/990 932/932/932
f 930/930/930 932/932/932 990/990/990
f 990/990/990 991/991/991 930/930/930
f 926/926/926 930/930/930 991/991/991
f 991/991/991 992/992/992 926/926/926
f 993/993/993 924/924/924 926/926/926
f 926/926/926 992/992/992 993/993/993
f 994/994/994 920/920/920 924/924/924
f 924/924/924 993/993/993 994/994/994
f 995/995/995 918/918/918 920/920/920
f 920/920/920 994/994/994 995/995/995
f 944/944/944 918/918/918 995/995/995
f 995/995/995 996/996/996 944/944/944
f 942/942/942 944/944/944 996/996/996
f 996/996/996 997/997/997 942/942/942
f 938/938/938 942/942/942 997/997/997
f 997/997/997 998/998/998 938/938/938
f 999/999/999 936/936/936 938/938/938
f 938/938/938 998/998/998 999/999/999
f 1000/1000/1000 950/950/950 936/936/936
f 936/936/936 999/999/999 1000/1000/1000
f 1001/1001/1001 948/948/948 950/950/950
f 950/950/950 1000/1000/1000 1001/1001/1001
f 968/968/968 948/948/948 1001/1001/1001
f 1001/1001/1001 1002/1002/1002 968/968/968
f 966/966/966 968/968/968 1002/1002/1002
f 1002/1002/1002 1003/1003/1003 966/966/966
f 908/908/908 966/966/966 1003/1003/1003
f 1003/1003/1003 981/981/981 908/908/908
f 981/981/981 1004/1004/1004 980/980/980
f 980/980/980 1004/1004/1004 982/982/982
f 982/982/982 1004/1004/1004 983/983/983
f 983/983/983 1004/1004/1004 984/984/984
f 984/984/984 1004/1004/1004 985/985/985
f 985/985/985 1004/1004/1004 986/986/986
f 986/986/986 1004/1004/1004 987/987/987
f 987/987/987 1004/1004/1004 988/988/988
f 988/988/988 1004/1004/1004 989/989/989
f 989/989/989 1004/1004/1004 990/990/990
f 990/990/990 1004/1004/1004 991/991/991
f 991/991/991 1004/1004/1004 992/992/992
f 992/992/992 1004/1004/1004 993/993/993
f 993/993/993 1004/1004/1004 994/994/994
f 994/994/994 1004/1004/1004 995/995/995
f 995/995/995 1004/1004/1004 996/996/996
f 996/996/996 1004/1004/1004 997/997/997
f 997/997/997 1004/1004/1004 998/998/998
f 998/998/998 1004/1004/1004 999/999/999
f 999/999/999 1004/1004/1004 1000/1000/1000
f 1000/1000/1000 1004/1004/1004 1001/1001/1001
f 1001/1001/1001 1004/1004/1004 1002/1002/1002
f 1002/1002/1002 1004/1004/1004 1003/1003/1003
f 1003/1003/1003 1004/1004/1004 981/981/981
f 1005/1005/1005 1009/1009/1009 1007/1007/1007
f 1007/1007/1007 1006/1006/1006 1005/1005/1005
f 1011/1011/1011 1012/1012/1012 1009/1009/1009
f 1009/1009/1009 1005/1005/1005 1011/1011/1011
f 1015/1015/1015 1014/1014/1014 1018/1018/1018
f 1018/1018/1018 1016/1016/1016 1015/1015/1015
f 1018/1018/1018 1014/1014/1014 1023/1023/1023
f 1023/1023/1023 1020/1020/1020 1018/1018/1018
f 1023/1023/1023 1024/1024/1024 1025/1025/1025
f 1025/1025/1025 1020/1020/1020 1023/1023/1023
f 1027/1027/1027 1028/1028/1028 1025/1025/1025
f 1025/1025/1025 1024/1024/1024 1027/1027/1027
f 1030/1030/1030 1031/1031/1031 1028/1028/1028
f 1028/1028/1028 1027/1027/1027 1030/1030/1030
f 1034/1034/1034 1033/1033/1033 1037/1037/1037
f 1037/1037/1037 1035/1035/1035 1034/1034/1034
f 1037/1037/1037 1033/1033/1033 1041/1041/1041
f 1041/1041/1041 1039/1039/1039 1037/1037/1037
f 1042/1042/1042 1039/1039/1039 1041/1041/1041
f 1041/1041/1041 1044/1044/1044 1042/1042/1042
f 1045/1045/1045 1046/1046/1046 1042/1042/1042
f 1042/1042/1042 1044/1044/1044 1045/1045/1045
f 1048/1048/1048 1049/1049/1049 1046/1046/1046
f 1046/1046/1046 1045/1045/1045 1048/1048/1048
f 1052/1052/1052 1051/1051/1051 1055/1055/1055
f 1055/1055/1055 1053/1053/1053 1052/1052/1052
f 1055/1055/1055 1051/1051/1051 1059/1059/1059
f 1059/1059/1059 1057/1057/1057 1055/1055/1055
f 1060/1060/1060 1057/1057/1057 1059/1059/1059
f 1059/1059/1059 1062/1062/1062 1060/1060/1060
f 1063/1063/1063 1064/1064/1064 1060/1060/1060
f 1060/1060/1060 1062/1062/1062 1063/1063/1063
f 1066/1066/1066 1067/1067/1067 1064/1064/1064
f 1064/1064/1064 1063/1063/1063 1066/1066/1066
f 1070/1070/1070 1069/1069/1069 1073/1073/1073
f 1073/1073/1073 1071/1071/1071 1070/1070/1070
f 1073/1073/1073 1069/1069/1069 1077/1077/1077
f 1077/1077/1077 1075/1075/1075 1073/1073/1073
f 1075/1075/1075 1077/1077/1077 1006/1006/1006
f 1006/1006/1006 1007/1007/1007 1075/1075/1075
f 1078/1078/1078 1008/1008/1008 1010/1010/1010
f 1010/1010/1010 1079/1079/1079 1078/1078/1078
f 1080/1080/1080 1026/1026/1026 1029/1029/1029
f 1029/1029/1029 1081/1081/1081 1080/1080/1080
f 1082/1082/1082 1043/1043/1043 1047/1047/1047
f 1047/1047/1047 1083/1083/1083 1082/1082/1082
f 1084/1084/1084 1038/1038/1038 1040/1040/1040
f 1040/1040/1040 1085/1085/1085 1084/1084/1084
f 1086/1086/1086 1061/1061/1061 1065/1065/1065
f 1065/1065/1065 1087/1087/1087 1086/1086/1086
f 1088/1088/1088 1056/1056/1056 1058/1058/1058
f 1058/1058/1058 1089/1089/1089 1088/1088/1088
f 1074/1074/1074 1076/1076/1076 1091/1091/1091
f 1091/1091/1091 1090/1090/1090 1074/1074/1074
f 1092/1092/1092 1019/1019/1019 1022/1022/1022
f 1022/1022/1022 1094/1094/1094 1092/1092/1092
f 1095/1095/1095 1013/1013/1013 1017/1017/1017
f 1017/1017/1017 1096/1096/1096 1095/1095/1095
f 1079/1079/1079 1010/1010/1010 1013/1013/1013
f 1013/1013/1013 1095/1095/1095 1079/1079/1079
f 1093/1093/1093 1021/1021/1021 1026/1026/1026
f 1026/1026/1026 1080/1080/1080 1093/1093/1093
f 1081/1081/1081 1029/1029/1029 1032/1032/1032
f 1032/1032/1032 1097/1097/1097 1081/1081/1081
f 1097/1097/1097 1032/1032/1032 1036/1036/1036
f 1036/1036/1036 1098/1098/1098 1097/1097/1097
f 1085/1085/1085 1040/1040/1040 1043/1043/1043
f 1043/1043/1043 1082/1082/1082 1085/1085/1085
f 1083/1083/1083 1047/1047/1047 1050/1050/1050
f 1050/1050/1050 1099/1099/1099 1083/1083/1083
f 1099/1099/1099 1050/1050/1050 1054/1054/1054
f 1054/1054/1054 1100/1100/1100 1099/1099/1099
f 1089/1089/1089 1058/1058/1058 1061/1061/1061
f 1061/1061/1061 1086/1086/1086 1089/1089/1089
f 1087/1087/1087 1065/1065/1065 1068/1068/1068
f 1068/1068/1068 1101/1101/1101 1087/1087/1087
f 1101/1101/1101 1068/1068/1068 1072/1072/1072
f 1072/1072/1072 1102/1102/1102 1101/1101/1101
f 1076/1076/1076 1008/1008/1008 1078/1078/1078
f 1078/1078/1078 1091/1091/1091 1076/1076/1076
f 1005/1005/1005 1006/1006/1006 1103/1103/1103
f 1011/1011/1011 1005/1005/1005 1103/1103/1103
f 1014/1014/1014 1015/1015/1015 1103/1103/1103
f 1023/1023/1023 1014/1014/1014 1103/1103/1103
f 1024/1024/1024 1023/1023/1023 1103/1103/1103
f 1027/1027/1027 1024/1024/1024 1103/1103/1103
f 1030/1030/1030 1027/1027/1027 1103/1103/1103
f 1033/1033/1033 1034/1034/1034 1103/1103/1103
f 1041/1041/1041 1033/1033/1033 1103/1103/1103
f 1044/1044/1044 1041/1041/1041 1103/1103/1103
f 1045/1045/1045 1044/1044/1044 1103/1103/1103
f 1048/1048/1048 1045/1045/1045 1103/1103/1103
f 1051/1051/1051 1052/1052/1052 1103/1103/1103
f 1059/1059/1059 1051/1051/1051 1103/1103/1103
f 1062/1062/1062 1059/1059/1059 1103/1103/1103
f 1063/1063/1063 1062/1062/1062 1103/1103/1103
f 1066/1066/1066 1063/1063/1063 1103/1103/1103
f 1069/1069/1069 1070/1070/1070 1103/1103/1103
f 1077/1077/1077 1069/1069/1069 1103/1103/1103
f 1006/1006/1006 1077/1077/1077 1103/1103/1103
f 1034/1034/1034 1035/1035/1035 1031/1031/1031
f 1031/1031/1031 1030/1030/1030 1034/1034/1034
f 1084/1084/1084 1098/1098/1098 1036/1036/1036
f 1036/1036/1036 1038/1038/1038 1084/1084/1084
f 1103/1103/1103 1034/1034/1034 1030/1030/1030
f 1015/1015/1015 1016/1016/1016 1012/1012/1012
f 1012/1012/1012 1011/1011/1011 1015/1015/1015
f 1092/1092/1092 1096/1096/1096 1017/1017/1017
f 1017/1017/1017 1019/1019/1019 1092/1092/1092
f 1103/1103/1103 1015/1015/1015 1011/1011/1011
f 1052/1052/1052 1053/1053/1053 1049/1049/1049
f 1049/1049/1049 1048/1048/1048 1052/1052/1052
f 1088/1088/1088 1100/1100/1100 1054/1054/1054
f 1054/1054/1054 1056/1056/1056 1088/1088/1088
f 1103/1103/1103 1052/1052/1052 1048/1048/1048
f 1070/1070/1070 1071/1071/1071 1067/1067/1067
f 1067/1067/1067 1066/1066/1066 1070/1070/1070
f 1090/1090/1090 1102/1102/1102 1072/1072/1072
f 1072/1072/1072 1074/1074/1074 1090/1090/1090
f 1103/1103/1103 1070/1070/1070 1066/1066/1066
f 1104/1104/1104 1113/1113/1113 1108/1108/1108
f 1114/1114/1114 1124/1124/1124 1122/1122/1122
f 1126/1126/1126 1133/1133/1133 1131/1131/1131
f 1131/1131/1131 1127/1127/1127 1126/1126/1126
f 1138/1138/1138 1145/1145/1145 1142/1142/1142
f 1148/1148/1148 1156/1156/1156 1154/1154/1154
f 1153/1153/1153 1152/1152/1152 1150/1150/1150
f 1147/1147/1147 1165/1165/1165 1161/1161/1161
f 1163/1163/1163 1159/1159/1159 1149/1149/1149
f 1172/1172/1172 1169/1169/1169 1167/1167/1167
f 1167/1167/1167 1174/1174/1174 1171/1171/1171
f 1169/1169/1169 1172/1172/1172 1177/1177/1177
f 1179/1179/1179 1178/1178/1178 1183/1183/1183
f 1183/1183/1183 1181/1181/1181 1179/1179/1179
f 1185/1185/1185 1191/1191/1191 1187/1187/1187
f 1195/1195/1195 1192/1192/1192 1202/1202/1202
f 1202/1202/1202 1199/1199/1199 1195/1195/1195
f 1203/1203/1203 1213/1213/1213 1206/1206/1206
f 1215/1215/1215 1221/1221/1221 1217/1217/1217
f 1224/1224/1224 1234/1234/1234 1233/1233/1233
f 1233/1233/1233 1227/1227/1227 1224/1224/1224
f 1240/1240/1240 1237/1237/1237 1245/1245/1245
f 1245/1245/1245 1242/1242/1242 1240/1240/1240
f 1253/1253/1253 1248/1248/1248 1258/1258/1258
f 1258/1258/1258 1256/1256/1256 1253/1253/1253
f 1265/1265/1265 1259/1259/1259 1271/1271/1271
f 1270/1270/1270 1266/1266/1266 1265/1265/1265
f 1277/1277/1277 1272/1272/1272 1285/1285/1285
f 1285/1285/1285 1278/1278/1278 1277/1277/1277
f 1289/1289/1289 1286/1286/1286 1293/1293/1293
f 1295/1295/1295 1292/1292/1292 1289/1289/1289
f 1300/1300/1300 1297/1297/1297 1307/1307/1307
f 1307/1307/1307 1304/1304/1304 1300/1300/1300
f 1314/1314/1314 1308/1308/1308 1321/1321/1321
f 1321/1321/1321 1318/1318/1318 1314/1314/1314
f 1327/1327/1327 1324/1324/1324 1333/1333/1333
f 1333/1333/1333 1331/1331/1331 1327/1327/1327
f 1338/1338/1338 1335/1335/1335 1345/1345/1345
f 1345/1345/1345 1342/1342/1342 1336/1336/1336
f 1348/1348/1348 1356/1356/1356 1353/1353/1353
f 1111/1111/1111 1358/1358/1358 1360/1360/1360
f 1360/1360/1360 1123/1123/1123 1112/1112/1112
f 1123/1123/1123 1360/1360/1360 1363/1363/1363
f 1363/1363/1363 1132/1132/1132 1123/1123/1123
f 1362/1362/1362 1366/1366/1366 1130/1130/1130
f 1144/1144/1144 1365/1365/1365 1369/1369/1369
f 1373/1373/1373 1376/1376/1376 1374/1374/1374
f 1381/1381/1381 1379/1379/1379 1162/1162/1162
f 1162/1162/1162 1383/1383/1383 1381/1381/1381
f 1172/1172/1172 1173/1173/1173 1385/1385/1385
f 1385/1385/1385 1387/1387/1387 1172/1172/1172
f 1182/1182/1182 1172/1172/1172 1391/1391/1391
f 1391/1391/1391 1392/1392/1392 1395/1395/1395
f 1395/1395/1395 1393/1393/1393 1391/1391/1391
f 1398/1398/1398 1401/1401/1401 1400/1400/1400
f 1400/1400/1400 1399/1399/1399 1397/1397/1397
f 1406/1406/1406 1413/1413/1413 1410/1410/1410
f 1409/1409/1409 1407/1407/1407 1406/1406/1406
f 1415/1415/1415 1422/1422/1422 1419/1419/1419
f 1419/1419/1419 1418/1418/1418 1415/1415/1415
f 1220/1220/1220 1424/1424/1424 1426/1426/1426
f 1426/1426/1426 1234/1234/1234 1220/1220/1220
f 1425/1425/1425 1429/1429/1429 1231/1231/1231
f 1232/1232/1232 1234/1234/1234 1426/1426/1426
f 1432/1432/1432 1436/1436/1436 1241/1241/1241
f 1241/1241/1241 1243/1243/1243 1432/1432/1432
f 1257/1257/1257 1442/1442/1442 1439/1439/1439
f 1439/1439/1439 1254/1254/1254 1257/1257/1257
f 1445/1445/1445 1448/1448/1448 1267/1267/1267
f 1268/1268/1268 1269/1269/1269 1445/1445/1445
f 1451/1451/1451 1453/1453/1453 1279/1279/1279
f 1279/1279/1279 1282/1282/1282 1451/1451/1451
f 1456/1456/1456 1460/1460/1460 1291/1291/1291
f 1291/1291/1291 1294/1294/1294 1455/1455/1455
f 1461/1461/1461 1464/1464/1464 1305/1305/1305
f 1303/1303/1303 1306/1306/1306 1461/1461/1461
f 1468/1468/1468 1471/1471/1471 1316/1316/1316
f 1315/1315/1315 1319/1319/1319 1468/1468/1468
f 1474/1474/1474 1477/1477/1477 1329/1329/1329
f 1329/1329/1329 1332/1332/1332 1474/1474/1474
f 1478/1478/1478 1355/1355/1355 1341/1341/1341
f 1340/1340/1340 1479/1479/1479 1478/1478/1478
f 1478/1478/1478 1359/1359/1359 1113/1113/1113
f 1111/1111/1111 1355/1355/1355 1478/1478/1478
f 1482/1482/1482 1360/1360/1360 1484/1484/1484
f 1485/1485/1485 1364/1364/1364 1487/1487/1487
f 1360/1360/1360 1489/1489/1489 1362/1362/1362
f 1489/1489/1489 1360/1360/1360 1481/1481/1481
f 1490/1490/1490 1493/1493/1493 1486/1486/1486
f 1370/1370/1370 1494/1494/1494 1376/1376/1376
f 1364/1364/1364 1494/1494/1494 1371/1371/1371
f 1497/1497/1497 1357/1357/1357 1499/1499/1499
f 1502/1502/1502 1475/1475/1475 1507/1507/1507
f 1507/1507/1507 1504/1504/1504 1501/1501/1501
f 1509/1509/1509 1511/1511/1511 1510/1510/1510
f 1511/1511/1511 1509/1509/1509 1514/1514/1514
f 1516/1516/1516 1523/1523/1523 1520/1520/1520
f 1521/1521/1521 1516/1516/1516 1524/1524/1524
f 1525/1525/1525 1527/1527/1527 1382/1382/1382
f 1380/1380/1380 1531/1531/1531 1535/1535/1535
f 1535/1535/1535 1386/1386/1386 1380/1380/1380
f 1387/1387/1387 1537/1537/1537 1392/1392/1392
f 1392/1392/1392 1539/1539/1539 1395/1395/1395
f 1397/1397/1397 1544/1544/1544 1543/1543/1543
f 1543/1543/1543 1402/1402/1402 1396/1396/1396
f 1547/1547/1547 1548/1548/1548 1412/1412/1412
f 1548/1548/1548 1549/1549/1549 1421/1421/1421
f 1426/1426/1426 1424/1424/1424 1550/1550/1550
f 1549/1549/1549 1552/1552/1552 1426/1426/1426
f 1552/1552/1552 1555/1555/1555 1428/1428/1428
f 1553/1553/1553 1557/1557/1557 1434/1434/1434
f 1557/1557/1557 1561/1561/1561 1438/1438/1438
f 1559/1559/1559 1564/1564/1564 1447/1447/1447
f 1564/1564/1564 1566/1566/1566 1454/1454/1454
f 1566/1566/1566 1569/1569/1569 1459/1459/1459
f 1569/1569/1569 1571/1571/1571 1463/1463/1463
f 1571/1571/1571 1573/1573/1573 1470/1470/1470
f 1578/1578/1578 1583/1583/1583 1582/1582/1582
f 1546/1546/1546 1586/1586/1586 1585/1585/1585
f 1542/1542/1542 1591/1591/1591 1588/1588/1588
f 1545/1545/1545 1595/1595/1595 1592/1592/1592
f 1539/1539/1539 1598/1598/1598 1597/1597/1597
f 1546/1546/1546 1600/1600/1600 1548/1548/1548
f 1552/1552/1552 1602/1602/1602 1553/1553/1553
f 1553/1553/1553 1605/1605/1605 1603/1603/1603
f 1610/1610/1610 1607/1607/1607 1614/1614/1614
f 1614/1614/1614 1613/1613/1613 1610/1610/1610
f 1556/1556/1556 1614/1614/1614 1562/1562/1562
f 1549/1549/1549 1616/1616/1616 1552/1552/1552
f 1618/1618/1618 1622/1622/1622 1620/1620/1620
f 1623/1623/1623 1627/1627/1627 1626/1626/1626
f 1630/1630/1630 1634/1634/1634 1631/1631/1631
f 1634/1634/1634 1630/1630/1630 1635/1635/1635
f 1638/1638/1638 1641/1641/1641 1640/1640/1640
f 1487/1487/1487 1361/1361/1361 1489/1489/1489
f 1484/1484/1484 1360/1360/1360 1357/1357/1357
f 1484/1484/1484 1357/1357/1357 1497/1497/1497
f 1487/1487/1487 1364/1364/1364 1361/1361/1361
f 1539/1539/1539 1646/1646/1646 1642/1642/1642
f 1618/1618/1618 1620/1620/1620 1647/1647/1647
f 1647/1647/1647 1650/1650/1650 1648/1648/1648
f 1647/1647/1647 1648/1648/1648 1653/1653/1653
f 1655/1655/1655 1656/1656/1656 1630/1630/1630
f 1651/1651/1651 1657/1657/1657 1648/1648/1648
f 1657/1657/1657 1650/1650/1650 1658/1658/1658
f 1553/1553/1553 1602/1602/1602 1606/1606/1606
f 1552/1552/1552 1660/1660/1660 1602/1602/1602
f 1552/1552/1552 1661/1661/1661 1660/1660/1660
f 1548/1548/1548 1616/1616/1616 1549/1549/1549
f 1664/1664/1664 1481/1481/1481 1483/1483/1483
f 1483/1483/1483 1665/1665/1665 1664/1664/1664
f 1667/1667/1667 1486/1486/1486 1487/1487/1487
f 1487/1487/1487 1669/1669/1669 1667/1667/1667
f 1489/1489/1489 1481/1481/1481 1662/1662/1662
f 1664/1664/1664 1670/1670/1670 1489/1489/1489
f 1672/1672/1672 1490/1490/1490 1486/1486/1486
f 1486/1486/1486 1666/1666/1666 1672/1672/1672
f 1675/1675/1675 1673/1673/1673 1491/1491/1491
f 1490/1490/1490 1671/1671/1671 1675/1675/1675
f 1678/1678/1678 1496/1496/1496 1677/1677/1677
f 1677/1677/1677 1680/1680/1680 1678/1678/1678
f 1679/1679/1679 1677/1677/1677 1681/1681/1681
f 1681/1681/1681 1682/1682/1682 1679/1679/1679
f 1682/1682/1682 1681/1681/1681 1638/1638/1638
f 1638/1638/1638 1683/1683/1683 1682/1682/1682
f 1687/1687/1687 1686/1686/1686 1685/1685/1685
f 1685/1685/1685 1689/1689/1689 1687/1687/1687
f 1684/1684/1684 1691/1691/1691 1693/1693/1693
f 1693/1693/1693 1690/1690/1690 1684/1684/1684
f 1697/1697/1697 1695/1695/1695 1694/1694/1694
f 1694/1694/1694 1699/1699/1699 1697/1697/1697
f 1699/1699/1699 1694/1694/1694 1686/1686/1686
f 1686/1686/1686 1687/1687/1687 1699/1699/1699
f 1691/1691/1691 1674/1674/1674 1675/1675/1675
f 1675/1675/1675 1693/1693/1693 1691/1691/1691
f 1683/1683/1683 1638/1638/1638 1695/1695/1695
f 1695/1695/1695 1697/1697/1697 1683/1683/1683
f 1483/1483/1483 1495/1495/1495 1678/1678/1678
f 1678/1678/1678 1665/1665/1665 1484/1484/1484
f 1669/1669/1669 1487/1487/1487 1488/1488/1488
f 1489/1489/1489 1670/1670/1670 1669/1669/1669
f 1665/1665/1665 1700/1700/1700 1662/1662/1662
f 1668/1668/1668 1702/1702/1702 1667/1667/1667
f 1702/1702/1702 1668/1668/1668 1700/1700/1700
f 1663/1663/1663 1700/1700/1700 1670/1670/1670
f 1667/1667/1667 1702/1702/1702 1672/1672/1672
f 1672/1672/1672 1702/1702/1702 1676/1676/1676
f 1679/1679/1679 1703/1703/1703 1678/1678/1678
f 1682/1682/1682 1704/1704/1704 1679/1679/1679
f 1683/1683/1683 1704/1704/1704 1682/1682/1682
f 1690/1690/1690 1706/1706/1706 1687/1687/1687
f 1693/1693/1693 1706/1706/1706 1689/1689/1689
f 1706/1706/1706 1693/1693/1693 1702/1702/1702
f 1698/1698/1698 1706/1706/1706 1697/1697/1697
f 1688/1688/1688 1707/1707/1707 1698/1698/1698
f 1675/1675/1675 1702/1702/1702 1693/1693/1693
f 1697/1697/1697 1704/1704/1704 1683/1683/1683
f 1705/1705/1705 1697/1697/1697 1706/1706/1706
f 1678/1678/1678 1700/1700/1700 1665/1665/1665
f 1700/1700/1700 1678/1678/1678 1704/1704/1704
f 1670/1670/1670 1700/1700/1700 1668/1668/1668
f 1706/1706/1706 1702/1702/1702 1701/1701/1701
f 1708/1708/1708 1713/1713/1713 1709/1709/1709
f 1709/1709/1709 1157/1157/1157 1708/1708/1708
f 1168/1168/1168 1716/1716/1716 1712/1712/1712
f 1712/1712/1712 1708/1708/1708 1168/1168/1168
f 1170/1170/1170 1177/1177/1177 1717/1717/1717
f 1179/1179/1179 1186/1186/1186 1722/1722/1722
f 1721/1721/1721 1720/1720/1720 1179/1179/1179
f 1726/1726/1726 1106/1106/1106 1110/1110/1110
f 1109/1109/1109 1730/1730/1730 1727/1727/1727
f 1731/1731/1731 1115/1115/1115 1121/1121/1121
f 1121/1121/1121 1734/1734/1734 1731/1731/1731
f 1736/1736/1736 1125/1125/1125 1128/1128/1128
f 1128/1128/1128 1738/1738/1738 1736/1736/1736
f 1739/1739/1739 1137/1137/1137 1746/1746/1746
f 1745/1745/1745 1742/1742/1742 1739/1739/1739
f 1205/1205/1205 1748/1748/1748 1196/1196/1196
f 1750/1750/1750 1748/1748/1748 1211/1211/1211
f 1751/1751/1751 1753/1753/1753 1218/1218/1218
f 1218/1218/1218 1225/1225/1225 1752/1752/1752
f 1754/1754/1754 1751/1751/1751 1228/1228/1228
f 1756/1756/1756 1754/1754/1754 1239/1239/1239
f 1760/1760/1760 1755/1755/1755 1252/1252/1252
f 1762/1762/1762 1757/1757/1757 1264/1264/1264
f 1763/1763/1763 1761/1761/1761 1276/1276/1276
f 1764/1764/1764 1287/1287/1287 1288/1288/1288
f 1765/1765/1765 1769/1769/1769 1299/1299/1299
f 1765/1765/1765 1311/1311/1311 1312/1312/1312
f 1772/1772/1772 1325/1325/1325 1328/1328/1328
f 1775/1775/1775 1334/1334/1334 1337/1337/1337
f 1777/1777/1777 1349/1349/1349 1354/1354/1354
f 1354/1354/1354 1778/1778/1778 1777/1777/1777
f 1780/1780/1780 1787/1787/1787 1785/1785/1785
f 1786/1786/1786 1782/1782/1782 1780/1780/1780
f 1788/1788/1788 1792/1792/1792 1791/1791/1791
f 1791/1791/1791 1790/1790/1790 1788/1788/1788
f 1794/1794/1794 1792/1792/1792 1795/1795/1795
f 1799/1799/1799 1797/1797/1797 1804/1804/1804
f 1806/1806/1806 1802/1802/1802 1801/1801/1801
f 1797/1797/1797 1808/1808/1808 1811/1811/1811
f 1810/1810/1810 1806/1806/1806 1797/1797/1797
f 1812/1812/1812 1810/1810/1810 1815/1815/1815
f 1815/1815/1815 1813/1813/1813 1812/1812/1812
f 1816/1816/1816 1822/1822/1822 1821/1821/1821
f 1821/1821/1821 1819/1819/1819 1816/1816/1816
f 1825/1825/1825 1828/1828/1828 1818/1818/1818
f 1832/1832/1832 1829/1829/1829 1828/1828/1828
f 1828/1828/1828 1825/1825/1825 1832/1832/1832
f 1836/1836/1836 1840/1840/1840 1837/1837/1837
f 1841/1841/1841 1844/1844/1844 1839/1839/1839
f 1846/1846/1846 1848/1848/1848 1843/1843/1843
f 1851/1851/1851 1857/1857/1857 1846/1846/1846
f 1858/1858/1858 1862/1862/1862 1854/1854/1854
f 1864/1864/1864 1867/1867/1867 1861/1861/1861
f 1868/1868/1868 1872/1872/1872 1865/1865/1865
f 1874/1874/1874 1882/1882/1882 1880/1880/1880
f 1880/1880/1880 1878/1878/1878 1874/1874/1874
f 1845/1845/1845 1886/1886/1886 1883/1883/1883
f 1883/1883/1883 1839/1839/1839 1845/1845/1845
f 1840/1840/1840 1883/1883/1883 1888/1888/1888
f 1890/1890/1890 1838/1838/1838 1840/1840/1840
f 1891/1891/1891 1896/1896/1896 1894/1894/1894
f 1886/1886/1886 1845/1845/1845 1850/1850/1850
f 1848/1848/1848 1900/1900/1900 1886/1886/1886
f 1849/1849/1849 1905/1905/1905 1903/1903/1903
f 1904/1904/1904 1900/1900/1900 1850/1850/1850
f 1910/1910/1910 1915/1915/1915 1912/1912/1912
f 1916/1916/1916 1856/1856/1856 1920/1920/1920
f 1920/1920/1920 1918/1918/1918 1916/1916/1916
f 1929/1929/1929 1926/1926/1926 1922/1922/1922
f 1924/1924/1924 1931/1931/1931 1929/1929/1929
f 1838/1838/1838 1889/1889/1889 1927/1927/1927
f 1928/1928/1928 1929/1929/1929 1838/1838/1838
f 1919/1919/1919 1920/1920/1920 1935/1935/1935
f 1935/1935/1935 1934/1934/1934 1919/1919/1919
f 1931/1931/1931 1922/1922/1922 1938/1938/1938
f 1938/1938/1938 1940/1940/1940 1931/1931/1931
f 1946/1946/1946 1944/1944/1944 1941/1941/1941
f 1941/1941/1941 1949/1949/1949 1945/1945/1945
f 1950/1950/1950 1954/1954/1954 1953/1953/1953
f 1953/1953/1953 1947/1947/1947 1951/1951/1951
f 1956/1956/1956 1914/1914/1914 1910/1910/1910
f 1910/1910/1910 1957/1957/1957 1956/1956/1956
f 1963/1963/1963 1959/1959/1959 1954/1954/1954
f 1954/1954/1954 1952/1952/1952 1963/1963/1963
f 1957/1957/1957 1965/1965/1965 1967/1967/1967
f 1967/1967/1967 1956/1956/1956 1957/1957/1957
f 1972/1972/1972 1969/1969/1969 1979/1979/1979
f 1978/1978/1978 1974/1974/1974 1971/1971/1971
f 1984/1984/1984 1981/1981/1981 1980/1980/1980
f 1980/1980/1980 1985/1985/1985 1984/1984/1984
f 1988/1988/1988 1987/1987/1987 1980/1980/1980
f 1980/1980/1980 1991/1991/1991 1988/1988/1988
f 1979/1979/1979 1969/1969/1969 1981/1981/1981
f 1981/1981/1981 1984/1984/1984 1977/1977/1977
f 1992/1992/1992 1988/1988/1988 1959/1959/1959
f 1959/1959/1959 1961/1961/1961 1992/1992/1992
f 1966/1966/1966 1973/1973/1973 1974/1974/1974
f 1974/1974/1974 1967/1967/1967 1964/1964/1964
f 1994/1994/1994 2002/2002/2002 2001/2001/2001
f 2001/2001/2001 1998/1998/1998 1994/1994/1994
f 2007/2007/2007 2004/2004/2004 2012/2012/2012
f 2013/2013/2013 2010/2010/2010 2007/2007/2007
f 2020/2020/2020 2017/2017/2017 2025/2025/2025
f 2025/2025/2025 2022/2022/2022 2019/2019/2019
f 2028/2028/2028 2034/2034/2034 2031/2031/2031
f 2031/2031/2031 2030/2030/2030 2028/2028/2028
f 2036/2036/2036 2035/2035/2035 2042/2042/2042
f 2042/2042/2042 2038/2038/2038 2036/2036/2036
f 2045/2045/2045 2051/2051/2051 2049/2049/2049
f 2048/2048/2048 2047/2047/2047 2045/2045/2045
f 2055/2055/2055 2007/2007/2007 2010/2010/2010
f 2010/2010/2010 2058/2058/2058 2055/2055/2055
f 2047/2047/2047 2048/2048/2048 2062/2062/2062
f 2063/2063/2063 2060/2060/2060 2047/2047/2047
f 1800/1800/1800 1802/1802/1802 2066/2066/2066
f 2066/2066/2066 2068/2068/2068 1800/1800/1800
f 1816/1816/1816 2073/2073/2073 2071/2071/2071
f 2074/2074/2074 2080/2080/2080 2076/2076/2076
f 2083/2083/2083 2089/2089/2089 2084/2084/2084
f 2090/2090/2090 2095/2095/2095 2093/2093/2093
f 2093/2093/2093 2092/2092/2092 2090/2090/2090
f 2098/2098/2098 1812/1812/1812 2100/2100/2100
f 2107/2107/2107 2104/2104/2104 2101/2101/2101
f 2101/2101/2101 2109/2109/2109 2107/2107/2107
f 2116/2116/2116 2115/2115/2115 2113/2113/2113
f 2112/2112/2112 2118/2118/2118 2116/2116/2116
f 2121/2121/2121 1794/1794/1794 2124/2124/2124
f 2125/2125/2125 2122/2122/2122 2121/2121/2121
f 2097/2097/2097 2130/2130/2130 2129/2129/2129
f 2105/2105/2105 2135/2135/2135 2133/2133/2133
f 2133/2133/2133 2111/2111/2111 2106/2106/2106
f 2139/2139/2139 2119/2119/2119 2143/2143/2143
f 2110/2110/2110 2125/2125/2125 2144/2144/2144
f 2144/2144/2144 2145/2145/2145 2110/2110/2110
f 2137/2137/2137 2149/2149/2149 2147/2147/2147
f 2148/2148/2148 2132/2132/2132 2134/2134/2134
f 2150/2150/2150 2151/2151/2151 2156/2156/2156
f 2155/2155/2155 2148/2148/2148 2150/2150/2150
f 2157/2157/2157 2158/2158/2158 2153/2153/2153
f 2161/2161/2161 2166/2166/2166 2165/2165/2165
f 2166/2166/2166 2161/2161/2161 2167/2167/2167
f 1999/1999/1999 2170/2170/2170 2169/2169/2169
f 2174/2174/2174 2172/2172/2172 1794/1794/1794
f 1794/1794/1794 1796/1796/1796 2176/2176/2176
f 2181/2181/2181 2179/2179/2179 2190/2190/2190
f 2190/2190/2190 2187/2187/2187 2183/2183/2183
f 2191/2191/2191 2126/2126/2126 2143/2143/2143
f 2143/2143/2143 2193/2193/2193 2191/2191/2191
f 2186/2186/2186 2189/2189/2189 2128/2128/2128
f 2128/2128/2128 2191/2191/2191 2186/2186/2186
f 2193/2193/2193 2142/2142/2142 2132/2132/2132
f 2132/2132/2132 2147/2147/2147 2193/2193/2193
f 2200/2200/2200 2197/2197/2197 2195/2195/2195
f 2195/2195/2195 2202/2202/2202 2200/2200/2200
f 2196/2196/2196 2198/2198/2198 2206/2206/2206
f 2206/2206/2206 2204/2204/2204 2196/2196/2196
f 2199/2199/2199 2202/2202/2202 2208/2208/2208
f 2209/2209/2209 2212/2212/2212 2199/2199/2199
f 2214/2214/2214 2210/2210/2210 2215/2215/2215
f 2215/2215/2215 2217/2217/2217 2214/2214/2214
f 2216/2216/2216 2224/2224/2224 2221/2221/2221
f 2222/2222/2222 2219/2219/2219 2216/2216/2216
f 2228/2228/2228 2227/2227/2227 2223/2223/2223
f 2223/2223/2223 2225/2225/2225 2228/2228/2228
f 2163/2163/2163 2166/2166/2166 2231/2231/2231
f 2231/2231/2231 2233/2233/2233 2165/2165/2165
f 2164/2164/2164 2232/2232/2232 2227/2227/2227
f 2227/2227/2227 2229/2229/2229 2164/2164/2164
f 2230/2230/2230 2166/2166/2166 2236/2236/2236
f 2235/2235/2235 2239/2239/2239 2230/2230/2230
f 2242/2242/2242 2243/2243/2243 2058/2058/2058
f 2247/2247/2247 2254/2254/2254 2252/2252/2252
f 2252/2252/2252 2249/2249/2249 2247/2247/2247
f 2258/2258/2258 2256/2256/2256 2262/2262/2262
f 2262/2262/2262 2261/2261/2261 2258/2258/2258
f 2259/2259/2259 2205/2205/2205 2206/2206/2206
f 2207/2207/2207 2257/2257/2257 2259/2259/2259
f 2264/2264/2264 2268/2268/2268 2265/2265/2265
f 2263/2263/2263 2273/2273/2273 2275/2275/2275
f 2275/2275/2275 2268/2268/2268 2264/2264/2264
f 2279/2279/2279 2254/2254/2254 2283/2283/2283
f 2284/2284/2284 2282/2282/2282 2278/2278/2278
f 2246/2246/2246 2288/2288/2288 2254/2254/2254
f 2256/2256/2256 2291/2291/2291 2262/2262/2262
f 2207/2207/2207 2295/2295/2295 2292/2292/2292
f 2293/2293/2293 2255/2255/2255 2206/2206/2206
f 2200/2200/2200 2301/2301/2301 2296/2296/2296
f 2297/2297/2297 2197/2197/2197 2200/2200/2200
f 2198/2198/2198 2297/2297/2297 2294/2294/2294
f 2294/2294/2294 2206/2206/2206 2198/2198/2198
f 2213/2213/2213 2302/2302/2302 2298/2298/2298
f 2298/2298/2298 2199/2199/2199 2214/2214/2214
f 2214/2214/2214 2218/2218/2218 2305/2305/2305
f 2305/2305/2305 2304/2304/2304 2214/2214/2214
f 2219/2219/2219 2220/2220/2220 2308/2308/2308
f 2308/2308/2308 2306/2306/2306 2219/2219/2219
f 2223/2223/2223 2226/2226/2226 2311/2311/2311
f 2310/2310/2310 2309/2309/2309 2223/2223/2223
f 2233/2233/2233 2231/2231/2231 2318/2318/2318
f 2318/2318/2318 2316/2316/2316 2233/2233/2233
f 2227/2227/2227 2232/2232/2232 2314/2314/2314
f 2315/2315/2315 2313/2313/2313 2227/2227/2227
f 2230/2230/2230 2240/2240/2240 2266/2266/2266
f 2266/2266/2266 2317/2317/2317 2230/2230/2230
f 2319/2319/2319 2269/2269/2269 2325/2325/2325
f 2267/2267/2267 2276/2276/2276 2326/2326/2326
f 2326/2326/2326 2323/2323/2323 2267/2267/2267
f 2274/2274/2274 2329/2329/2329 2331/2331/2331
f 2331/2331/2331 2326/2326/2326 2274/2274/2274
f 2283/2283/2283 2336/2336/2336 2335/2335/2335
f 2333/2333/2333 2282/2282/2282 2283/2283/2283
f 2339/2339/2339 2341/2341/2341 2336/2336/2336
f 2340/2340/2340 2343/2343/2343 2348/2348/2348
f 2348/2348/2348 2342/2342/2342 2340/2340/2340
f 2352/2352/2352 2356/2356/2356 2349/2349/2349
f 2349/2349/2349 2344/2344/2344 2352/2352/2352
f 2359/2359/2359 2358/2358/2358 2301/2301/2301
f 2299/2299/2299 2362/2362/2362 2359/2359/2359
f 2352/2352/2352 2358/2358/2358 2359/2359/2359
f 2359/2359/2359 2354/2354/2354 2351/2351/2351
f 2361/2361/2361 2298/2298/2298 2302/2302/2302
f 2302/2302/2302 2365/2365/2365 2361/2361/2361
f 2305/2305/2305 2368/2368/2368 2364/2364/2364
f 2366/2366/2366 2303/2303/2303 2305/2305/2305
f 2369/2369/2369 2373/2373/2373 2368/2368/2368
f 2368/2368/2368 2306/2306/2306 2371/2371/2371
f 2375/2375/2375 2372/2372/2372 2379/2379/2379
f 2379/2379/2379 2377/2377/2377 2374/2374/2374
f 2382/2382/2382 2391/2391/2391 2389/2389/2389
f 2388/2388/2388 2385/2385/2385 2382/2382/2382
f 2378/2378/2378 2381/2381/2381 2383/2383/2383
f 2383/2383/2383 2386/2386/2386 2378/2378/2378
f 2391/2391/2391 2321/2321/2321 2394/2394/2394
f 2392/2392/2392 2387/2387/2387 2390/2390/2390
f 2396/2396/2396 2403/2403/2403 2398/2398/2398
f 2406/2406/2406 2416/2416/2416 2412/2412/2412
f 2411/2411/2411 2410/2410/2410 2406/2406/2406
f 2410/2410/2410 2413/2413/2413 2417/2417/2417
f 2421/2421/2421 2417/2417/2417 2424/2424/2424
f 2425/2425/2425 2422/2422/2422 2421/2421/2421
f 2423/2423/2423 2426/2426/2426 2429/2429/2429
f 2429/2429/2429 2427/2427/2427 2423/2423/2423
f 2435/2435/2435 2431/2431/2431 2439/2439/2439
f 2440/2440/2440 2437/2437/2437 2435/2435/2435
f 2433/2433/2433 2428/2428/2428 2430/2430/2430
f 2430/2430/2430 2441/2441/2441 2433/2433/2433
f 2445/2445/2445 2455/2455/2455 2450/2450/2450
f 2450/2450/2450 2447/2447/2447 2443/2443/2443
f 2448/2448/2448 2451/2451/2451 2459/2459/2459
f 2459/2459/2459 2458/2458/2458 2448/2448/2448
f 2460/2460/2460 2463/2463/2463 2467/2467/2467
f 2467/2467/2467 2465/2465/2465 2460/2460/2460
f 2469/2469/2469 2482/2482/2482 2480/2480/2480
f 2479/2479/2479 2475/2475/2475 2472/2472/2472
f 2466/2466/2466 2468/2468/2468 2471/2471/2471
f 2470/2470/2470 2476/2476/2476 2464/2464/2464
f 2481/2481/2481 2396/2396/2396 2398/2398/2398
f 2399/2399/2399 2478/2478/2478 2481/2481/2481
f 2491/2491/2491 2488/2488/2488 2485/2485/2485
f 2485/2485/2485 2494/2494/2494 2491/2491/2491
f 2493/2493/2493 2484/2484/2484 2500/2500/2500
f 2499/2499/2499 2495/2495/2495 2493/2493/2493
f 2503/2503/2503 2405/2405/2405 2506/2506/2506
f 2508/2508/2508 2404/2404/2404 2408/2408/2408
f 2407/2407/2407 2511/2511/2511 2508/2508/2508
f 2409/2409/2409 2420/2420/2420 2514/2514/2514
f 2514/2514/2514 2512/2512/2512 2409/2409/2409
f 2515/2515/2515 2419/2419/2419 2422/2422/2422
f 2422/2422/2422 2519/2519/2519 2516/2516/2516
f 2520/2520/2520 2423/2423/2423 2427/2427/2427
f 2427/2427/2427 2523/2523/2523 2520/2520/2520
f 2527/2527/2527 2431/2431/2431 2435/2435/2435
f 2434/2434/2434 2529/2529/2529 2525/2525/2525
f 2432/2432/2432 2527/2527/2527 2522/2522/2522
f 2522/2522/2522 2427/2427/2427 2433/2433/2433
f 2528/2528/2528 2434/2434/2434 2443/2443/2443
f 2443/2443/2443 2530/2530/2530 2528/2528/2528
f 2532/2532/2532 2444/2444/2444 2446/2446/2446
f 2447/2447/2447 2534/2534/2534 2532/2532/2532
f 2456/2456/2456 2538/2538/2538 2536/2536/2536
f 2536/2536/2536 2447/2447/2447 2456/2456/2456
f 2540/2540/2540 2538/2538/2538 2457/2457/2457
f 2554/2554/2554 2547/2547/2547 2544/2544/2544
f 2544/2544/2544 2559/2559/2559 2555/2555/2555
f 2548/2548/2548 2556/2556/2556 2540/2540/2540
f 2558/2558/2558 2543/2543/2543 2489/2489/2489
f 2487/2487/2487 2492/2492/2492 2558/2558/2558
f 2493/2493/2493 2561/2561/2561 2490/2490/2490
f 2561/2561/2561 2493/2493/2493 2495/2495/2495
f 2495/2495/2495 2565/2565/2565 2561/2561/2561
f 2564/2564/2564 2495/2495/2495 2505/2505/2505
f 2505/2505/2505 2566/2566/2566 2563/2563/2563
f 2509/2509/2509 2567/2567/2567 2507/2507/2507
f 2567/2567/2567 2510/2510/2510 2569/2569/2569
f 2513/2513/2513 2571/2571/2571 2512/2512/2512
f 2570/2570/2570 2513/2513/2513 2517/2517/2517
f 2517/2517/2517 2574/2574/2574 2570/2570/2570
f 2575/2575/2575 2518/2518/2518 2521/2521/2521
f 2521/2521/2521 2578/2578/2578 2575/2575/2575
f 2524/2524/2524 2529/2529/2529 2580/2580/2580
f 2580/2580/2580 2577/2577/2577 2524/2524/2524
f 2526/2526/2526 2578/2578/2578 2522/2522/2522
f 2580/2580/2580 2528/2528/2528 2531/2531/2531
f 2531/2531/2531 2581/2581/2581 2580/2580/2580
f 2583/2583/2583 2531/2531/2531 2534/2534/2534
f 2533/2533/2533 2585/2585/2585 2582/2582/2582
f 2585/2585/2585 2535/2535/2535 2537/2537/2537
f 2538/2538/2538 2589/2589/2589 2586/2586/2586
f 2591/2591/2591 2551/2551/2551 2557/2557/2557
f 2557/2557/2557 2595/2595/2595 2591/2591/2591
f 2589/2589/2589 2538/2538/2538 2552/2552/2552
f 2553/2553/2553 2592/2592/2592 2589/2589/2589
f 2490/2490/2490 2594/2594/2594 2558/2558/2558
f 2593/2593/2593 2600/2600/2600 2596/2596/2596
f 2596/2596/2596 2591/2591/2591 2593/2593/2593
f 2584/2584/2584 2588/2588/2588 2603/2603/2603
f 2602/2602/2602 2582/2582/2582 2584/2584/2584
f 2588/2588/2588 2590/2590/2590 2597/2597/2597
f 2597/2597/2597 2603/2603/2603 2587/2587/2587
f 2567/2567/2567 2569/2569/2569 2601/2601/2601
f 2601/2601/2601 2563/2563/2563 2566/2566/2566
f 2598/2598/2598 2601/2601/2601 2568/2568/2568
f 2568/2568/2568 2572/2572/2572 2598/2598/2598
f 2579/2579/2579 2582/2582/2582 2602/2602/2602
f 2604/2604/2604 2576/2576/2576 2580/2580/2580
f 2576/2576/2576 2605/2605/2605 2599/2599/2599
f 2599/2599/2599 2573/2573/2573 2576/2576/2576
f 2561/2561/2561 2563/2563/2563 2600/2600/2600
f 2600/2600/2600 2594/2594/2594 2560/2560/2560
f 2191/2191/2191 2194/2194/2194 2611/2611/2611
f 2610/2610/2610 2606/2606/2606 2191/2191/2191
f 2185/2185/2185 2192/2192/2192 2607/2607/2607
f 2607/2607/2607 2612/2612/2612 2186/2186/2186
f 2148/2148/2148 2155/2155/2155 2608/2608/2608
f 2608/2608/2608 2193/2193/2193 2148/2148/2148
f 2614/2614/2614 2184/2184/2184 2187/2187/2187
f 2187/2187/2187 2613/2613/2613 2614/2614/2614
f 2616/2616/2616 2056/2056/2056 2618/2618/2618
f 2160/2160/2160 2228/2228/2228 2622/2622/2622
f 2228/2228/2228 2162/2162/2162 2164/2164/2164
f 2620/2620/2620 2225/2225/2225 2624/2624/2624
f 2225/2225/2225 2620/2620/2620 2228/2228/2228
f 2235/2235/2235 2625/2625/2625 2619/2619/2619
f 2628/2628/2628 2001/2001/2001 2007/2007/2007
f 2630/2630/2630 2055/2055/2055 2616/2616/2616
f 2055/2055/2055 2630/2630/2630 2007/2007/2007
f 1836/1836/1836 1838/1838/1838 1829/1829/1829
f 1846/1846/1846 1907/1907/1907 1848/1848/1848
f 1841/1841/1841 1840/1840/1840 1834/1834/1834
f 1843/1843/1843 1848/1848/1848 1845/1845/1845
f 1828/1828/1828 1898/1898/1898 1818/1818/1818
f 1897/1897/1897 1892/1892/1892 1818/1818/1818
f 1812/1812/1812 2633/2633/2633 2100/2100/2100
f 1893/1893/1893 2072/2072/2072 1816/1816/1816
f 2073/2073/2073 2636/2636/2636 2071/2071/2071
f 2638/2638/2638 2632/2632/2632 2085/2085/2085
f 2120/2120/2120 2141/2141/2141 2116/2116/2116
f 2117/2117/2117 2111/2111/2111 2131/2131/2131
f 2133/2133/2133 2142/2142/2142 2117/2117/2117
f 2087/2087/2087 2640/2640/2640 2081/2081/2081
f 2642/2642/2642 2645/2645/2645 2095/2095/2095
f 2114/2114/2114 2104/2104/2104 2105/2105/2105
f 2105/2105/2105 2112/2112/2112 2114/2114/2114
f 2643/2643/2643 1971/1971/1971 2645/2645/2645
f 2082/2082/2082 1991/1991/1991 1980/1980/1980
f 1980/1980/1980 2641/2641/2641 2082/2082/2082
f 2647/2647/2647 1983/1983/1983 1970/1970/1970
f 1970/1970/1970 2076/2076/2076 2647/2647/2647
f 2640/2640/2640 1980/1980/1980 1982/1982/1982
f 1983/1983/1983 2649/2649/2649 2639/2639/2639
f 2642/2642/2642 2079/2079/2079 1970/1970/1970
f 1970/1970/1970 1971/1971/1971 2643/2643/2643
f 2085/2085/2085 2634/2634/2634 1991/1991/1991
f 1990/1990/1990 2083/2083/2083 2084/2084/2084
f 2641/2641/2641 2088/2088/2088 2082/2082/2082
f 2074/2074/2074 2078/2078/2078 2642/2642/2642
f 1958/1958/1958 2651/2651/2651 1966/1966/1966
f 1910/1910/1910 1935/1935/1935 2656/2656/2656
f 2657/2657/2657 2654/2654/2654 1910/1910/1910
f 2651/2651/2651 1958/1958/1958 2655/2655/2655
f 2658/2658/2658 2661/2661/2661 2652/2652/2652
f 2663/2663/2663 1725/1725/1725 1729/1729/1729
f 1728/1728/1728 2666/2666/2666 2663/2663/2663
f 2667/2667/2667 1731/1731/1731 1733/1733/1733
f 1734/1734/1734 2668/2668/2668 2667/2667/2667
f 2673/2673/2673 2671/2671/2671 2677/2677/2677
f 2677/2677/2677 2674/2674/2674 2673/2673/2673
f 1748/1748/1748 1750/1750/1750 2679/2679/2679
f 2679/2679/2679 2678/2678/2678 1748/1748/1748
f 1749/1749/1749 1753/1753/1753 2682/2682/2682
f 2681/2681/2681 2679/2679/2679 1749/1749/1749
f 1751/1751/1751 1754/1754/1754 2689/2689/2689
f 2689/2689/2689 2685/2685/2685 1751/1751/1751
f 1825/1825/1825 1820/1820/1820 2688/2688/2688
f 2688/2688/2688 2690/2690/2690 1826/1826/1826
f 1833/1833/1833 1824/1824/1824 2690/2690/2690
f 2690/2690/2690 2692/2692/2692 1831/1831/1831
f 1834/1834/1834 1831/1831/1831 2692/2692/2692
f 2692/2692/2692 2696/2696/2696 1835/1835/1835
f 1842/1842/1842 1834/1834/1834 2694/2694/2694
f 2694/2694/2694 2697/2697/2697 1842/1842/1842
f 1846/1846/1846 1843/1843/1843 2698/2698/2698
f 2698/2698/2698 2701/2701/2701 1847/1847/1847
f 2703/2703/2703 1853/1853/1853 1846/1846/1846
f 1847/1847/1847 2700/2700/2700 2703/2703/2703
f 2706/2706/2706 1766/1766/1766 1772/1772/1772
f 1772/1772/1772 2707/2707/2707 2706/2706/2706
f 2708/2708/2708 1772/1772/1772 1773/1773/1773
f 1773/1773/1773 2710/2710/2710 2708/2708/2708
f 1777/1777/1777 2713/2713/2713 2711/2711/2711
f 2710/2710/2710 1774/1774/1774 1776/1776/1776
f 2713/2713/2713 1777/1777/1777 1778/1778/1778
f 1778/1778/1778 2715/2715/2715 2713/2713/2713
f 1800/1800/1800 2717/2717/2717 1797/1797/1797
f 1186/1186/1186 2719/2719/2719 1723/1723/1723
f 2723/2723/2723 1156/1156/1156 2731/2731/2731
f 2731/2731/2731 2725/2725/2725 2723/2723/2723
f 2732/2732/2732 2736/2736/2736 2168/2168/2168
f 2168/2168/2168 2733/2733/2733 2732/2732/2732
f 2235/2235/2235 2166/2166/2166 2625/2625/2625
f 2152/2152/2152 2215/2215/2215 2210/2210/2210
f 2211/2211/2211 2156/2156/2156 2152/2152/2152
f 2610/2610/2610 2202/2202/2202 2195/2195/2195
f 2195/2195/2195 2606/2606/2606 2610/2610/2610
f 2612/2612/2612 2607/2607/2607 2196/2196/2196
f 2196/2196/2196 2203/2203/2203 2612/2612/2612
f 2154/2154/2154 2208/2208/2208 2201/2201/2201
f 2202/2202/2202 2609/2609/2609 2155/2155/2155
f 2138/2138/2138 2145/2145/2145 2737/2737/2737
f 2109/2109/2109 2145/2145/2145 2136/2136/2136
f 2136/2136/2136 2105/2105/2105 2109/2109/2109
f 2740/2740/2740 2137/2137/2137 2738/2738/2738
f 2150/2150/2150 2739/2739/2739 2742/2742/2742
f 2152/2152/2152 2150/2150/2150 2743/2743/2743
f 2153/2153/2153 2743/2743/2743 2157/2157/2157
f 2150/2150/2150 2137/2137/2137 2739/2739/2739
f 2158/2158/2158 2623/2623/2623 2224/2224/2224
f 2748/2748/2748 2746/2746/2746 2033/2033/2033
f 2032/2032/2032 2750/2750/2750 2747/2747/2747
f 2540/2540/2540 2556/2556/2556 2539/2539/2539
f 1825/1825/1825 1818/1818/1818 1820/1820/1820
f 1966/1966/1966 2652/2652/2652 2646/2646/2646
f 1706/1706/1706 1700/1700/1700 1704/1704/1704
f 2751/2751/2751 1884/1884/1884 1885/1885/1885
f 1885/1885/1885 2753/2753/2753 2751/2751/2751
f 2755/2755/2755 1887/1887/1887 1884/1884/1884
f 1884/1884/1884 2751/2751/2751 2755/2755/2755
f 1945/1945/1945 2758/2758/2758 2757/2757/2757
f 2757/2757/2757 1943/1943/1943 1945/1945/1945
f 2754/2754/2754 1885/1885/1885 1901/1901/1901
f 1899/1899/1899 2760/2760/2760 2753/2753/2753
f 2760/2760/2760 1901/1901/1901 1902/1902/1902
f 1902/1902/1902 2762/2762/2762 2760/2760/2760
f 2769/2769/2769 2766/2766/2766 2764/2764/2764
f 2765/2765/2765 2773/2773/2773 2769/2769/2769
f 2786/2786/2786 2781/2781/2781 2776/2776/2776
f 2775/2775/2775 2788/2788/2788 2785/2785/2785
f 1921/1921/1921 1925/1925/1925 2789/2789/2789
f 2789/2789/2789 2790/2790/2790 1921/1921/1921
f 2763/2763/2763 1902/1902/1902 2782/2782/2782
f 2780/2780/2780 2785/2785/2785 2763/2763/2763
f 2789/2789/2789 1925/1925/1925 1889/1889/1889
f 1887/1887/1887 2755/2755/2755 2789/2789/2789
f 2787/2787/2787 2777/2777/2777 2769/2769/2769
f 2770/2770/2770 2774/2774/2774 2788/2788/2788
f 2793/2793/2793 1937/1937/1937 1921/1921/1921
f 1923/1923/1923 2790/2790/2790 2792/2792/2792
f 2800/2800/2800 2798/2798/2798 2796/2796/2796
f 2795/2795/2795 2804/2804/2804 2801/2801/2801
f 2808/2808/2808 1962/1962/1962 1951/1951/1951
f 1949/1949/1949 1941/1941/1941 2807/2807/2807
f 2804/2804/2804 2795/2795/2795 2810/2810/2810
f 2810/2810/2810 2815/2815/2815 2804/2804/2804
f 2823/2823/2823 2819/2819/2819 2817/2817/2817
f 2817/2817/2817 2824/2824/2824 2822/2822/2822
f 2836/2836/2836 2834/2834/2834 2829/2829/2829
f 2829/2829/2829 2837/2837/2837 2836/2836/2836
f 2838/2838/2838 2830/2830/2830 1993/1993/1993
f 1993/1993/1993 2839/2839/2839 2837/2837/2837
f 2824/2824/2824 2818/2818/2818 2832/2832/2832
f 2834/2834/2834 2835/2835/2835 2826/2826/2826
f 2840/2840/2840 1993/1993/1993 1960/1960/1960
f 1960/1960/1960 2806/2806/2806 2840/2840/2840
f 2813/2813/2813 2811/2811/2811 2819/2819/2819
f 2819/2819/2819 2823/2823/2823 2813/2813/2813
f 2845/2845/2845 2843/2843/2843 2841/2841/2841
f 2841/2841/2841 2848/2848/2848 2845/2845/2845
f 2856/2856/2856 2854/2854/2854 2850/2850/2850
f 2850/2850/2850 2859/2859/2859 2855/2855/2855
f 2867/2867/2867 2865/2865/2865 2861/2861/2861
f 2861/2861/2861 2869/2869/2869 2867/2867/2867
f 2881/2881/2881 2879/2879/2879 2876/2876/2876
f 2874/2874/2874 2884/2884/2884 2881/2881/2881
f 2847/2847/2847 2841/2841/2841 2885/2885/2885
f 2886/2886/2886 2889/2889/2889 2847/2847/2847
f 2870/2870/2870 2863/2863/2863 2892/2892/2892
f 2892/2892/2892 2893/2893/2893 2870/2870/2870
f 2893/2893/2893 2892/2892/2892 2897/2897/2897
f 2898/2898/2898 2899/2899/2899 2893/2893/2893
f 2911/2911/2911 2907/2907/2907 2905/2905/2905
f 2903/2903/2903 2914/2914/2914 2910/2910/2910
f 2923/2923/2923 2919/2919/2919 2908/2908/2908
f 2909/2909/2909 2911/2911/2911 2921/2921/2921
f 2931/2931/2931 2927/2927/2927 2926/2926/2926
f 2925/2925/2925 2934/2934/2934 2933/2933/2933
f 2939/2939/2939 2938/2938/2938 2917/2917/2917
f 2920/2920/2920 2923/2923/2923 2939/2939/2939
f 2934/2934/2934 2925/2925/2925 2937/2937/2937
f 2938/2938/2938 2941/2941/2941 2934/2934/2934
f 2945/2945/2945 2943/2943/2943 2879/2879/2879
f 2878/2878/2878 2880/2880/2880 2946/2946/2946
f 2913/2913/2913 2906/2906/2906 2865/2865/2865
f 2866/2866/2866 2867/2867/2867 2915/2915/2915
f 2950/2950/2950 2949/2949/2949 2843/2843/2843
f 2843/2843/2843 2845/2845/2845 2950/2950/2950
f 2956/2956/2956 2954/2954/2954 2948/2948/2948
f 2949/2949/2949 2950/2950/2950 2955/2955/2955
f 2964/2964/2964 2960/2960/2960 2954/2954/2954
f 2954/2954/2954 2956/2956/2956 2963/2963/2963
f 2969/2969/2969 2967/2967/2967 2960/2960/2960
f 2962/2962/2962 2964/2964/2964 2969/2969/2969
f 2860/2860/2860 2851/2851/2851 2966/2966/2966
f 2968/2968/2968 2969/2969/2969 2858/2858/2858
f 2900/2900/2900 2897/2897/2897 2853/2853/2853
f 2853/2853/2853 2856/2856/2856 2900/2900/2900
f 2883/2883/2883 2873/2873/2873 2928/2928/2928
f 2929/2929/2929 2930/2930/2930 2883/2883/2883
f 2888/2888/2888 2885/2885/2885 2943/2943/2943
f 2943/2943/2943 2946/2946/2946 2890/2890/2890
f 2753/2753/2753 2970/2970/2970 2751/2751/2751
f 2752/2752/2752 2971/2971/2971 2755/2755/2755
f 2756/2756/2756 2970/2970/2970 1942/1942/1942
f 2970/2970/2970 2756/2756/2756 2792/2792/2792
f 2760/2760/2760 2971/2971/2971 2753/2753/2753
f 2762/2762/2762 2970/2970/2970 2761/2761/2761
f 2764/2764/2764 2970/2970/2970 2772/2772/2772
f 2971/2971/2971 2764/2764/2764 2800/2800/2800
f 2787/2787/2787 2970/2970/2970 2785/2785/2785
f 2789/2789/2789 2971/2971/2971 2790/2790/2790
f 2784/2784/2784 2970/2970/2970 2763/2763/2763
f 2755/2755/2755 2971/2971/2971 2789/2789/2789
f 2774/2774/2774 2970/2970/2970 2787/2787/2787
f 2791/2791/2791 2970/2970/2970 2792/2792/2792
f 1942/1942/1942 2971/2971/2971 1941/1941/1941
f 2803/2803/2803 2973/2973/2973 2800/2800/2800
f 1941/1941/1941 2970/2970/2970 2805/2805/2805
f 2814/2814/2814 2970/2970/2970 2802/2802/2802
f 2827/2827/2827 2970/2970/2970 2823/2823/2823
f 2837/2837/2837 2974/2974/2974 2836/2836/2836
f 2839/2839/2839 2972/2972/2972 2837/2837/2837
f 2836/2836/2836 2970/2970/2970 2825/2825/2825
f 2806/2806/2806 2970/2970/2970 2839/2839/2839
f 2823/2823/2823 2972/2972/2972 2814/2814/2814
f 2848/2848/2848 2978/2978/2978 2846/2846/2846
f 2858/2858/2858 2978/2978/2978 2857/2857/2857
f 2872/2872/2872 2978/2978/2978 2868/2868/2868
f 2884/2884/2884 2979/2979/2979 2882/2882/2882
f 2890/2890/2890 2979/2979/2979 2848/2848/2848
f 2895/2895/2895 2976/2976/2976 2871/2871/2871
f 2902/2902/2902 2976/2976/2976 2894/2894/2894
f 2916/2916/2916 2978/2978/2978 2912/2912/2912
f 2912/2912/2912 2977/2977/2977 2922/2922/2922
f 2935/2935/2935 2975/2975/2975 2932/2932/2932
f 2922/2922/2922 2978/2978/2978 2940/2940/2940
f 2942/2942/2942 2978/2978/2978 2935/2935/2935
f 2882/2882/2882 2979/2979/2979 2947/2947/2947
f 2868/2868/2868 2978/2978/2978 2916/2916/2916
f 2845/2845/2845 2979/2979/2979 2951/2951/2951
f 2951/2951/2951 2979/2979/2979 2957/2957/2957
f 2957/2957/2957 2978/2978/2978 2963/2963/2963
f 2963/2963/2963 2978/2978/2978 2969/2969/2969
f 2969/2969/2969 2978/2978/2978 2860/2860/2860
f 2857/2857/2857 2977/2977/2977 2901/2901/2901
f 2932/2932/2932 2978/2978/2978 2884/2884/2884
f 2946/2946/2946 2979/2979/2979 2890/2890/2890
f 2980/2980/2980 1616/1616/1616 1622/1622/1622
f 1609/1609/1609 1613/1613/1613 1604/1604/1604
f 1604/1604/1604 2982/2982/2982 1610/1610/1610
f 1520/1520/1520 1655/1655/1655 1630/1630/1630
f 1634/1634/1634 1627/1627/1627 1631/1631/1631
f 2984/2984/2984 1614/1614/1614 2985/2985/2985
f 2990/2990/2990 2988/2988/2988 1515/1515/1515
f 1515/1515/1515 1518/1518/1518 2991/2991/2991
f 1630/1630/1630 2993/2993/2993 2991/2991/2991
f 2991/2991/2991 1519/1519/1519 1630/1630/1630
f 2995/2995/2995 2992/2992/2992 1630/1630/1630
f 1630/1630/1630 1632/1632/1632 2995/2995/2995
f 1628/1628/1628 2996/2996/2996 2995/2995/2995
f 2995/2995/2995 1633/1633/1633 1628/1628/1628
f 2998/2998/2998 2996/2996/2996 1628/1628/1628
f 1628/1628/1628 1623/1623/1623 2999/2999/2999
f 3001/3001/3001 2999/2999/2999 1623/1623/1623
f 1623/1623/1623 3003/3003/3003 3002/3002/3002
f 2986/2986/2986 3009/3009/3009 3001/3001/3001
f 3001/3001/3001 3003/3003/3003 2986/2986/2986
f 1608/1608/1608 3013/3013/3013 3007/3007/3007
f 3010/3010/3010 2986/2986/2986 1608/1608/1608
f 1608/1608/1608 1611/1611/1611 3015/3015/3015
f 3014/3014/3014 3013/3013/3013 1608/1608/1608
f 2983/2983/2983 3017/3017/3017 3014/3014/3014
f 3015/3015/3015 1611/1611/1611 2982/2982/2982
f 1606/1606/1606 3021/3021/3021 3019/3019/3019
f 3019/3019/3019 2982/2982/2982 1606/1606/1606
f 1601/1601/1601 3025/3025/3025 3021/3021/3021
f 3021/3021/3021 1606/1606/1606 1601/1601/1601
f 1659/1659/1659 3028/3028/3028 3025/3025/3025
f 3025/3025/3025 1601/1601/1601 1659/1659/1659
f 1661/1661/1661 3029/3029/3029 3028/3028/3028
f 3028/3028/3028 1659/1659/1659 1661/1661/1661
f 3032/3032/3032 3031/3031/3031 3029/3029/3029
f 3030/3030/3030 1661/1661/1661 3032/3032/3032
f 2981/2981/2981 3037/3037/3037 3031/3031/3031
f 3031/3031/3031 3032/3032/3032 2981/2981/2981
f 1621/1621/1621 3040/3040/3040 3036/3036/3036
f 3034/3034/3034 2981/2981/2981 1621/1621/1621
f 1619/1619/1619 3042/3042/3042 3040/3040/3040
f 3039/3039/3039 1621/1621/1621 1618/1618/1618
f 1647/1647/1647 3043/3043/3043 3042/3042/3042
f 3041/3041/3041 1618/1618/1618 1647/1647/1647
f 1516/1516/1516 2987/2987/2987 3043/3043/3043
f 3043/3043/3043 1647/1647/1647 1516/1516/1516
f 1895/1895/1895 2759/2759/2759 1948/1948/1948
f 1947/1947/1947 1953/1953/1953 1895/1895/1895
f 2768/2768/2768 2771/2771/2771 1933/1933/1933
f 1933/1933/1933 1912/1912/1912 2768/2768/2768
f 2778/2778/2778 2782/2782/2782 1916/1916/1916
f 1916/1916/1916 1919/1919/1919 2779/2779/2779
f 1829/1829/1829 1929/1929/1929 1931/1931/1931
f 1931/1931/1931 1828/1828/1828 1829/1829/1829
f 2783/2783/2783 1903/1903/1903 1906/1906/1906
f 1906/1906/1906 1916/1916/1916 2782/2782/2782
f 1838/1838/1838 1929/1929/1929 1829/1829/1829
f 2770/2770/2770 2778/2778/2778 1919/1919/1919
f 1918/1918/1918 1932/1932/1932 2769/2769/2769
f 1940/1940/1940 1896/1896/1896 1827/1827/1827
f 1827/1827/1827 1930/1930/1930 1940/1940/1940
f 1954/1954/1954 2072/2072/2072 1892/1892/1892
f 1892/1892/1892 1953/1953/1953 1955/1955/1955
f 2796/2796/2796 2799/2799/2799 1914/1914/1914
f 1914/1914/1914 1956/1956/1956 2796/2796/2796
f 1959/1959/1959 2635/2635/2635 2072/2072/2072
f 2072/2072/2072 1954/1954/1954 1959/1959/1959
f 1967/1967/1967 2812/2812/2812 2796/2796/2796
f 2794/2794/2794 1956/1956/1956 1967/1967/1967
f 1979/1979/1979 2816/2816/2816 2820/2820/2820
f 2821/2821/2821 1974/1974/1974 1978/1978/1978
f 1985/1985/1985 2828/2828/2828 2831/2831/2831
f 2833/2833/2833 1984/1984/1984 1986/1986/1986
f 1988/1988/1988 1992/1992/1992 2828/2828/2828
f 2828/2828/2828 1987/1987/1987 1988/1988/1988
f 1984/1984/1984 2832/2832/2832 2816/2816/2816
f 2816/2816/2816 1976/1976/1976 1984/1984/1984
f 1988/1988/1988 1991/1991/1991 2636/2636/2636
f 2635/2635/2635 1959/1959/1959 1989/1989/1989
f 1975/1975/1975 2820/2820/2820 2809/2809/2809
f 2809/2809/2809 1968/1968/1968 1974/1974/1974
f 1836/1836/1836 1829/1829/1829 1830/1830/1830
f 2171/2171/2171 2842/2842/2842 2843/2843/2843
f 2844/2844/2844 2144/2144/2144 2171/2171/2171
f 2174/2174/2174 2887/2887/2887 2842/2842/2842
f 2842/2842/2842 2171/2171/2171 2174/2174/2174
f 3044/3044/3044 2944/2944/2944 2886/2886/2886
f 2886/2886/2886 2174/2174/2174 3044/3044/3044
f 2170/2170/2170 2878/2878/2878 2944/2944/2944
f 2944/2944/2944 3044/3044/3044 2170/2170/2170
f 1997/1997/1997 2877/2877/2877 2878/2878/2878
f 2878/2878/2878 2170/2170/2170 1997/1997/1997
f 2001/2001/2001 2928/2928/2928 2875/2875/2875
f 2873/2873/2873 1996/1996/1996 2000/2000/2000
f 2629/2629/2629 2924/2924/2924 2928/2928/2928
f 2927/2927/2927 2001/2001/2001 2629/2629/2629
f 2630/2630/2630 2936/2936/2936 2925/2925/2925
f 2925/2925/2925 2629/2629/2629 2631/2631/2631
f 2616/2616/2616 2917/2917/2917 2936/2936/2936
f 2936/2936/2936 2630/2630/2630 2617/2617/2617
f 2619/2619/2619 2908/2908/2908 2918/2918/2918
f 2918/2918/2918 2616/2616/2616 2618/2618/2618
f 2626/2626/2626 2904/2904/2904 2908/2908/2908
f 2908/2908/2908 2619/2619/2619 2625/2625/2625
f 2167/2167/2167 2864/2864/2864 2904/2904/2904
f 2904/2904/2904 2627/2627/2627 2167/2167/2167
f 2161/2161/2161 2861/2861/2861 2865/2865/2865
f 2864/2864/2864 2167/2167/2167 2161/2161/2161
f 2620/2620/2620 2892/2892/2892 2862/2862/2862
f 2862/2862/2862 2160/2160/2160 2621/2621/2621
f 2623/2623/2623 2897/2897/2897 2891/2891/2891
f 2891/2891/2891 2620/2620/2620 2623/2623/2623
f 2158/2158/2158 2852/2852/2852 2896/2896/2896
f 2896/2896/2896 2623/2623/2623 2159/2159/2159
f 2157/2157/2157 2849/2849/2849 2852/2852/2852
f 2853/2853/2853 2159/2159/2159 2157/2157/2157
f 2743/2743/2743 2966/2966/2966 2849/2849/2849
f 2849/2849/2849 2157/2157/2157 2743/2743/2743
f 2741/2741/2741 2958/2958/2958 2965/2965/2965
f 2966/2966/2966 2743/2743/2743 2741/2741/2741
f 2738/2738/2738 2953/2953/2953 2959/2959/2959
f 2961/2961/2961 2741/2741/2741 2738/2738/2738
f 2146/2146/2146 2949/2949/2949 2953/2953/2953
f 2952/2952/2952 2738/2738/2738 2146/2146/2146
f 2144/2144/2144 2843/2843/2843 2948/2948/2948
f 2948/2948/2948 2146/2146/2146 2144/2144/2144
f 1177/1177/1177 1172/1172/1172 1182/1182/1182
f 2103/2103/2103 2074/2074/2074 2090/2090/2090
f 2090/2090/2090 2101/2101/2101 2103/2103/2103
f 2086/2086/2086 2081/2081/2081 2114/2114/2114
f 2114/2114/2114 2116/2116/2116 2086/2086/2086
f 2116/2116/2116 2141/2141/2141 2637/2637/2637
f 2080/2080/2080 2074/2074/2074 2103/2103/2103
f 2104/2104/2104 2114/2114/2114 2080/2080/2080
f 1937/1937/1937 2792/2792/2792 2757/2757/2757
f 2757/2757/2757 2758/2758/2758 1936/1936/1936
f 1895/1895/1895 1940/1940/1940 1939/1939/1939
f 1939/1939/1939 2759/2759/2759 1895/1895/1895
f 1146/1146/1146 1135/1135/1135 1127/1127/1127
f 1127/1127/1127 1131/1131/1131 1145/1145/1145
f 1118/1118/1118 1133/1133/1133 1126/1126/1126
f 1120/1120/1120 1124/1124/1124 1134/1134/1134
f 1107/1107/1107 1124/1124/1124 1116/1116/1116
f 1108/1108/1108 1113/1113/1113 1124/1124/1124
f 1356/1356/1356 1347/1347/1347 1338/1338/1338
f 1338/1338/1338 1343/1343/1343 1356/1356/1356
f 1352/1352/1352 1113/1113/1113 1105/1105/1105
f 1350/1350/1350 1356/1356/1356 1113/1113/1113
f 1333/1333/1333 1323/1323/1323 1314/1314/1314
f 1314/1314/1314 1318/1318/1318 1333/1333/1333
f 1320/1320/1320 1309/1309/1309 1302/1302/1302
f 1301/1301/1301 1304/1304/1304 1320/1320/1320
f 1285/1285/1285 1274/1274/1274 1265/1265/1265
f 1263/1263/1263 1266/1266/1266 1283/1283/1283
f 1270/1270/1270 1261/1261/1261 1253/1253/1253
f 1253/1253/1253 1255/1255/1255 1270/1270/1270
f 1258/1258/1258 1251/1251/1251 1240/1240/1240
f 1240/1240/1240 1242/1242/1242 1257/1257/1257
f 1247/1247/1247 1237/1237/1237 1229/1229/1229
f 1227/1227/1227 1233/1233/1233 1245/1245/1245
f 1217/1217/1217 1235/1235/1235 1224/1224/1224
f 1221/1221/1221 1214/1214/1214 1209/1209/1209
f 1207/1207/1207 1420/1420/1420 1223/1223/1223
f 1203/1203/1203 1197/1197/1197 1200/1200/1200
f 1200/1200/1200 1213/1213/1213 1204/1204/1204
f 1217/1217/1217 1222/1222/1222 1235/1235/1235
f 1186/1186/1186 1187/1187/1187 3046/3046/3046
f 2116/2116/2116 2637/2637/2637 2088/2088/2088
f 1750/1750/1750 1210/1210/1210 1216/1216/1216
f 1208/1208/1208 1748/1748/1748 1205/1205/1205
f 1198/1198/1198 1747/1747/1747 3049/3049/3049
f 1196/1196/1196 3048/3048/3048 1194/1194/1194
f 1754/1754/1754 1228/1228/1228 1236/1236/1236
f 1228/1228/1228 1751/1751/1751 1226/1226/1226
f 1756/1756/1756 1239/1239/1239 1250/1250/1250
f 1758/1758/1758 1252/1252/1252 1262/1262/1262
f 1252/1252/1252 1756/1756/1756 1249/1249/1249
f 1239/1239/1239 1754/1754/1754 1238/1238/1238
f 1761/1761/1761 1264/1264/1264 1275/1275/1275
f 1763/1763/1763 1276/1276/1276 1287/1287/1287
f 1276/1276/1276 1761/1761/1761 1273/1273/1273
f 1264/1264/1264 1758/1758/1758 1260/1260/1260
f 1764/1764/1764 1288/1288/1288 1767/1767/1767
f 1768/1768/1768 1288/1288/1288 1296/1296/1296
f 1765/1765/1765 1299/1299/1299 1310/1310/1310
f 1765/1765/1765 1313/1313/1313 1771/1771/1771
f 1772/1772/1772 1313/1313/1313 1322/1322/1322
f 1299/1299/1299 1770/1770/1770 1298/1298/1298
f 1772/1772/1772 1328/1328/1328 1774/1774/1774
f 1774/1774/1774 1326/1326/1326 1334/1334/1334
f 1774/1774/1774 1339/1339/1339 1776/1776/1776
f 1776/1776/1776 1339/1339/1339 1349/1349/1349
f 2797/2797/2797 2800/2800/2800 2765/2765/2765
f 2765/2765/2765 2767/2767/2767 2798/2798/2798
f 1912/1912/1912 1915/1915/1915 2798/2798/2798
f 2798/2798/2798 2768/2768/2768 1912/1912/1912
f 1935/1935/1935 1911/1911/1911 1933/1933/1933
f 1909/1909/1909 1913/1913/1913 1935/1935/1935
f 1894/1894/1894 1896/1896/1896 1940/1940/1940
f 1892/1892/1892 1895/1895/1895 1953/1953/1953
f 2085/2085/2085 2088/2088/2088 2637/2637/2637
f 1485/1485/1485 1492/1492/1492 1364/1364/1364
f 3005/3005/3005 2984/2984/2984 2985/2985/2985
f 3051/3051/3051 1624/1624/1624 3053/3053/3053
f 1626/1626/1626 1627/1627/1627 1634/1634/1634
f 1624/1624/1624 1625/1625/1625 3053/3053/3053
f 1635/1635/1635 1629/1629/1629 1656/1656/1656
f 1168/1168/1168 1708/1708/1708 1378/1378/1378
f 1377/1377/1377 1176/1176/1176 1167/1167/1167
f 1176/1176/1176 1377/1377/1377 1381/1381/1381
f 1381/1381/1381 1385/1385/1385 1175/1175/1175
f 1534/1534/1534 1537/1537/1537 1387/1387/1387
f 1387/1387/1387 1384/1384/1384 1534/1534/1534
f 1715/1715/1715 1167/1167/1167 1169/1169/1169
f 1169/1169/1169 3054/3054/3054 1715/1715/1715
f 2015/2015/2015 2026/2026/2026 2029/2029/2029
f 2029/2029/2029 2024/2024/2024 2015/2015/2015
f 3057/3057/3057 3064/3064/3064 3063/3063/3063
f 3062/3062/3062 3059/3059/3059 3057/3057/3057
f 2280/2280/2280 2333/2333/2333 2331/2331/2331
f 2330/2330/2330 2328/2328/2328 2280/2280/2280
f 1510/1510/1510 3068/3068/3068 1509/1509/1509
f 3067/3067/3067 1510/1510/1510 3069/3069/3069
f 1658/1658/1658 3069/3069/3069 1657/1657/1657
f 3069/3069/3069 1658/1658/1658 3067/3067/3067
f 1647/1647/1647 1620/1620/1620 3070/3070/3070
f 1620/1620/1620 1622/1622/1622 3071/3071/3071
f 1545/1545/1545 1592/1592/1592 1540/1540/1540
f 1520/1520/1520 1523/1523/1523 1655/1655/1655
f 3075/3075/3075 3074/3074/3074 3072/3072/3072
f 3072/3072/3072 3078/3078/3078 3075/3075/3075
f 3079/3079/3079 3072/3072/3072 3080/3080/3080
f 3080/3080/3080 3082/3082/3082 3077/3077/3077
f 3083/3083/3083 3080/3080/3080 1639/1639/1639
f 1639/1639/1639 3085/3085/3085 3083/3083/3083
f 3085/3085/3085 1639/1639/1639 3086/3086/3086
f 3086/3086/3086 3089/3089/3089 3084/3084/3084
f 3089/3089/3089 3086/3086/3086 3090/3090/3090
f 3091/3091/3091 3094/3094/3094 3088/3088/3088
f 3094/3094/3094 3091/3091/3091 3095/3095/3095
f 3095/3095/3095 3100/3100/3100 3092/3092/3092
f 3098/3098/3098 3096/3096/3096 3101/3101/3101
f 3101/3101/3101 3103/3103/3103 3098/3098/3098
f 3102/3102/3102 3101/3101/3101 3104/3104/3104
f 3104/3104/3104 3108/3108/3108 3102/3102/3102
f 3108/3108/3108 3104/3104/3104 3109/3109/3109
f 3109/3109/3109 3111/3111/3111 3106/3106/3106
f 3111/3111/3111 3109/3109/3109 3115/3115/3115
f 3115/3115/3115 3116/3116/3116 3111/3111/3111
f 3117/3117/3117 3114/3114/3114 3051/3051/3051
f 3052/3052/3052 3120/3120/3120 3118/3118/3118
f 3122/3122/3122 3052/3052/3052 3053/3053/3053
f 3053/3053/3053 3124/3124/3124 3122/3122/3122
f 3124/3124/3124 3053/3053/3053 1626/1626/1626
f 1626/1626/1626 3127/3127/3127 3124/3124/3124
f 3127/3127/3127 1626/1626/1626 1634/1634/1634
f 1634/1634/1634 3129/3129/3129 3127/3127/3127
f 3129/3129/3129 1634/1634/1634 1635/1635/1635
f 1636/1636/1636 3132/3132/3132 3129/3129/3129
f 3132/3132/3132 1635/1635/1635 1656/1656/1656
f 1656/1656/1656 3136/3136/3136 3131/3131/3131
f 3136/3136/3136 1656/1656/1656 3138/3138/3138
f 3138/3138/3138 3142/3142/3142 3137/3137/3137
f 3140/3140/3140 3138/3138/3138 3143/3143/3143
f 3143/3143/3143 3146/3146/3146 3141/3141/3141
f 3146/3146/3146 3143/3143/3143 3147/3147/3147
f 3147/3147/3147 3150/3150/3150 3146/3146/3146
f 3150/3150/3150 3147/3147/3147 3154/3154/3154
f 3154/3154/3154 3157/3157/3157 3151/3151/3151
f 3155/3155/3155 3152/3152/3152 3158/3158/3158
f 3159/3159/3159 3161/3161/3161 3157/3157/3157
f 3161/3161/3161 3159/3159/3159 3163/3163/3163
f 3162/3162/3162 3164/3164/3164 3161/3161/3161
f 3164/3164/3164 3162/3162/3162 3166/3166/3166
f 3166/3166/3166 3169/3169/3169 3165/3165/3165
f 3169/3169/3169 3166/3166/3166 3074/3074/3074
f 3074/3074/3074 3075/3075/3075 3169/3169/3169
f 3176/3176/3176 3173/3173/3173 3170/3170/3170
f 3171/3171/3171 3180/3180/3180 3176/3176/3176
f 3178/3178/3178 3170/3170/3170 3181/3181/3181
f 3181/3181/3181 3182/3182/3182 3179/3179/3179
f 3182/3182/3182 3181/3181/3181 3184/3184/3184
f 3184/3184/3184 3186/3186/3186 3182/3182/3182
f 3186/3186/3186 3184/3184/3184 3187/3187/3187
f 3187/3187/3187 3190/3190/3190 3186/3186/3186
f 3189/3189/3189 3187/3187/3187 3191/3191/3191
f 3191/3191/3191 3192/3192/3192 3190/3190/3190
f 3193/3193/3193 3191/3191/3191 3195/3195/3195
f 3194/3194/3194 3197/3197/3197 3192/3192/3192
f 3197/3197/3197 3195/3195/3195 3198/3198/3198
f 3199/3199/3199 3203/3203/3203 3197/3197/3197
f 3201/3201/3201 3199/3199/3199 3205/3205/3205
f 3204/3204/3204 3206/3206/3206 3203/3203/3203
f 3206/3206/3206 3204/3204/3204 3207/3207/3207
f 3207/3207/3207 3209/3209/3209 3206/3206/3206
f 3211/3211/3211 3207/3207/3207 1654/1654/1654
f 1654/1654/1654 3213/3213/3213 3209/3209/3209
f 3212/3212/3212 1654/1654/1654 1522/1522/1522
f 1522/1522/1522 3216/3216/3216 3213/3213/3213
f 3216/3216/3216 1522/1522/1522 1524/1524/1524
f 1524/1524/1524 3218/3218/3218 3216/3216/3216
f 3218/3218/3218 1524/1524/1524 1653/1653/1653
f 1653/1653/1653 3221/3221/3221 3218/3218/3218
f 3221/3221/3221 1653/1653/1653 1648/1648/1648
f 1648/1648/1648 3223/3223/3223 3221/3221/3221
f 3223/3223/3223 1648/1648/1648 1657/1657/1657
f 1657/1657/1657 3226/3226/3226 3224/3224/3224
f 3226/3226/3226 1657/1657/1657 3069/3069/3069
f 3069/3069/3069 3229/3229/3229 3226/3226/3226
f 3229/3229/3229 3069/3069/3069 1510/1510/1510
f 1510/1510/1510 3231/3231/3231 3230/3230/3230
f 3231/3231/3231 1510/1510/1510 1511/1511/1511
f 1511/1511/1511 3235/3235/3235 3232/3232/3232
f 3234/3234/3234 1511/1511/1511 3237/3237/3237
f 3236/3236/3236 3239/3239/3239 3234/3234/3234
f 3238/3238/3238 3236/3236/3236 3241/3241/3241
f 3241/3241/3241 3242/3242/3242 3238/3238/3238
f 3242/3242/3242 3240/3240/3240 3245/3245/3245
f 3245/3245/3245 3248/3248/3248 3242/3242/3242
f 3246/3246/3246 3244/3244/3244 3252/3252/3252
f 3252/3252/3252 3255/3255/3255 3248/3248/3248
f 3255/3255/3255 3250/3250/3250 3257/3257/3257
f 3257/3257/3257 3258/3258/3258 3255/3255/3255
f 3258/3258/3258 3257/3257/3257 3259/3259/3259
f 3259/3259/3259 3261/3261/3261 3258/3258/3258
f 3261/3261/3261 3259/3259/3259 3264/3264/3264
f 3264/3264/3264 3266/3266/3266 3261/3261/3261
f 3266/3266/3266 3263/3263/3263 3174/3174/3174
f 3174/3174/3174 3175/3175/3175 3266/3266/3266
f 3269/3269/3269 1512/1512/1512 1508/1508/1508
f 1508/1508/1508 3272/3272/3272 3269/3269/3269
f 3272/3272/3272 1508/1508/1508 3067/3067/3067
f 3067/3067/3067 3273/3273/3273 3272/3272/3272
f 3273/3273/3273 3066/3066/3066 1658/1658/1658
f 1658/1658/1658 3274/3274/3274 3273/3273/3273
f 3274/3274/3274 1658/1658/1658 1649/1649/1649
f 1649/1649/1649 3275/3275/3275 3274/3274/3274
f 3275/3275/3275 1649/1649/1649 3070/3070/3070
f 3070/3070/3070 3278/3278/3278 3276/3276/3276
f 3278/3278/3278 3070/3070/3070 1620/1620/1620
f 1620/1620/1620 3280/3280/3280 3278/3278/3278
f 3282/3282/3282 1620/1620/1620 3071/3071/3071
f 3071/3071/3071 3285/3285/3285 3283/3283/3283
f 3285/3285/3285 3071/3071/3071 3288/3288/3288
f 3288/3288/3288 3291/3291/3291 3285/3285/3285
f 3290/3290/3290 3288/3288/3288 3293/3293/3293
f 3294/3294/3294 3296/3296/3296 3292/3292/3292
f 3297/3297/3297 3293/3293/3293 1599/1599/1599
f 1599/1599/1599 3299/3299/3299 3297/3297/3297
f 3299/3299/3299 1599/1599/1599 1584/1584/1584
f 1584/1584/1584 3304/3304/3304 3300/3300/3300
f 3304/3304/3304 1584/1584/1584 1586/1586/1586
f 1586/1586/1586 3307/3307/3307 3304/3304/3304
f 3306/3306/3306 1586/1586/1586 1587/1587/1587
f 1587/1587/1587 3311/3311/3311 3308/3308/3308
f 3310/3310/3310 1587/1587/1587 1591/1591/1591
f 1591/1591/1591 3313/3313/3313 3311/3311/3311
f 3314/3314/3314 1589/1589/1589 1593/1593/1593
f 1593/1593/1593 3315/3315/3315 3314/3314/3314
f 3315/3315/3315 1592/1592/1592 1595/1595/1595
f 1594/1594/1594 3317/3317/3317 3316/3316/3316
f 3317/3317/3317 1594/1594/1594 1597/1597/1597
f 1596/1596/1596 3320/3320/3320 3317/3317/3317
f 3321/3321/3321 1596/1596/1596 1598/1598/1598
f 1598/1598/1598 3322/3322/3322 3318/3318/3318
f 3322/3322/3322 1598/1598/1598 1643/1643/1643
f 1643/1643/1643 3324/3324/3324 3322/3322/3322
f 3325/3325/3325 1643/1643/1643 1644/1644/1644
f 1644/1644/1644 3327/3327/3327 3324/3324/3324
f 3327/3327/3327 1645/1645/1645 1583/1583/1583
f 1583/1583/1583 3330/3330/3330 3328/3328/3328
f 3329/3329/3329 1583/1583/1583 1577/1577/1577
f 1577/1577/1577 3332/3332/3332 3330/3330/3330
f 3332/3332/3332 1577/1577/1577 3336/3336/3336
f 3336/3336/3336 3337/3337/3337 3333/3333/3333
f 3337/3337/3337 3334/3334/3334 1513/1513/1513
f 1513/1513/1513 3268/3268/3268 3337/3337/3337
f 1539/1539/1539 1642/1642/1642 1598/1598/1598
f 1538/1538/1538 1581/1581/1581 1539/1539/1539
f 3236/3236/3236 1514/1514/1514 3336/3336/3336
f 1514/1514/1514 3236/3236/3236 1511/1511/1511
f 1541/1541/1541 1592/1592/1592 1590/1590/1590
f 1542/1542/1542 1588/1588/1588 1546/1546/1546
f 1546/1546/1546 1588/1588/1588 1586/1586/1586
f 1545/1545/1545 1597/1597/1597 1595/1595/1595
f 1539/1539/1539 1597/1597/1597 1544/1544/1544
f 1546/1546/1546 1585/1585/1585 1599/1599/1599
f 3071/3071/3071 1622/1622/1622 3288/3288/3288
f 1647/1647/1647 3070/3070/3070 1650/1650/1650
f 3144/3144/3144 3199/3199/3199 3147/3147/3147
f 3200/3200/3200 3143/3143/3143 3205/3205/3205
f 3147/3147/3147 3195/3195/3195 3153/3153/3153
f 3195/3195/3195 3147/3147/3147 3199/3199/3199
f 3154/3154/3154 3191/3191/3191 3159/3159/3159
f 3191/3191/3191 3154/3154/3154 3195/3195/3195
f 3159/3159/3159 3187/3187/3187 3163/3163/3163
f 3187/3187/3187 3159/3159/3159 3191/3191/3191
f 1686/1686/1686 3163/3163/3163 3187/3187/3187
f 3163/3163/3163 1686/1686/1686 1694/1694/1694
f 3138/3138/3138 1655/1655/1655 3207/3207/3207
f 1654/1654/1654 3139/3139/3139 1656/1656/1656
f 3138/3138/3138 3205/3205/3205 3144/3144/3144
f 3205/3205/3205 3138/3138/3138 3207/3207/3207
f 3074/3074/3074 1696/1696/1696 3073/3073/3073
f 3163/3163/3163 1694/1694/1694 3167/3167/3167
f 1695/1695/1695 3167/3167/3167 1694/1694/1694
f 3167/3167/3167 1695/1695/1695 3074/3074/3074
f 1638/1638/1638 3073/3073/3073 1696/1696/1696
f 3073/3073/3073 1637/1637/1637 3080/3080/3080
f 3080/3080/3080 1637/1637/1637 1640/1640/1640
f 1673/1673/1673 3338/3338/3338 1490/1490/1490
f 3172/3172/3172 1685/1685/1685 3181/3181/3181
f 3181/3181/3181 1684/1684/1684 1686/1686/1686
f 3184/3184/3184 1686/1686/1686 3187/3187/3187
f 3174/3174/3174 1684/1684/1684 3172/3172/3172
f 3259/3259/3259 1691/1691/1691 3264/3264/3264
f 3264/3264/3264 1691/1691/1691 3174/3174/3174
f 3174/3174/3174 1692/1692/1692 1685/1685/1685
f 3181/3181/3181 1686/1686/1686 3184/3184/3184
f 3236/3236/3236 3335/3335/3335 3240/3240/3240
f 3240/3240/3240 3338/3338/3338 3243/3243/3243
f 3243/3243/3243 3338/3338/3338 3252/3252/3252
f 1691/1691/1691 3259/3259/3259 1674/1674/1674
f 3256/3256/3256 3338/3338/3338 3259/3259/3259
f 3251/3251/3251 3338/3338/3338 3256/3256/3256
f 1490/1490/1490 1527/1527/1527 1493/1493/1493
f 3338/3338/3338 3335/3335/3335 1581/1581/1581
f 3335/3335/3335 3338/3338/3338 3240/3240/3240
f 1647/1647/1647 1652/1652/1652 1516/1516/1516
f 1517/1517/1517 1652/1652/1652 1524/1524/1524
f 1800/1800/1800 3341/3341/3341 3050/3050/3050
f 3345/3345/3345 3044/3044/3044 2175/2175/2175
f 2175/2175/2175 1796/1796/1796 3345/3345/3345
f 3349/3349/3349 3347/3347/3347 2732/2732/2732
f 2732/2732/2732 2733/2733/2733 3350/3350/3350
f 2672/2672/2672 1739/1739/1739 1742/1742/1742
f 1743/1743/1743 3351/3351/3351 2672/2672/2672
f 3049/3049/3049 1747/1747/1747 2717/2717/2717
f 3050/3050/3050 3341/3341/3341 3354/3354/3354
f 2990/2990/2990 3358/3358/3358 3356/3356/3356
f 3357/3357/3357 2989/2989/2989 2990/2990/2990
f 2992/2992/2992 3361/3361/3361 3358/3358/3358
f 3359/3359/3359 2990/2990/2990 2992/2992/2992
f 2994/2994/2994 3367/3367/3367 3364/3364/3364
f 3362/3362/3362 2993/2993/2993 2994/2994/2994
f 2997/2997/2997 3368/3368/3368 3366/3366/3366
f 3366/3366/3366 2995/2995/2995 2996/2996/2996
f 2998/2998/2998 3373/3373/3373 3369/3369/3369
f 3368/3368/3368 2996/2996/2996 2998/2998/2998
f 3000/3000/3000 3377/3377/3377 3373/3373/3373
f 3373/3373/3373 2999/2999/2999 3002/3002/3002
f 3008/3008/3008 3380/3380/3380 3376/3376/3376
f 3377/3377/3377 3000/3000/3000 3006/3006/3006
f 3012/3012/3012 3384/3384/3384 3379/3379/3379
f 3380/3380/3380 3006/3006/3006 3011/3011/3011
f 3016/3016/3016 3387/3387/3387 3384/3384/3384
f 3384/3384/3384 3012/3012/3012 3016/3016/3016
f 3018/3018/3018 3389/3389/3389 3386/3386/3386
f 3387/3387/3387 3016/3016/3016 3020/3020/3020
f 3022/3022/3022 3391/3391/3391 3389/3389/3389
f 3390/3390/3390 3017/3017/3017 3021/3021/3021
f 3023/3023/3023 3395/3395/3395 3391/3391/3391
f 3391/3391/3391 3022/3022/3022 3023/3023/3023
f 3027/3027/3027 3398/3398/3398 3395/3395/3395
f 3395/3395/3395 3024/3024/3024 3026/3026/3026
f 3029/3029/3029 3400/3400/3400 3398/3398/3398
f 3398/3398/3398 3026/3026/3026 3029/3029/3029
f 3031/3031/3031 3403/3403/3403 3400/3400/3400
f 3400/3400/3400 3029/3029/3029 3031/3031/3031
f 3035/3035/3035 3406/3406/3406 3403/3403/3403
f 3403/3403/3403 3031/3031/3031 3034/3034/3034
f 3038/3038/3038 3409/3409/3409 3406/3406/3406
f 3406/3406/3406 3034/3034/3034 3039/3039/3039
f 3042/3042/3042 3412/3412/3412 3410/3410/3410
f 3409/3409/3409 3038/3038/3038 3042/3042/3042
f 3043/3043/3043 3414/3414/3414 3412/3412/3412
f 3412/3412/3412 3042/3042/3042 3043/3043/3043
f 2987/2987/2987 3357/3357/3357 3416/3416/3416
f 3414/3414/3414 3043/3043/3043 2987/2987/2987
f 3076/3076/3076 3420/3420/3420 3418/3418/3418
f 3419/3419/3419 3075/3075/3075 3076/3076/3076
f 3081/3081/3081 3422/3422/3422 3420/3420/3420
f 3420/3420/3420 3076/3076/3076 3081/3081/3081
f 3084/3084/3084 3424/3424/3424 3422/3422/3422
f 3422/3422/3422 3081/3081/3081 3084/3084/3084
f 3087/3087/3087 3428/3428/3428 3425/3425/3425
f 3425/3425/3425 3084/3084/3084 3087/3087/3087
f 3093/3093/3093 3432/3432/3432 3427/3427/3427
f 3428/3428/3428 3087/3087/3087 3092/3092/3092
f 3099/3099/3099 3434/3434/3434 3432/3432/3432
f 3431/3431/3431 3092/3092/3092 3097/3097/3097
f 3103/3103/3103 3440/3440/3440 3437/3437/3437
f 3435/3435/3435 3099/3099/3099 3103/3103/3103
f 3105/3105/3105 3444/3444/3444 3439/3439/3439
f 3440/3440/3440 3103/3103/3103 3107/3107/3107
f 3110/3110/3110 3447/3447/3447 3443/3443/3443
f 3443/3443/3443 3107/3107/3107 3112/3112/3112
f 3117/3117/3117 3449/3449/3449 3447/3447/3447
f 3448/3448/3448 3110/3110/3110 3117/3117/3117
f 3119/3119/3119 3453/3453/3453 3451/3451/3451
f 3451/3451/3451 3117/3117/3117 3122/3122/3122
f 3123/3123/3123 3455/3455/3455 3453/3453/3453
f 3453/3453/3453 3121/3121/3121 3125/3125/3125
f 3126/3126/3126 3456/3456/3456 3454/3454/3454
f 3455/3455/3455 3123/3123/3123 3127/3127/3127
f 3129/3129/3129 3457/3457/3457 3456/3456/3456
f 3456/3456/3456 3128/3128/3128 3130/3130/3130
f 3131/3131/3131 3459/3459/3459 3457/3457/3457
f 3457/3457/3457 3130/3130/3130 3131/3131/3131
f 3133/3133/3133 3462/3462/3462 3459/3459/3459
f 3458/3458/3458 3131/3131/3131 3134/3134/3134
f 3140/3140/3140 3463/3463/3463 3462/3462/3462
f 3462/3462/3462 3135/3135/3135 3140/3140/3140
f 3145/3145/3145 3465/3465/3465 3463/3463/3463
f 3463/3463/3463 3140/3140/3140 3145/3145/3145
f 3151/3151/3151 3467/3467/3467 3465/3465/3465
f 3465/3465/3465 3145/3145/3145 3148/3148/3148
f 3156/3156/3156 3470/3470/3470 3467/3467/3467
f 3467/3467/3467 3149/3149/3149 3156/3156/3156
f 3160/3160/3160 3472/3472/3472 3469/3469/3469
f 3470/3470/3470 3156/3156/3156 3161/3161/3161
f 3165/3165/3165 3474/3474/3474 3472/3472/3472
f 3472/3472/3472 3160/3160/3160 3165/3165/3165
f 3168/3168/3168 3476/3476/3476 3474/3474/3474
f 3474/3474/3474 3165/3165/3165 3169/3169/3169
f 3075/3075/3075 3418/3418/3418 3476/3476/3476
f 3477/3477/3477 3169/3169/3169 3075/3075/3075
f 3178/3178/3178 3481/3481/3481 3479/3479/3479
f 3479/3479/3479 3176/3176/3176 3178/3178/3178
f 3182/3182/3182 3485/3485/3485 3483/3483/3483
f 3481/3481/3481 3177/3177/3177 3183/3183/3183
f 3185/3185/3185 3488/3488/3488 3484/3484/3484
f 3484/3484/3484 3183/3183/3183 3185/3185/3185
f 3190/3190/3190 3494/3494/3494 3488/3488/3488
f 3488/3488/3488 3186/3186/3186 3190/3190/3190
f 3193/3193/3193 3496/3496/3496 3492/3492/3492
f 3491/3491/3491 3188/3188/3188 3192/3192/3192
f 3197/3197/3197 3499/3499/3499 3496/3496/3496
f 3496/3496/3496 3192/3192/3192 3196/3196/3196
f 3202/3202/3202 3503/3503/3503 3499/3499/3499
f 3499/3499/3499 3197/3197/3197 3201/3201/3201
f 3206/3206/3206 3507/3507/3507 3502/3502/3502
f 3503/3503/3503 3202/3202/3202 3206/3206/3206
f 3208/3208/3208 3509/3509/3509 3505/3505/3505
f 3507/3507/3507 3206/3206/3206 3209/3209/3209
f 3212/3212/3212 3511/3511/3511 3509/3509/3509
f 3509/3509/3509 3210/3210/3210 3214/3214/3214
f 3215/3215/3215 3512/3512/3512 3511/3511/3511
f 3511/3511/3511 3214/3214/3214 3216/3216/3216
f 3218/3218/3218 3516/3516/3516 3513/3513/3513
f 3514/3514/3514 3216/3216/3216 3219/3219/3219
f 3220/3220/3220 3520/3520/3520 3516/3516/3516
f 3516/3516/3516 3217/3217/3217 3221/3221/3221
f 3224/3224/3224 3521/3521/3521 3519/3519/3519
f 3520/3520/3520 3222/3222/3222 3224/3224/3224
f 3225/3225/3225 3524/3524/3524 3521/3521/3521
f 3522/3522/3522 3224/3224/3224 3225/3225/3225
f 3227/3227/3227 3527/3527/3527 3524/3524/3524
f 3524/3524/3524 3225/3225/3225 3227/3227/3227
f 3231/3231/3231 3530/3530/3530 3529/3529/3529
f 3526/3526/3526 3228/3228/3228 3231/3231/3231
f 3234/3234/3234 3534/3534/3534 3531/3531/3531
f 3530/3530/3530 3232/3232/3232 3233/3233/3233
f 3239/3239/3239 3537/3537/3537 3533/3533/3533
f 3534/3534/3534 3233/3233/3233 3238/3238/3238
f 3242/3242/3242 3541/3541/3541 3538/3538/3538
f 3536/3536/3536 3238/3238/3238 3242/3242/3242
f 3249/3249/3249 3544/3544/3544 3541/3541/3541
f 3541/3541/3541 3242/3242/3242 3247/3247/3247
f 3254/3254/3254 3545/3545/3545 3544/3544/3544
f 3544/3544/3544 3247/3247/3247 3254/3254/3254
f 3258/3258/3258 3546/3546/3546 3545/3545/3545
f 3545/3545/3545 3253/3253/3253 3258/3258/3258
f 3260/3260/3260 3549/3549/3549 3547/3547/3547
f 3547/3547/3547 3258/3258/3258 3262/3262/3262
f 3265/3265/3265 3551/3551/3551 3549/3549/3549
f 3549/3549/3549 3260/3260/3260 3266/3266/3266
f 3176/3176/3176 3479/3479/3479 3551/3551/3551
f 3551/3551/3551 3266/3266/3266 3176/3176/3176
f 3271/3271/3271 3558/3558/3558 3554/3554/3554
f 3556/3556/3556 3269/3269/3269 3270/3270/3270
f 3273/3273/3273 3562/3562/3562 3557/3557/3557
f 3557/3557/3557 3270/3270/3270 3273/3273/3273
f 3274/3274/3274 3566/3566/3566 3562/3562/3562
f 3560/3560/3560 3273/3273/3273 3274/3274/3274
f 3275/3275/3275 3568/3568/3568 3565/3565/3565
f 3565/3565/3565 3274/3274/3274 3275/3275/3275
f 3279/3279/3279 3572/3572/3572 3568/3568/3568
f 3569/3569/3569 3275/3275/3275 3278/3278/3278
f 3280/3280/3280 3575/3575/3575 3574/3574/3574
f 3572/3572/3572 3277/3277/3277 3280/3280/3280
f 3284/3284/3284 3577/3577/3577 3575/3575/3575
f 3575/3575/3575 3281/3281/3281 3286/3286/3286
f 3289/3289/3289 3579/3579/3579 3577/3577/3577
f 3577/3577/3577 3285/3285/3285 3291/3291/3291
f 3296/3296/3296 3581/3581/3581 3579/3579/3579
f 3580/3580/3580 3291/3291/3291 3295/3295/3295
f 3300/3300/3300 3585/3585/3585 3583/3583/3583
f 3582/3582/3582 3297/3297/3297 3298/3298/3298
f 3301/3301/3301 3587/3587/3587 3585/3585/3585
f 3585/3585/3585 3298/3298/3298 3303/3303/3303
f 3305/3305/3305 3589/3589/3589 3587/3587/3587
f 3587/3587/3587 3302/3302/3302 3306/3306/3306
f 3309/3309/3309 3590/3590/3590 3589/3589/3589
f 3589/3589/3589 3305/3305/3305 3309/3309/3309
f 3312/3312/3312 3591/3591/3591 3590/3590/3590
f 3590/3590/3590 3309/3309/3309 3312/3312/3312
f 3315/3315/3315 3593/3593/3593 3591/3591/3591
f 3591/3591/3591 3312/3312/3312 3315/3315/3315
f 3317/3317/3317 3596/3596/3596 3593/3593/3593
f 3593/3593/3593 3316/3316/3316 3317/3317/3317
f 3319/3319/3319 3597/3597/3597 3595/3595/3595
f 3596/3596/3596 3317/3317/3317 3318/3318/3318
f 3323/3323/3323 3601/3601/3601 3597/3597/3597
f 3597/3597/3597 3319/3319/3319 3323/3323/3323
f 3325/3325/3325 3602/3602/3602 3601/3601/3601
f 3599/3599/3599 3323/3323/3323 3326/3326/3326
f 3327/3327/3327 3606/3606/3606 3603/3603/3603
f 3603/3603/3603 3324/3324/3324 3328/3328/3328
f 3329/3329/3329 3607/3607/3607 3606/3606/3606
f 3606/3606/3606 3327/3327/3327 3329/3329/3329
f 3331/3331/3331 3611/3611/3611 3608/3608/3608
f 3607/3607/3607 3329/3329/3329 3333/3333/3333
f 3337/3337/3337 3613/3613/3613 3612/3612/3612
f 3612/3612/3612 3332/3332/3332 3337/3337/3337
f 3267/3267/3267 3555/3555/3555 3613/3613/3613
f 3613/3613/3613 3337/3337/3337 3267/3267/3267
f 3360/3360/3360 3614/3614/3614 3357/3357/3357
f 3365/3365/3365 3614/3614/3614 3358/3358/3358
f 3367/3367/3367 3614/3614/3614 3363/3363/3363
f 3371/3371/3371 3614/3614/3614 3367/3367/3367
f 3372/3372/3372 3614/3614/3614 3370/3370/3370
f 3375/3375/3375 3614/3614/3614 3374/3374/3374
f 3382/3382/3382 3614/3614/3614 3378/3378/3378
f 3383/3383/3383 3614/3614/3614 3381/3381/3381
f 3386/3386/3386 3614/3614/3614 3384/3384/3384
f 3388/3388/3388 3614/3614/3614 3385/3385/3385
f 3393/3393/3393 3614/3614/3614 3389/3389/3389
f 3394/3394/3394 3614/3614/3614 3392/3392/3392
f 3397/3397/3397 3614/3614/3614 3396/3396/3396
f 3402/3402/3402 3614/3614/3614 3399/3399/3399
f 3405/3405/3405 3614/3614/3614 3401/3401/3401
f 3407/3407/3407 3614/3614/3614 3404/3404/3404
f 3408/3408/3408 3614/3614/3614 3407/3407/3407
f 3412/3412/3412 3614/3614/3614 3411/3411/3411
f 3417/3417/3417 3614/3614/3614 3413/3413/3413
f 3357/3357/3357 3614/3614/3614 3415/3415/3415
f 3421/3421/3421 3616/3616/3616 3419/3419/3419
f 3422/3422/3422 3617/3617/3617 3421/3421/3421
f 3426/3426/3426 3618/3618/3618 3423/3423/3423
f 3430/3430/3430 3616/3616/3616 3426/3426/3426
f 3433/3433/3433 3618/3618/3618 3429/3429/3429
f 3438/3438/3438 3618/3618/3618 3433/3433/3433
f 3441/3441/3441 3618/3618/3618 3436/3436/3436
f 3442/3442/3442 3618/3618/3618 3441/3441/3441
f 3446/3446/3446 3618/3618/3618 3445/3445/3445
f 3451/3451/3451 3615/3615/3615 3448/3448/3448
f 3452/3452/3452 3618/3618/3618 3450/3450/3450
f 3454/3454/3454 3618/3618/3618 3453/3453/3453
f 3456/3456/3456 3618/3618/3618 3455/3455/3455
f 3457/3457/3457 3618/3618/3618 3456/3456/3456
f 3460/3460/3460 3618/3618/3618 3457/3457/3457
f 3462/3462/3462 3618/3618/3618 3460/3460/3460
f 3463/3463/3463 3618/3618/3618 3461/3461/3461
f 3465/3465/3465 3618/3618/3618 3463/3463/3463
f 3467/3467/3467 3618/3618/3618 3464/3464/3464
f 3471/3471/3471 3618/3618/3618 3466/3466/3466
f 3473/3473/3473 3618/3618/3618 3468/3468/3468
f 3474/3474/3474 3618/3618/3618 3472/3472/3472
f 3476/3476/3476 3618/3618/3618 3475/3475/3475
f 3419/3419/3419 3618/3618/3618 3476/3476/3476
f 3483/3483/3483 3619/3619/3619 3480/3480/3480
f 3487/3487/3487 3619/3619/3619 3482/3482/3482
f 3489/3489/3489 3619/3619/3619 3486/3486/3486
f 3495/3495/3495 3619/3619/3619 3490/3490/3490
f 3498/3498/3498 3619/3619/3619 3493/3493/3493
f 3501/3501/3501 3619/3619/3619 3497/3497/3497
f 3504/3504/3504 3619/3619/3619 3500/3500/3500
f 3507/3507/3507 3619/3619/3619 3504/3504/3504
f 3508/3508/3508 3619/3619/3619 3506/3506/3506
f 3511/3511/3511 3619/3619/3619 3510/3510/3510
f 3513/3513/3513 3619/3619/3619 3511/3511/3511
f 3515/3515/3515 3619/3619/3619 3514/3514/3514
f 3518/3518/3518 3619/3619/3619 3517/3517/3517
f 3521/3521/3521 3619/3619/3619 3520/3520/3520
f 3523/3523/3523 3619/3619/3619 3522/3522/3522
f 3529/3529/3529 3619/3619/3619 3525/3525/3525
f 3532/3532/3532 3619/3619/3619 3528/3528/3528
f 3535/3535/3535 3619/3619/3619 3530/3530/3530
f 3539/3539/3539 3619/3619/3619 3535/3535/3535
f 3540/3540/3540 3619/3619/3619 3537/3537/3537
f 3542/3542/3542 3619/3619/3619 3540/3540/3540
f 3545/3545/3545 3619/3619/3619 3543/3543/3543
f 3547/3547/3547 3619/3619/3619 3545/3545/3545
f 3548/3548/3548 3619/3619/3619 3547/3547/3547
f 3552/3552/3552 3619/3619/3619 3550/3550/3550
f 3478/3478/3478 3619/3619/3619 3553/3553/3553
f 3559/3559/3559 3620/3620/3620 3556/3556/3556
f 3563/3563/3563 3620/3620/3620 3559/3559/3559
f 3564/3564/3564 3620/3620/3620 3561/3561/3561
f 3569/3569/3569 3620/3620/3620 3567/3567/3567
f 3571/3571/3571 3620/3620/3620 3570/3570/3570
f 3575/3575/3575 3620/3620/3620 3573/3573/3573
f 3576/3576/3576 3620/3620/3620 3575/3575/3575
f 3580/3580/3580 3620/3620/3620 3578/3578/3578
f 3584/3584/3584 3620/3620/3620 3580/3580/3580
f 3586/3586/3586 3622/3622/3622 3583/3583/3583
f 3587/3587/3587 3620/3620/3620 3586/3586/3586
f 3589/3589/3589 3620/3620/3620 3588/3588/3588
f 3590/3590/3590 3621/3621/3621 3589/3589/3589
f 3592/3592/3592 3620/3620/3620 3590/3590/3590
f 3593/3593/3593 3621/3621/3621 3592/3592/3592
f 3596/3596/3596 3620/3620/3620 3594/3594/3594
f 3598/3598/3598 3621/3621/3621 3596/3596/3596
f 3600/3600/3600 3621/3621/3621 3598/3598/3598
f 3604/3604/3604 3621/3621/3621 3600/3600/3600
f 3605/3605/3605 3621/3621/3621 3602/3602/3602
f 3608/3608/3608 3621/3621/3621 3606/3606/3606
f 3610/3610/3610 3621/3621/3621 3609/3609/3609
f 3613/3613/3613 3620/3620/3620 3611/3611/3611
f 3556/3556/3556 3620/3620/3620 3613/3613/3613
f 2645/2645/2645 1972/1972/1972 1966/1966/1966
f 2127/2127/2127 2140/2140/2140 2143/2143/2143
f 1673/1673/1673 3259/3259/3259 3338/3338/3338
f 1640/1640/1640 1641/1641/1641 3086/3086/3086
f 1641/1641/1641 1571/1571/1571 3623/3623/3623
f 2984/2984/2984 1565/1565/1565 1559/1559/1559
f 3624/3624/3624 2984/2984/2984 3004/3004/3004
f 3004/3004/3004 3113/3113/3113 3624/3624/3624
f 3338/3338/3338 1531/1531/1531 1530/1530/1530
f 3338/3338/3338 1536/1536/1536 1531/1531/1531
f 3339/3339/3339 1581/1581/1581 1536/1536/1536
f 1490/1490/1490 3338/3338/3338 1528/1528/1528
f 1580/1580/1580 1583/1583/1583 1644/1644/1644
f 1582/1582/1582 3336/3336/3336 1579/1579/1579
f 1533/1533/1533 1581/1581/1581 1538/1538/1538
f 1539/1539/1539 1581/1581/1581 1644/1644/1644
f 1615/1615/1615 1599/1599/1599 3294/3294/3294
f 1616/1616/1616 3288/3288/3288 1622/1622/1622
f 1616/1616/1616 3033/3033/3033 1661/1661/1661
f 1616/1616/1616 2980/2980/2980 3032/3032/3032
f 1616/1616/1616 3293/3293/3293 3287/3287/3287
f 1552/1552/1552 1617/1617/1617 1661/1661/1661
f 1548/1548/1548 1599/1599/1599 1616/1616/1616
f 1150/1150/1150 1152/1152/1152 1165/1165/1165
f 2057/2057/2057 3626/3626/3626 2618/2618/2618
f 2501/2501/2501 2496/2496/2496 2497/2497/2497
f 2501/2501/2501 2506/2506/2506 2496/2496/2496
f 2158/2158/2158 2224/2224/2224 2216/2216/2216
f 2158/2158/2158 2216/2216/2216 2152/2152/2152
f 2626/2626/2626 2166/2166/2166 2167/2167/2167
f 2007/2007/2007 2630/2630/2630 2628/2628/2628
f 1819/1819/1819 1892/1892/1892 1816/1816/1816
f 1291/1291/1291 1458/1458/1458 1461/1461/1461
f 1461/1461/1461 1306/1306/1306 1291/1291/1291
f 1289/1289/1289 1290/1290/1290 1307/1307/1307
f 1307/1307/1307 1297/1297/1297 1289/1289/1289
f 1254/1254/1254 1439/1439/1439 1445/1445/1445
f 1445/1445/1445 1270/1270/1270 1254/1254/1254
f 1268/1268/1268 1446/1446/1446 1451/1451/1451
f 1449/1449/1449 1284/1284/1284 1268/1268/1268
f 1280/1280/1280 1453/1453/1453 1455/1455/1455
f 1455/1455/1455 1294/1294/1294 1279/1279/1279
f 1305/1305/1305 1466/1466/1466 1467/1467/1467
f 1468/1468/1468 1319/1319/1319 1303/1303/1303
f 1315/1315/1315 1471/1471/1471 1474/1474/1474
f 1473/1473/1473 1332/1332/1332 1317/1317/1317
f 1277/1277/1277 1281/1281/1281 1293/1293/1293
f 1293/1293/1293 1286/1286/1286 1277/1277/1277
f 1557/1557/1557 1438/1438/1438 1440/1440/1440
f 1437/1437/1437 1561/1561/1561 1444/1444/1444
f 1561/1561/1561 1447/1447/1447 1443/1443/1443
f 1446/1446/1446 1564/1564/1564 1450/1450/1450
f 1564/1564/1564 1454/1454/1454 1452/1452/1452
f 1454/1454/1454 1566/1566/1566 1457/1457/1457
f 1566/1566/1566 1458/1458/1458 1457/1457/1457
f 1458/1458/1458 1569/1569/1569 1462/1462/1462
f 1569/1569/1569 1465/1465/1465 1462/1462/1462
f 1465/1465/1465 1571/1571/1571 1467/1467/1467
f 1571/1571/1571 1469/1469/1469 1467/1467/1467
f 1472/1472/1472 1573/1573/1573 1474/1474/1474
f 1241/1241/1241 1434/1434/1434 1441/1441/1441
f 1441/1441/1441 1257/1257/1257 1241/1241/1241
f 1554/1554/1554 1435/1435/1435 1431/1431/1431
f 1434/1434/1434 1558/1558/1558 1440/1440/1440
f 1330/1330/1330 1476/1476/1476 1501/1501/1501
f 1501/1501/1501 1344/1344/1344 1330/1330/1330
f 1327/1327/1327 1331/1331/1331 1346/1346/1346
f 1344/1344/1344 1335/1335/1335 1327/1327/1327
f 1575/1575/1575 1477/1477/1477 1474/1474/1474
f 1244/1244/1244 1230/1230/1230 1429/1429/1429
f 1429/1429/1429 1433/1433/1433 1246/1246/1246
f 1551/1551/1551 1430/1430/1430 1426/1426/1426
f 1427/1427/1427 1555/1555/1555 1431/1431/1431
f 1480/1480/1480 1340/1340/1340 1344/1344/1344
f 1344/1344/1344 1503/1503/1503 1479/1479/1479
f 1478/1478/1478 1479/1479/1479 3628/3628/3628
f 3628/3628/3628 1500/1500/1500 1478/1478/1478
f 1860/1860/1860 1866/1866/1866 2657/2657/2657
f 2657/2657/2657 1863/1863/1863 1859/1859/1859
f 3050/3050/3050 3355/3355/3355 1194/1194/1194
f 1800/1800/1800 2068/2068/2068 3342/3342/3342
f 1797/1797/1797 2717/2717/2717 2678/2678/2678
f 3050/3050/3050 2717/2717/2717 1800/1800/1800
f 1742/1742/1742 3634/3634/3634 3630/3630/3630
f 3630/3630/3630 3637/3637/3637 2722/2722/2722
f 2727/2727/2727 2731/2731/2731 2003/2003/2003
f 2003/2003/2003 1994/1994/1994 2725/2725/2725
f 1742/1742/1742 1746/1746/1746 3632/3632/3632
f 3629/3629/3629 3632/3632/3632 3637/3637/3637
f 2734/2734/2734 3629/3629/3629 2722/2722/2722
f 2726/2726/2726 2735/2735/2735 2724/2724/2724
f 3639/3639/3639 3643/3643/3643 1142/1142/1142
f 1141/1141/1141 3641/3641/3641 3638/3638/3638
f 3639/3639/3639 1152/1152/1152 1153/1153/1153
f 1153/1153/1153 3643/3643/3643 3639/3639/3639
f 1165/1165/1165 1151/1151/1151 3638/3638/3638
f 3350/3350/3350 3044/3044/3044 3344/3344/3344
f 3347/3347/3347 3350/3350/3350 3644/3644/3644
f 3347/3347/3347 3351/3351/3351 2732/2732/2732
f 2732/2732/2732 3630/3630/3630 2734/2734/2734
f 3350/3350/3350 2170/2170/2170 3045/3045/3045
f 1154/1154/1154 1155/1155/1155 2723/2723/2723
f 2721/2721/2721 3635/3635/3635 1154/1154/1154
f 2729/2729/2729 1156/1156/1156 1150/1150/1150
f 1150/1150/1150 3648/3648/3648 2729/2729/2729
f 1744/1744/1744 1140/1140/1140 3643/3643/3643
f 3643/3643/3643 3633/3633/3633 1744/1744/1744
f 3643/3643/3643 1153/1153/1153 3636/3636/3636
f 3636/3636/3636 3631/3631/3631 3643/3643/3643
f 1142/1142/1142 1145/1145/1145 3642/3642/3642
f 1136/1136/1136 1143/1143/1143 1744/1744/1744
f 2004/2004/2004 3646/3646/3646 1711/1711/1711
f 1710/1710/1710 2012/2012/2012 2004/2004/2004
f 2018/2018/2018 1713/1713/1713 1716/1716/1716
f 1716/1716/1716 2016/2016/2016 2019/2019/2019
f 3054/3054/3054 2041/2041/2041 2034/2034/2034
f 2034/2034/2034 2028/2028/2028 3054/3054/3054
f 1714/1714/1714 3054/3054/3054 2026/2026/2026
f 2027/2027/2027 2014/2014/2014 1715/1715/1715
f 2730/2730/2730 3647/3647/3647 2005/2005/2005
f 2006/2006/2006 2002/2002/2002 2731/2731/2731
f 1875/1875/1875 2663/2663/2663 2666/2666/2666
f 2666/2666/2666 1784/1784/1784 1876/1876/1876
f 1781/1781/1781 2667/2667/2667 2668/2668/2668
f 2668/2668/2668 1790/1790/1790 1781/1781/1781
f 1741/1741/1741 2673/2673/2673 2674/2674/2674
f 2674/2674/2674 1737/1737/1737 1741/1741/1741
f 2678/2678/2678 2679/2679/2679 1808/1808/1808
f 1809/1809/1809 1798/1798/1798 2678/2678/2678
f 2679/2679/2679 2681/2681/2681 3652/3652/3652
f 3652/3652/3652 1808/1808/1808 2679/2679/2679
f 2683/2683/2683 2689/2689/2689 1821/1821/1821
f 1821/1821/1821 1822/1822/1822 2683/2683/2683
f 2691/2691/2691 2688/2688/2688 1754/1754/1754
f 1754/1754/1754 1756/1756/1756 2691/2691/2691
f 1757/1757/1757 2692/2692/2692 2691/2691/2691
f 2691/2691/2691 1756/1756/1756 1759/1759/1759
f 1761/1761/1761 2695/2695/2695 2692/2692/2692
f 2692/2692/2692 1757/1757/1757 1761/1761/1761
f 1763/1763/1763 2697/2697/2697 2695/2695/2695
f 2693/2693/2693 1761/1761/1761 1763/1763/1763
f 1767/1767/1767 2699/2699/2699 2698/2698/2698
f 2698/2698/2698 1764/1764/1764 1767/1767/1767
f 1765/1765/1765 2704/2704/2704 2702/2702/2702
f 2701/2701/2701 1767/1767/1767 1765/1765/1765
f 1855/1855/1855 2705/2705/2705 2707/2707/2707
f 2707/2707/2707 1860/1860/1860 1854/1854/1854
f 1861/1861/1861 2707/2707/2707 2709/2709/2709
f 2710/2710/2710 1865/1865/1865 1860/1860/1860
f 1865/1865/1865 2710/2710/2710 2713/2713/2713
f 2712/2712/2712 1869/1869/1869 1865/1865/1865
f 1871/1871/1871 2714/2714/2714 2715/2715/2715
f 2716/2716/2716 1879/1879/1879 1870/1870/1870
f 2669/2669/2669 2672/2672/2672 3351/3351/3351
f 3351/3351/3351 3347/3347/3347 2669/2669/2669
f 2732/2732/2732 3351/3351/3351 3630/3630/3630
f 2678/2678/2678 2717/2717/2717 1747/1747/1747
f 3630/3630/3630 3351/3351/3351 1742/1742/1742
f 2001/2001/2001 2002/2002/2002 2005/2005/2005
f 2006/2006/2006 2007/2007/2007 2001/2001/2001
f 1995/1995/1995 2168/2168/2168 2736/2736/2736
f 2734/2734/2734 2728/2728/2728 1995/1995/1995
f 1999/1999/1999 2168/2168/2168 1995/1995/1995
f 3350/3350/3350 2733/2733/2733 2170/2170/2170
f 2733/2733/2733 2168/2168/2168 2170/2170/2170
f 2719/2719/2719 3046/3046/3046 3352/3352/3352
f 3353/3353/3353 3340/3340/3340 2720/2720/2720
f 3047/3047/3047 1202/1202/1202 1193/1193/1193
f 1193/1193/1193 3352/3352/3352 3046/3046/3046
f 1416/1416/1416 1411/1411/1411 1413/1413/1413
f 1413/1413/1413 1415/1415/1415 1417/1417/1417
f 1547/1547/1547 1412/1412/1412 1404/1404/1404
f 1412/1412/1412 1548/1548/1548 1414/1414/1414
f 1417/1417/1417 1212/1212/1212 1199/1199/1199
f 1199/1199/1199 1410/1410/1410 1417/1417/1417
f 1410/1410/1410 1199/1199/1199 1201/1201/1201
f 1201/1201/1201 1408/1408/1408 1410/1410/1410
f 1220/1220/1220 1419/1419/1419 1422/1422/1422
f 1422/1422/1422 1424/1424/1424 1221/1221/1221
f 1420/1420/1420 1212/1212/1212 1417/1417/1417
f 1209/1209/1209 1213/1213/1213 1420/1420/1420
f 1548/1548/1548 1421/1421/1421 1414/1414/1414
f 1421/1421/1421 1549/1549/1549 1423/1423/1423
f 1718/1718/1718 1720/1720/1720 2038/2038/2038
f 2038/2038/2038 2043/2043/2043 1719/1719/1719
f 1723/1723/1723 3653/3653/3653 2051/2051/2051
f 2051/2051/2051 2045/2045/2045 1722/1722/1722
f 3054/3054/3054 1169/1169/1169 1717/1717/1717
f 1717/1717/1717 2041/2041/2041 3055/3055/3055
f 1186/1186/1186 1179/1179/1179 1181/1181/1181
f 1181/1181/1181 1189/1189/1189 1184/1184/1184
f 1190/1190/1190 1181/1181/1181 1394/1394/1394
f 1394/1394/1394 1399/1399/1399 1190/1190/1190
f 1178/1178/1178 1179/1179/1179 1720/1720/1720
f 1720/1720/1720 1719/1719/1719 1178/1178/1178
f 2046/2046/2046 2037/2037/2037 2039/2039/2039
f 2040/2040/2040 2044/2044/2044 2046/2046/2046
f 3655/3655/3655 2748/2748/2748 2750/2750/2750
f 2750/2750/2750 2060/2060/2060 3655/3655/3655
f 2044/2044/2044 2038/2038/2038 1720/1720/1720
f 1720/1720/1720 1722/1722/1722 2044/2044/2044
f 1395/1395/1395 1544/1544/1544 1397/1397/1397
f 1395/1395/1395 1539/1539/1539 1544/1544/1544
f 2241/2241/2241 2022/2022/2022 2025/2025/2025
f 2025/2025/2025 3060/3060/3060 2242/2242/2242
f 2030/2030/2030 2031/2031/2031 2744/2744/2744
f 2744/2744/2744 3058/3058/3058 2030/2030/2030
f 2060/2060/2060 2061/2061/2061 3657/3657/3657
f 3657/3657/3657 3656/3656/3656 2060/2060/2060
f 2750/2750/2750 2033/2033/2033 2035/2035/2035
f 2035/2035/2035 2037/2037/2037 2750/2750/2750
f 2025/2025/2025 2029/2029/2029 3056/3056/3056
f 3057/3057/3057 3059/3059/3059 2025/2025/2025
f 2060/2060/2060 2750/2750/2750 2036/2036/2036
f 2037/2037/2037 2046/2046/2046 2059/2059/2059
f 1383/1383/1383 1162/1162/1162 1166/1166/1166
f 1166/1166/1166 1526/1526/1526 1383/1383/1383
f 1382/1382/1382 1532/1532/1532 1380/1380/1380
f 1382/1382/1382 1527/1527/1527 1532/1532/1532
f 3660/3660/3660 2271/2271/2271 2243/2243/2243
f 2243/2243/2243 3063/3063/3063 3660/3660/3660
f 3061/3061/3061 3063/3063/3063 2243/2243/2243
f 2243/2243/2243 2241/2241/2241 3060/3060/3060
f 2253/2253/2253 2278/2278/2278 3065/3065/3065
f 3065/3065/3065 2251/2251/2251 2254/2254/2254
f 2744/2744/2744 2251/2251/2251 3065/3065/3065
f 3065/3065/3065 3058/3058/3058 2744/2744/2744
f 3626/3626/3626 2264/2264/2264 2237/2237/2237
f 2238/2238/2238 2234/2234/2234 3626/3626/3626
f 3625/3625/3625 2244/2244/2244 2273/2273/2273
f 2273/2273/2273 2263/2263/2263 3626/3626/3626
f 2614/2614/2614 2613/2613/2613 2204/2204/2204
f 2204/2204/2204 2259/2259/2259 2614/2614/2614
f 3659/3659/3659 3063/3063/3063 3064/3064/3064
f 3064/3064/3064 2277/2277/2277 3659/3659/3659
f 2249/2249/2249 2252/2252/2252 2748/2748/2748
f 2258/2258/2258 2261/2261/2261 3658/3658/3658
f 3657/3657/3657 2615/2615/2615 2258/2258/2258
f 2619/2619/2619 3626/3626/3626 2234/2234/2234
f 2265/2265/2265 2270/2270/2270 2319/2319/2319
f 2277/2277/2277 2281/2281/2281 2328/2328/2328
f 2328/2328/2328 3659/3659/3659 2277/2277/2277
f 2287/2287/2287 2288/2288/2288 2338/2338/2338
f 2289/2289/2289 2291/2291/2291 2343/2343/2343
f 2343/2343/2343 2340/2340/2340 2290/2290/2290
f 2345/2345/2345 2292/2292/2292 2295/2295/2295
f 2295/2295/2295 2353/2353/2353 2344/2344/2344
f 2297/2297/2297 2300/2300/2300 2357/2357/2357
f 2351/2351/2351 2294/2294/2294 2297/2297/2297
f 2297/2297/2297 2358/2358/2358 2350/2350/2350
f 2307/2307/2307 2308/2308/2308 2370/2370/2370
f 2309/2309/2309 2311/2311/2311 2379/2379/2379
f 2379/2379/2379 2372/2372/2372 2309/2309/2309
f 2316/2316/2316 2317/2317/2317 2391/2391/2391
f 2391/2391/2391 2382/2382/2382 2316/2316/2316
f 2312/2312/2312 2314/2314/2314 2383/2383/2383
f 2383/2383/2383 2380/2380/2380 2312/2312/2312
f 2317/2317/2317 2266/2266/2266 2321/2321/2321
f 2321/2321/2321 2391/2391/2391 2317/2317/2317
f 3660/3660/3660 2328/2328/2328 2274/2274/2274
f 2274/2274/2274 2272/2272/2272 3660/3660/3660
f 2392/2392/2392 2325/2325/2325 2395/2395/2395
f 2322/2322/2322 2327/2327/2327 3663/3663/3663
f 3663/3663/3663 2401/2401/2401 2322/2322/2322
f 3662/3662/3662 2326/2326/2326 2331/2331/2331
f 2331/2331/2331 3666/3666/3666 3662/3662/3662
f 2415/2415/2415 2334/2334/2334 2336/2336/2336
f 2336/2336/2336 2412/2412/2412 2415/2415/2415
f 2337/2337/2337 2341/2341/2341 3667/3667/3667
f 3667/3667/3667 2342/2342/2342 2348/2348/2348
f 2347/2347/2347 3669/3669/3669 3667/3667/3667
f 3668/3668/3668 2346/2346/2346 2355/2355/2355
f 2355/2355/2355 3671/3671/3671 3668/3668/3668
f 3672/3672/3672 2359/2359/2359 2362/2362/2362
f 2362/2362/2362 2438/2438/2438 3673/3673/3673
f 3671/3671/3671 2354/2354/2354 2359/2359/2359
f 2359/2359/2359 3674/3674/3674 3671/3671/3671
f 2360/2360/2360 2363/2363/2363 2453/2453/2453
f 2454/2454/2454 2436/2436/2436 2360/2360/2360
f 2455/2455/2455 2364/2364/2364 2367/2367/2367
f 2367/2367/2367 2449/2449/2449 2455/2455/2455
f 2452/2452/2452 2368/2368/2368 2373/2373/2373
f 2373/2373/2373 2462/2462/2462 2451/2451/2451
f 2463/2463/2463 2375/2375/2375 2376/2376/2376
f 2377/2377/2377 2467/2467/2467 2463/2463/2463
f 2385/2385/2385 2388/2388/2388 2482/2482/2482
f 2482/2482/2482 2472/2472/2472 2385/2385/2385
f 2468/2468/2468 2377/2377/2377 2384/2384/2384
f 2384/2384/2384 2471/2471/2471 2468/2468/2468
f 2387/2387/2387 2393/2393/2393 2396/2396/2396
f 2397/2397/2397 2481/2481/2481 2387/2387/2387
f 3665/3665/3665 2331/2331/2331 2333/2333/2333
f 2332/2332/2332 2414/2414/2414 3665/3665/3665
f 2398/2398/2398 2402/2402/2402 2486/2486/2486
f 2400/2400/2400 3663/3663/3663 2499/2499/2499
f 2499/2499/2499 2483/2483/2483 2400/2400/2400
f 2498/2498/2498 3661/3661/3661 3666/3666/3666
f 3666/3666/3666 2502/2502/2502 2499/2499/2499
f 2417/2417/2417 2413/2413/2413 3667/3667/3667
f 2425/2425/2425 2418/2418/2418 3667/3667/3667
f 3667/3667/3667 3669/3669/3669 2425/2425/2425
f 3670/3670/3670 2430/2430/2430 2426/2426/2426
f 2426/2426/2426 3668/3668/3668 3670/3670/3670
f 2437/2437/2437 2440/2440/2440 3672/3672/3672
f 2441/2441/2441 2430/2430/2430 3671/3671/3671
f 3671/3671/3671 3674/3674/3674 2441/2441/2441
f 2437/2437/2437 2453/2453/2453 2442/2442/2442
f 2442/2442/2442 2434/2434/2434 2437/2437/2437
f 2459/2459/2459 2451/2451/2451 2461/2461/2461
f 2457/2457/2457 2459/2459/2459 2464/2464/2464
f 2464/2464/2464 2541/2541/2541 2458/2458/2458
f 2473/2473/2473 2479/2479/2479 2545/2545/2545
f 2546/2546/2546 2549/2549/2549 2473/2473/2473
f 2541/2541/2541 2464/2464/2464 2474/2474/2474
f 2474/2474/2474 2550/2550/2550 2542/2542/2542
f 2477/2477/2477 2398/2398/2398 2489/2489/2489
f 2489/2489/2489 2545/2545/2545 2477/2477/2477
f 2504/2504/2504 3664/3664/3664 2414/2414/2414
f 2414/2414/2414 2404/2404/2404 2504/2504/2504
f 3676/3676/3676 1882/1882/1882 1786/1786/1786
f 1785/1785/1785 3678/3678/3678 3676/3676/3676
f 3681/3681/3681 1787/1787/1787 1791/1791/1791
f 1791/1791/1791 2121/2121/2121 3680/3680/3680
f 2658/2658/2658 1873/1873/1873 1880/1880/1880
f 1881/1881/1881 2661/2661/2661 2659/2659/2659
f 3343/3343/3343 1796/1796/1796 3682/3682/3682
f 3682/3682/3682 3645/3645/3645 3345/3345/3345
f 2675/2675/2675 2676/2676/2676 1789/1789/1789
f 1789/1789/1789 3683/3683/3683 2674/2674/2674
f 1737/1737/1737 2675/2675/2675 3683/3683/3683
f 3683/3683/3683 1735/1735/1735 1737/1737/1737
f 1740/1740/1740 1738/1738/1738 1128/1128/1128
f 1128/1128/1128 1139/1139/1139 1741/1741/1741
f 2670/2670/2670 3645/3645/3645 3682/3682/3682
f 3682/3682/3682 2676/2676/2676 2670/2670/2670
f 2676/2676/2676 3682/3682/3682 1793/1793/1793
f 1793/1793/1793 1788/1788/1788 2676/2676/2676
f 3346/3346/3346 3644/3644/3644 2671/2671/2671
f 3644/3644/3644 3348/3348/3348 3345/3345/3345
f 1796/1796/1796 1792/1792/1792 3682/3682/3682
f 1866/1866/1866 1872/1872/1872 2658/2658/2658
f 1865/1865/1865 1872/1872/1872 1867/1867/1867
f 1790/1790/1790 1791/1791/1791 1787/1787/1787
f 1787/1787/1787 1781/1781/1781 1790/1790/1790
f 2668/2668/2668 1733/1733/1733 1736/1736/1736
f 1735/1735/1735 3683/3683/3683 2668/2668/2668
f 1790/1790/1790 2668/2668/2668 3683/3683/3683
f 3683/3683/3683 1789/1789/1789 1790/1790/1790
f 2121/2121/2121 1791/1791/1791 1792/1792/1792
f 1792/1792/1792 1794/1794/1794 2121/2121/2121
f 1782/1782/1782 1785/1785/1785 1882/1882/1882
f 1882/1882/1882 1874/1874/1874 1782/1782/1782
f 2666/2666/2666 1729/1729/1729 1732/1732/1732
f 1731/1731/1731 2667/2667/2667 2666/2666/2666
f 1783/1783/1783 2665/2665/2665 2667/2667/2667
f 2667/2667/2667 1781/1781/1781 1783/1783/1783
f 3678/3678/3678 1786/1786/1786 1787/1787/1787
f 1787/1787/1787 3680/3680/3680 3678/3678/3678
f 1736/1736/1736 1734/1734/1734 1119/1119/1119
f 1121/1121/1121 1125/1125/1125 1736/1736/1736
f 1732/1732/1732 1729/1729/1729 1109/1109/1109
f 1109/1109/1109 1117/1117/1117 1732/1732/1732
f 3679/3679/3679 2121/2121/2121 2122/2122/2122
f 2122/2122/2122 2092/2092/2092 3680/3680/3680
f 3676/3676/3676 3678/3678/3678 2093/2093/2093
f 2093/2093/2093 3685/3685/3685 3676/3676/3676
f 2642/2642/2642 2094/2094/2094 2075/2075/2075
f 2074/2074/2074 2095/2095/2095 2090/2090/2090
f 2092/2092/2092 2093/2093/2093 3678/3678/3678
f 3678/3678/3678 3680/3680/3680 2092/2092/2092
f 2122/2122/2122 2123/2123/2123 2109/2109/2109
f 2108/2108/2108 2101/2101/2101 2122/2122/2122
f 2092/2092/2092 2122/2122/2122 2102/2102/2102
f 2102/2102/2102 2090/2090/2090 2091/2091/2091
f 3685/3685/3685 2093/2093/2093 2096/2096/2096
f 2096/2096/2096 2644/2644/2644 3684/3684/3684
f 2144/2144/2144 2125/2125/2125 1794/1794/1794
f 1794/1794/1794 2173/2173/2173 2144/2144/2144
f 2653/2653/2653 3686/3686/3686 2645/2645/2645
f 1802/1802/1802 1805/1805/1805 2099/2099/2099
f 2099/2099/2099 2190/2190/2190 1803/1803/1803
f 1805/1805/1805 1810/1810/1810 1812/1812/1812
f 1812/1812/1812 2099/2099/2099 1805/1805/1805
f 2178/2178/2178 2066/2066/2066 1802/1802/1802
f 1802/1802/1802 2190/2190/2190 2178/2178/2178
f 1376/1376/1376 1492/1492/1492 1529/1529/1529
f 1376/1376/1376 1529/1529/1529 1525/1525/1525
f 3640/3640/3640 1367/1367/1367 1375/1375/1375
f 1375/1375/1375 3638/3638/3638 3641/3641/3641
f 1166/1166/1166 1374/1374/1374 1376/1376/1376
f 1376/1376/1376 1526/1526/1526 1166/1166/1166
f 1146/1146/1146 1368/1368/1368 3642/3642/3642
f 1369/1369/1369 1365/1365/1365 1373/1373/1373
f 1391/1391/1391 1394/1394/1394 1181/1181/1181
f 1180/1180/1180 1183/1183/1183 1391/1391/1391
f 1398/1398/1398 1399/1399/1399 1394/1394/1394
f 1393/1393/1393 1395/1395/1395 1397/1397/1397
f 1399/1399/1399 1400/1400/1400 3688/3688/3688
f 3687/3687/3687 1190/1190/1190 1399/1399/1399
f 1390/1390/1390 1388/1388/1388 1392/1392/1392
f 1390/1390/1390 1172/1172/1172 1389/1389/1389
f 1400/1400/1400 1401/1401/1401 1405/1405/1405
f 1403/1403/1403 1402/1402/1402 1543/1543/1543
f 1543/1543/1543 1547/1547/1547 1404/1404/1404
f 3687/3687/3687 1400/1400/1400 1407/1407/1407
f 1400/1400/1400 1406/1406/1406 1407/1407/1407
f 1187/1187/1187 3690/3690/3690 1408/1408/1408
f 3046/3046/3046 1188/1188/1188 1201/1201/1201
f 1186/1186/1186 3046/3046/3046 2719/2719/2719
f 1724/1724/1724 2718/2718/2718 3653/3653/3653
f 1201/1201/1201 1187/1187/1187 1408/1408/1408
f 2070/2070/2070 2636/2636/2636 2633/2633/2633
f 1812/1812/1812 1814/1814/1814 2633/2633/2633
f 2654/2654/2654 2657/2657/2657 1866/1866/1866
f 1866/1866/1866 2658/2658/2658 2655/2655/2655
f 2654/2654/2654 1957/1957/1957 1910/1910/1910
f 2652/2652/2652 2655/2655/2655 2658/2658/2658
f 1920/1920/1920 1862/1862/1862 2657/2657/2657
f 2656/2656/2656 1935/1935/1935 1920/1920/1920
f 1857/1857/1857 1852/1852/1852 1862/1862/1862
f 1862/1862/1862 1920/1920/1920 1857/1857/1857
f 1681/1681/1681 1641/1641/1641 1638/1638/1638
f 1502/1502/1502 1504/1504/1504 3628/3628/3628
f 3628/3628/3628 1479/1479/1479 1501/1501/1501
f 1164/1164/1164 3638/3638/3638 1374/1374/1374
f 1392/1392/1392 1537/1537/1537 1539/1539/1539
f 1129/1129/1129 1365/1365/1365 1146/1146/1146
f 1362/1362/1362 1129/1129/1129 1132/1132/1132
f 1504/1504/1504 1506/1506/1506 3691/3691/3691
f 1576/1576/1576 1506/1506/1506 1475/1475/1475
f 1498/1498/1498 3627/3627/3627 3693/3693/3693
f 3693/3693/3693 1677/1677/1677 1500/1500/1500
f 3627/3627/3627 1505/1505/1505 3691/3691/3691
f 3691/3691/3691 3693/3693/3693 3628/3628/3628
f 1500/1500/1500 1359/1359/1359 1478/1478/1478
f 1497/1497/1497 1498/1498/1498 1677/1677/1677
f 1641/1641/1641 3691/3691/3691 1574/1574/1574
f 1574/1574/1574 3691/3691/3691 1506/1506/1506
f 1677/1677/1677 3693/3693/3693 1681/1681/1681
f 3693/3693/3693 3691/3691/3691 1641/1641/1641
f 1641/1641/1641 1681/1681/1681 3692/3692/3692
f 1187/1187/1187 1191/1191/1191 3689/3689/3689
f 1817/1817/1817 1815/1815/1815 1822/1822/1822
f 2141/2141/2141 2130/2130/2130 2100/2100/2100
f 2100/2100/2100 2638/2638/2638 2141/2141/2141
f 2126/2126/2126 2130/2130/2130 2140/2140/2140
f 2100/2100/2100 2632/2632/2632 2637/2637/2637
f 2099/2099/2099 2129/2129/2129 2188/2188/2188
f 2177/2177/2177 2050/2050/2050 2053/2053/2053
f 2054/2054/2054 2065/2065/2065 2177/2177/2177
f 2182/2182/2182 2063/2063/2063 2050/2050/2050
f 2050/2050/2050 2180/2180/2180 2182/2182/2182
f 2250/2250/2250 2260/2260/2260 2262/2262/2262
f 2262/2262/2262 2248/2248/2248 2249/2249/2249
f 2065/2065/2065 2052/2052/2052 3654/3654/3654
f 3654/3654/3654 2069/2069/2069 2064/2064/2064
f 2615/2615/2615 3657/3657/3657 2063/2063/2063
f 2063/2063/2063 2182/2182/2182 2615/2615/2615
f 3656/3656/3656 3657/3657/3657 2260/2260/2260
f 2260/2260/2260 2250/2250/2250 3656/3656/3656
f 2262/2262/2262 2288/2288/2288 2248/2248/2248
f 2262/2262/2262 2291/2291/2291 2289/2289/2289
f 2069/2069/2069 3654/3654/3654 2719/2719/2719
f 2719/2719/2719 3340/3340/3340 2067/2067/2067
f 1160/1160/1160 1710/1710/1710 3647/3647/3647
f 3647/3647/3647 1149/1149/1149 1158/1158/1158
f 2008/2008/2008 2011/2011/2011 2021/2021/2021
f 2021/2021/2021 2023/2023/2023 2009/2009/2009
f 2058/2058/2058 2009/2009/2009 2023/2023/2023
f 2023/2023/2023 2242/2242/2242 2058/2058/2058
f 2011/2011/2011 1709/1709/1709 1713/1713/1713
f 1713/1713/1713 2021/2021/2021 2012/2012/2012
f 1157/1157/1157 1162/1162/1162 1378/1378/1378
f 1378/1378/1378 1708/1708/1708 1157/1157/1157
f 2396/2396/2396 2324/2324/2324 2403/2403/2403
f 2398/2398/2398 2486/2486/2486 2488/2488/2488
f 2320/2320/2320 2325/2325/2325 2392/2392/2392
f 2264/2264/2264 2265/2265/2265 2238/2238/2238
f 2254/2254/2254 2288/2288/2288 2286/2286/2286
f 2340/2340/2340 2337/2337/2337 2285/2285/2285
f 2337/2337/2337 3667/3667/3667 2413/2413/2413
f 2410/2410/2410 2417/2417/2417 2420/2420/2420
f 2058/2058/2058 2245/2245/2245 3625/3625/3625
f 2058/2058/2058 3626/3626/3626 2055/2055/2055
f 2748/2748/2748 2252/2252/2252 2745/2745/2745
f 2249/2249/2249 2749/2749/2749 3655/3655/3655
f 2490/2490/2490 2562/2562/2562 2594/2594/2594
f 1372/1372/1372 1374/1374/1374 1367/1367/1367
f 1908/1908/1908 1856/1856/1856 1917/1917/1917
f 1846/1846/1846 1857/1857/1857 1907/1907/1907
f 2080/2080/2080 2640/2640/2640 2650/2650/2650
f 2077/2077/2077 2080/2080/2080 2648/2648/2648
f 2633/2633/2633 2636/2636/2636 2085/2085/2085
f 2098/2098/2098 2100/2100/2100 2130/2130/2130
f 1813/1813/1813 1815/1815/1815 1817/1817/1817
f 2687/2687/2687 2680/2680/2680 1753/1753/1753
f 1753/1753/1753 1751/1751/1751 2686/2686/2686
f 1823/1823/1823 3650/3650/3650 2680/2680/2680
f 2680/2680/2680 2684/2684/2684 1822/1822/1822
f 3650/3650/3650 1815/1815/1815 1810/1810/1810
f 1810/1810/1810 1807/1807/1807 3651/3651/3651
f 1877/1877/1877 1881/1881/1881 1873/1873/1873
f 1873/1873/1873 1868/1868/1868 1879/1879/1879
f 2716/2716/2716 1779/1779/1779 1727/1727/1727
f 1725/1725/1725 2664/2664/2664 2716/2716/2716
f 1878/1878/1878 2716/2716/2716 2663/2663/2663
f 2663/2663/2663 1876/1876/1876 1878/1878/1878
f 2662/2662/2662 1880/1880/1880 1882/1882/1882
f 1882/1882/1882 3677/3677/3677 2662/2662/2662
f 2652/2652/2652 2660/2660/2660 3676/3676/3676
f 3675/3675/3675 3685/3685/3685 2652/2652/2652
f 1727/1727/1727 1779/1779/1779 1354/1354/1354
f 1351/1351/1351 1106/1106/1106 1727/1727/1727
f 1219/1219/1219 1753/1753/1753 1749/1749/1749
f 1749/1749/1749 1216/1216/1216 1219/1219/1219
f 2633/2633/2633 1814/1814/1814 2071/2071/2071
f 1813/1813/1813 1817/1817/1817 2070/2070/2070
f 1823/1823/1823 1815/1815/1815 3649/3649/3649
f 3114/3114/3114 3109/3109/3109 3694/3694/3694
f 3694/3694/3694 3624/3624/3624 3114/3114/3114
f 3109/3109/3109 3104/3104/3104 3697/3697/3697
f 3697/3697/3697 3695/3695/3695 3109/3109/3109
f 3101/3101/3101 3623/3623/3623 3697/3697/3697
f 3697/3697/3697 3104/3104/3104 3101/3101/3101
f 3086/3086/3086 1641/1641/1641 3090/3090/3090
f 3095/3095/3095 3623/3623/3623 3101/3101/3101
f 1641/1641/1641 3623/3623/3623 3090/3090/3090
f 1641/1641/1641 1574/1574/1574 1572/1572/1572
f 3624/3624/3624 3694/3694/3694 1567/1567/1567
f 1567/1567/1567 1563/1563/1563 3624/3624/3624
f 3694/3694/3694 3696/3696/3696 1569/1569/1569
f 1568/1568/1568 1567/1567/1567 3694/3694/3694
f 2984/2984/2984 3624/3624/3624 1563/1563/1563
f 1570/1570/1570 3697/3697/3697 3623/3623/3623
f 3623/3623/3623 1571/1571/1571 1569/1569/1569
f 3090/3090/3090 3623/3623/3623 3095/3095/3095
f 1614/1614/1614 2984/2984/2984 1560/1560/1560
f 1604/1604/1604 1606/1606/1606 2982/2982/2982
f 1553/1553/1553 1604/1604/1604 1557/1557/1557
f 1612/1612/1612 1614/1614/1614 1556/1556/1556
f 1557/1557/1557 1604/1604/1604 1613/1613/1613
f 2985/2985/2985 1614/1614/1614 1607/1607/1607
f 3115/3115/3115 3005/3005/3005 1624/1624/1624
f 1624/1624/1624 3052/3052/3052 3114/3114/3114
