mtllib galaxy_xr_controller_right.mtl
usemtl galaxy_xr_controller_right
v -0.009019 -0.028350 -0.051174
v -0.009019 -0.028350 -0.051174
v -0.009019 -0.028350 -0.051174
v -0.001976 -0.027471 -0.049195
v -0.001976 -0.027471 -0.049195
v 0.004454 -0.026280 -0.039650
v 0.004454 -0.026280 -0.039650
v 0.004739 -0.027064 -0.036679
v 0.004739 -0.027064 -0.036679
v -0.016198 -0.027938 -0.048625
v -0.016198 -0.027938 -0.048625
v -0.021470 -0.029294 -0.037440
v -0.021470 -0.029294 -0.037440
v -0.021295 -0.028284 -0.040084
v -0.021295 -0.028284 -0.040084
v -0.020625 -0.027617 -0.042773
v -0.020625 -0.027617 -0.042773
v -0.018912 -0.027769 -0.045799
v -0.018912 -0.027769 -0.045799
v 0.001249 -0.026676 -0.046472
v 0.001249 -0.026676 -0.046472
v 0.003217 -0.026206 -0.043527
v 0.003217 -0.026206 -0.043527
v 0.003623 -0.030198 -0.032381
v 0.003623 -0.030198 -0.032381
v -0.020770 -0.031597 -0.034420
v -0.020770 -0.031597 -0.034420
v 0.001646 -0.033216 -0.030526
v 0.001646 -0.033216 -0.030526
v -0.019402 -0.033808 -0.032408
v -0.019402 -0.033808 -0.032408
v -0.013555 -0.039194 -0.029889
v -0.013555 -0.039194 -0.029889
v -0.017133 -0.036517 -0.030959
v -0.017133 -0.036517 -0.030959
v -0.001763 -0.037507 -0.029766
v -0.001763 -0.037507 -0.029766
v -0.012655 -0.034460 -0.036192
v -0.012966 -0.032409 -0.039160
v -0.018004 -0.029861 -0.041301
v -0.018024 -0.031219 -0.038460
v -0.017577 -0.033314 -0.035545
v 0.004457 -0.028398 -0.034289
v 0.004457 -0.028398 -0.034289
v -0.003914 -0.033587 -0.036206
v 0.000629 -0.028911 -0.040932
v 0.000761 -0.030026 -0.038200
v 0.000786 -0.031479 -0.035899
v -0.008584 -0.030856 -0.042990
v -0.008428 -0.032513 -0.039403
v -0.008221 -0.034712 -0.036239
v -0.007464 -0.040535 -0.029407
v -0.007464 -0.040535 -0.029407
v -0.010612 -0.040320 -0.029491
v -0.010612 -0.040320 -0.029491
v -0.013235 -0.030795 -0.042449
v -0.012807 -0.028230 -0.050462
v -0.012807 -0.028230 -0.050462
v -0.004398 -0.039498 -0.029494
v -0.004398 -0.039498 -0.029494
v -0.003981 -0.031623 -0.039073
v -0.004056 -0.030173 -0.042338
v -0.005348 -0.028049 -0.050712
v -0.005348 -0.028049 -0.050712
v -0.005814 -0.028604 -0.049398
v -0.002897 -0.028192 -0.048168
v 0.000043 -0.027635 -0.045856
v 0.001886 -0.027369 -0.043326
v 0.003098 -0.027589 -0.039922
v 0.003392 -0.028434 -0.037322
v 0.003213 -0.029659 -0.035284
v 0.002562 -0.031247 -0.033664
v 0.000850 -0.033955 -0.032052
v -0.002456 -0.037607 -0.031193
v -0.004876 -0.039211 -0.030854
v -0.007601 -0.040023 -0.030732
v -0.010325 -0.039844 -0.030811
v -0.012902 -0.038935 -0.031203
v -0.016208 -0.036718 -0.032271
v -0.018338 -0.034449 -0.033665
v -0.019522 -0.032463 -0.035422
v -0.020155 -0.030447 -0.038107
v -0.019932 -0.029443 -0.040379
v -0.019309 -0.028796 -0.042718
v -0.017615 -0.028629 -0.045285
v -0.015169 -0.028678 -0.047715
v -0.012229 -0.028807 -0.049202
v -0.008956 -0.028842 -0.049766
v 0.005279 -0.022808 -0.034773
v 0.004870 -0.021552 -0.037963
v 0.003518 -0.020222 -0.041185
v 0.001307 -0.019173 -0.043826
v -0.001702 -0.018350 -0.045890
v -0.005127 -0.017878 -0.047141
v -0.008800 -0.017762 -0.047532
v -0.008800 -0.017762 -0.047532
v -0.012476 -0.018012 -0.047030
v -0.015877 -0.018622 -0.045656
v -0.018749 -0.019567 -0.043477
v -0.020840 -0.020714 -0.040735
v -0.021992 -0.021938 -0.037698
v -0.022313 -0.023208 -0.034530
v -0.021732 -0.024596 -0.031140
v -0.020311 -0.025776 -0.028174
v -0.018047 -0.026807 -0.025588
v -0.014978 -0.027610 -0.023564
v -0.011670 -0.028042 -0.022402
v -0.008122 -0.028143 -0.022050
v -0.004602 -0.027900 -0.022544
v -0.001401 -0.027341 -0.023826
v 0.001624 -0.026369 -0.026062
v 0.003755 -0.025180 -0.028855
v 0.004906 -0.024023 -0.031720
v -0.008987 -0.028676 -0.050558
v -0.005637 -0.028414 -0.050161
v -0.002533 -0.027932 -0.048840
v 0.000536 -0.027268 -0.046384
v 0.002613 -0.026868 -0.043549
v 0.003858 -0.027066 -0.039854
v 0.004162 -0.027893 -0.037077
v 0.003939 -0.029163 -0.034879
v 0.003222 -0.030893 -0.033050
v 0.001260 -0.033930 -0.031277
v -0.002116 -0.037854 -0.030496
v -0.004637 -0.039612 -0.030207
v -0.007525 -0.040509 -0.030108
v -0.010438 -0.040312 -0.030184
v -0.013175 -0.039314 -0.030565
v -0.016610 -0.036922 -0.031624
v -0.019020 -0.034359 -0.033082
v -0.020278 -0.032205 -0.035031
v -0.020949 -0.030060 -0.037865
v -0.020723 -0.029052 -0.040270
v -0.020083 -0.028346 -0.042858
v -0.018173 -0.028299 -0.045750
v -0.015611 -0.028400 -0.048333
v -0.012472 -0.028603 -0.049944
v -0.000062 0.002723 -0.049437
v 0.001168 0.003567 -0.048655
v -0.000133 0.001810 -0.044119
v -0.001761 0.000698 -0.045137
v 0.004779 -0.001929 -0.055313
v 0.003562 -0.002094 -0.055315
v 0.004004 -0.007064 -0.054753
v 0.006069 -0.006718 -0.054667
v 0.004085 0.004190 -0.048314
v 0.004085 0.004190 -0.048314
v 0.005484 0.004066 -0.048634
v 0.006988 0.002773 -0.044078
v 0.004726 0.002976 -0.043497
v 0.004726 0.002976 -0.043497
v 0.002121 -0.002015 -0.055050
v 0.000793 -0.001606 -0.054398
v -0.000380 -0.006415 -0.053378
v 0.001848 -0.006996 -0.054367
v -0.000223 -0.000957 -0.053535
v -0.000866 -0.000023 -0.052409
v -0.003185 -0.003942 -0.050165
v -0.002047 -0.005437 -0.052022
v -0.001026 0.000874 -0.051384
v -0.000748 0.001825 -0.050358
v -0.003058 -0.000929 -0.046799
v -0.003448 -0.002366 -0.048349
v 0.002573 0.004015 -0.048311
v 0.002327 0.002708 -0.043478
v 0.008101 0.000252 -0.053294
v 0.007262 -0.000752 -0.054314
v 0.009893 -0.004777 -0.053016
v 0.011133 -0.003269 -0.051479
v 0.008389 0.001220 -0.052245
v 0.011559 -0.001736 -0.049844
v 0.006172 -0.001457 -0.054965
v 0.008091 -0.005989 -0.054120
v 0.008237 0.002154 -0.051171
v 0.011377 -0.000342 -0.048195
v 0.007727 0.002946 -0.050212
v 0.010612 0.000896 -0.046674
v 0.006817 0.003587 -0.049356
v 0.009183 0.001999 -0.045278
v 0.004184 0.004066 -0.047445
v 0.004184 0.004066 -0.047445
v 0.005764 0.003922 -0.047780
v 0.007276 0.003375 -0.048583
v 0.008307 0.002649 -0.049548
v 0.008883 0.001760 -0.050631
v 0.009040 0.000722 -0.051845
v 0.008707 -0.000352 -0.053037
v 0.007756 -0.001452 -0.054187
v 0.006515 -0.002220 -0.054927
v 0.004965 -0.002725 -0.055319
v 0.003597 -0.002894 -0.055329
v 0.002002 -0.002795 -0.055037
v 0.000524 -0.002332 -0.054317
v -0.000604 -0.001610 -0.053361
v -0.001321 -0.000576 -0.052107
v -0.001501 0.000420 -0.050955
v -0.001199 0.001463 -0.049813
v -0.000434 0.002461 -0.048760
v 0.000913 0.003378 -0.047889
v 0.002490 0.003877 -0.047466
v 0.004545 0.003678 -0.044855
v 0.004545 0.003678 -0.044855
v 0.006639 0.003504 -0.045379
v 0.008644 0.002763 -0.046490
v 0.009979 0.001757 -0.047767
v 0.010707 0.000615 -0.049182
v 0.010874 -0.000707 -0.050714
v 0.010491 -0.002132 -0.052238
v 0.009328 -0.003561 -0.053676
v 0.007671 -0.004680 -0.054684
v 0.005758 -0.005372 -0.055197
v 0.003859 -0.005692 -0.055268
v 0.001821 -0.005635 -0.054896
v -0.000238 -0.005088 -0.053959
v -0.001795 -0.004170 -0.052690
v -0.002824 -0.002775 -0.050958
v -0.003056 -0.001331 -0.049300
v -0.002672 0.000032 -0.047850
v -0.001505 0.001519 -0.046359
v 0.000089 0.002593 -0.045384
v 0.002319 0.003415 -0.044826
v -0.000999 0.002101 -0.047675
v 0.000497 0.003109 -0.046738
v 0.002382 0.003760 -0.046259
v 0.004339 0.003987 -0.046262
v 0.004339 0.003987 -0.046262
v 0.006171 0.003832 -0.046691
v 0.007920 0.003185 -0.047642
v 0.009104 0.002327 -0.048757
v 0.009759 0.001315 -0.050007
v 0.009921 0.000131 -0.051382
v 0.009565 -0.001117 -0.052742
v 0.008503 -0.002385 -0.054040
v 0.007061 -0.003322 -0.054908
v 0.005318 -0.003922 -0.055362
v 0.003695 -0.004162 -0.055398
v 0.001869 -0.004082 -0.055063
v 0.000109 -0.003574 -0.054230
v -0.001232 -0.002752 -0.053117
v -0.002095 -0.001541 -0.051626
v -0.002297 -0.000333 -0.050233
v -0.001950 0.000874 -0.048932
v -0.000220 0.004143 -0.050687
v -0.000220 0.004143 -0.050687
v 0.000994 0.004965 -0.049917
v 0.000994 0.004965 -0.049917
v 0.003905 0.005614 -0.049583
v 0.003905 0.005614 -0.049583
v 0.005304 0.005481 -0.049934
v 0.005304 0.005481 -0.049934
v -0.001000 0.001416 -0.053688
v -0.001000 0.001416 -0.053688
v -0.001177 0.002307 -0.052651
v -0.001177 0.002307 -0.052651
v -0.000914 0.003242 -0.051614
v -0.000914 0.003242 -0.051614
v 0.002397 0.005445 -0.049565
v 0.002397 0.005445 -0.049565
v -0.000808 0.004554 -0.050433
v 0.004761 -0.000733 -0.057145
v 0.003971 -0.000434 -0.056489
v 0.003971 -0.000434 -0.056489
v 0.003942 0.006248 -0.049152
v 0.003942 0.006248 -0.049152
v 0.000673 -0.000093 -0.055643
v 0.000673 -0.000093 -0.055643
v 0.001713 -0.000838 -0.056868
v 0.001988 -0.000455 -0.056240
v 0.001988 -0.000455 -0.056240
v -0.000983 0.000357 -0.055176
v -0.000345 0.000532 -0.054793
v -0.000345 0.000532 -0.054793
v -0.001933 0.002423 -0.052702
v 0.002206 0.006049 -0.049143
v 0.007748 0.001738 -0.054538
v 0.007748 0.001738 -0.054538
v 0.006940 0.000794 -0.055502
v 0.006940 0.000794 -0.055502
v 0.008444 0.001716 -0.054893
v 0.008053 0.002670 -0.053520
v 0.008053 0.002670 -0.053520
v 0.008803 0.002814 -0.053693
v 0.005883 0.000117 -0.056129
v 0.005883 0.000117 -0.056129
v 0.007937 0.003571 -0.052474
v 0.007937 0.003571 -0.052474
v 0.008666 0.003863 -0.052476
v 0.007459 0.004349 -0.051523
v 0.007459 0.004349 -0.051523
v 0.008086 0.004778 -0.051371
v 0.006591 0.005000 -0.050659
v 0.006591 0.005000 -0.050659
v 0.007059 0.005538 -0.050373
v -0.001643 0.005582 -0.050555
v 0.003922 0.007576 -0.049037
v 0.003922 0.007576 -0.049037
v 0.003957 0.006982 -0.048891
v 0.003957 0.006982 -0.048891
v -0.002963 0.003086 -0.053208
v -0.002281 0.003898 -0.051545
v 0.001889 0.007331 -0.049044
v 0.002009 0.006754 -0.048891
v 0.009322 0.002228 -0.055813
v 0.009074 0.001867 -0.055353
v 0.008030 0.000623 -0.056615
v 0.009728 0.003536 -0.054369
v 0.009471 0.003110 -0.053989
v 0.009535 0.004783 -0.052924
v 0.009302 0.004297 -0.052612
v 0.008825 0.005856 -0.051619
v 0.008633 0.005328 -0.051370
v 0.007598 0.006743 -0.050453
v 0.007469 0.006180 -0.050253
v 0.006723 -0.000049 -0.058042
v 0.004893 -0.000914 -0.057911
v 0.000062 0.007580 -0.050780
v -0.000062 0.007350 -0.050225
v 0.004813 0.000029 -0.059189
v 0.005555 0.008289 -0.050708
v 0.005715 0.008079 -0.050161
v -0.000612 0.000483 -0.057918
v 0.001167 -0.000065 -0.058787
v 0.001282 -0.000796 -0.058147
v -0.002807 0.002597 -0.055238
v -0.001878 0.000645 -0.056115
v -0.002621 0.005077 -0.052459
v 0.007893 0.002156 -0.058004
v 0.008148 0.001641 -0.057792
v 0.009131 0.005878 -0.053940
v 0.006466 0.001215 -0.058899
v 0.003035 0.000375 -0.059386
v 0.003031 0.000994 -0.059245
v 0.005338 0.008234 -0.051293
v 0.005142 0.008034 -0.051730
v 0.005142 0.008034 -0.051730
v 0.003629 0.008158 -0.051384
v 0.003629 0.008158 -0.051384
v 0.003629 0.008158 -0.051384
v -0.000484 0.001050 -0.058112
v -0.000190 0.001616 -0.058075
v -0.002561 0.003066 -0.055545
v -0.002086 0.003455 -0.055719
v -0.002368 0.005422 -0.052903
v -0.001905 0.005604 -0.053299
v 0.007482 0.002630 -0.057984
v 0.008461 0.003786 -0.056810
v 0.007986 0.003983 -0.056755
v 0.007986 0.003983 -0.056755
v 0.008291 0.005035 -0.055590
v 0.008291 0.005035 -0.055590
v 0.006175 0.001765 -0.058802
v 0.007969 0.006960 -0.053111
v 0.007538 0.006874 -0.053386
v 0.007538 0.006874 -0.053386
v 0.001442 -0.001018 -0.057582
v -0.001586 0.000352 -0.055663
v 0.000107 0.002006 -0.057908
v 0.000107 0.002006 -0.057908
v 0.001520 0.001568 -0.058609
v 0.001520 0.001568 -0.058609
v 0.005904 0.002142 -0.058570
v 0.005904 0.002142 -0.058570
v 0.004005 -0.000536 -0.058984
v 0.000263 -0.000244 -0.058128
v -0.002482 0.001580 -0.055706
v -0.002931 0.004090 -0.052808
v 0.007525 0.000720 -0.058025
v -0.002276 0.005357 -0.051462
v -0.003028 0.002832 -0.054219
v -0.001350 0.000488 -0.057087
v -0.000954 0.006536 -0.050302
v 0.003947 -0.000140 -0.059267
v 0.004850 0.007927 -0.049497
v 0.000240 0.000162 -0.058400
v -0.002458 0.001969 -0.055989
v -0.002884 0.004448 -0.053135
v 0.002848 0.007903 -0.049262
v 0.008867 0.001898 -0.056868
v 0.009643 0.003257 -0.055429
v 0.007445 0.001108 -0.058311
v 0.009725 0.004559 -0.053949
v 0.009255 0.005739 -0.052549
v 0.008277 0.006728 -0.051299
v 0.006734 0.007501 -0.050222
v 0.005808 -0.000090 -0.058719
v 0.000859 0.007434 -0.049525
v -0.002231 0.005692 -0.051817
v -0.002988 0.003208 -0.054524
v -0.001347 0.000887 -0.057358
v 0.002175 -0.000588 -0.058791
v -0.000649 0.005628 -0.049811
v 0.004888 0.006939 -0.049067
v -0.002528 0.003290 -0.052206
v 0.002983 0.006920 -0.048831
v 0.008617 0.001224 -0.056017
v 0.009352 0.002495 -0.054677
v 0.009452 0.003717 -0.053292
v 0.009028 0.004834 -0.051974
v 0.008118 0.005779 -0.050792
v 0.006670 0.006526 -0.049764
v 0.005763 -0.000650 -0.057734
v 0.001081 0.006484 -0.049071
v -0.000428 0.007138 -0.051754
v 0.003797 0.001056 -0.059282
v 0.000552 0.001336 -0.058501
v -0.001788 0.002909 -0.056376
v -0.002136 0.005060 -0.053885
v 0.008033 0.003190 -0.057426
v 0.006869 0.002158 -0.058443
v 0.008349 0.006520 -0.053666
v 0.005379 0.001445 -0.059058
v -0.001557 0.006131 -0.052746
v -0.002234 0.003985 -0.055095
v -0.000829 0.001967 -0.057580
v 0.002204 0.001020 -0.059096
v 0.000583 0.005482 -0.049565
v -0.000165 0.005049 -0.049958
v 0.003317 -0.000934 -0.057192
v 0.004044 -0.000874 -0.057214
v 0.005574 0.006083 -0.049566
v 0.004773 0.006214 -0.049307
v 0.000193 -0.000400 -0.056170
v 0.000924 -0.000661 -0.056561
v -0.001731 0.001374 -0.053915
v -0.001418 0.000848 -0.054558
v -0.001623 0.003505 -0.051506
v -0.001839 0.002963 -0.052097
v 0.003074 0.006194 -0.049096
v 0.007521 0.000624 -0.056003
v 0.008038 0.001152 -0.055477
v 0.008693 0.002270 -0.054298
v 0.006274 -0.000189 -0.056748
v 0.006935 0.000181 -0.056423
v 0.008792 0.003350 -0.053078
v 0.008430 0.004339 -0.051909
v 0.007633 0.005179 -0.050856
v 0.006354 0.005848 -0.049932
v 0.005527 -0.000499 -0.056989
v 0.001374 0.005814 -0.049297
v -0.001286 0.004037 -0.050951
v -0.001899 0.001896 -0.053302
v -0.000444 -0.000060 -0.055711
v 0.002525 -0.000926 -0.057077
v -0.000880 0.006152 -0.050009
v 0.000005 0.006651 -0.049558
v 0.004893 0.007528 -0.049220
v 0.005833 0.007368 -0.049523
v -0.002841 0.003718 -0.052505
v -0.002580 0.004353 -0.051817
v 0.002904 0.007509 -0.048978
v 0.008842 0.001549 -0.056514
v 0.008222 0.000915 -0.057145
v 0.009610 0.002889 -0.055096
v 0.009700 0.004174 -0.053637
v 0.009243 0.005343 -0.052253
v 0.008282 0.006326 -0.051015
v 0.006759 0.007099 -0.049945
v 0.005826 -0.000414 -0.058330
v 0.004908 -0.000689 -0.058514
v 0.000926 0.007045 -0.049237
v -0.000753 0.007103 -0.051212
v -0.001679 0.006285 -0.051219
v -0.000930 0.006852 -0.050675
v 0.003128 -0.000607 -0.058949
v 0.004875 -0.000368 -0.058904
v 0.004051 -0.000855 -0.058594
v 0.004660 0.008421 -0.050442
v 0.003812 0.008267 -0.049705
v 0.003812 0.008267 -0.049705
v 0.004778 0.008228 -0.049872
v -0.000601 0.000079 -0.057647
v 0.001202 -0.000470 -0.058515
v 0.000352 -0.000576 -0.057770
v -0.002839 0.002213 -0.054943
v -0.001978 0.000988 -0.056442
v -0.002381 0.001229 -0.055385
v -0.002666 0.004730 -0.052118
v -0.003057 0.003453 -0.053514
v 0.002783 0.008377 -0.050245
v 0.001800 0.008018 -0.049719
v 0.002804 0.008196 -0.049653
v 0.008494 0.002768 -0.057397
v 0.009261 0.002964 -0.056455
v 0.008775 0.002281 -0.057157
v 0.009227 0.004057 -0.056032
v 0.009650 0.004279 -0.054997
v 0.009542 0.003628 -0.055731
v 0.006720 0.000278 -0.058426
v 0.008237 0.001254 -0.057508
v 0.007519 0.000388 -0.057650
v 0.009293 0.005295 -0.054624
v 0.009446 0.005533 -0.053547
v 0.009616 0.004921 -0.054262
v 0.008840 0.006407 -0.053297
v 0.008719 0.006596 -0.052241
v 0.009146 0.006088 -0.052875
v 0.007897 0.007330 -0.052119
v 0.007480 0.007473 -0.051083
v 0.008169 0.007061 -0.051640
v 0.006436 0.008047 -0.051103
v 0.006640 0.007820 -0.050577
v 0.005597 0.000866 -0.059179
v 0.006649 0.000667 -0.058716
v 0.005743 0.000302 -0.059007
v 0.000923 0.007946 -0.050482
v 0.000846 0.007738 -0.049908
v -0.001720 0.005963 -0.050852
v -0.002195 0.004979 -0.051162
v -0.002930 0.002468 -0.053908
v -0.001252 0.000149 -0.056749
v 0.002132 0.000402 -0.059224
v 0.003076 -0.000210 -0.059229
v 0.002131 -0.000187 -0.059067
v -0.001458 0.006561 -0.051732
v 0.003871 0.000442 -0.059425
v 0.004704 0.000606 -0.059352
v 0.004519 0.008351 -0.051049
v 0.004396 0.008139 -0.051508
v 0.004396 0.008139 -0.051508
v 0.003677 0.008372 -0.050913
v 0.003677 0.008372 -0.050913
v 0.000327 0.000744 -0.058576
v 0.001211 0.000524 -0.058951
v -0.002233 0.002467 -0.056260
v -0.001765 0.001905 -0.056954
v -0.002620 0.004825 -0.053543
v -0.002740 0.004228 -0.054202
v 0.002803 0.008304 -0.050870
v 0.001932 0.008150 -0.050926
v 0.008961 0.003421 -0.056725
v 0.008705 0.004369 -0.056175
v 0.008208 0.004514 -0.056177
v 0.008208 0.004514 -0.056177
v 0.008796 0.004941 -0.055530
v 0.007224 0.001642 -0.058506
v 0.008766 0.005503 -0.054884
v 0.008617 0.006037 -0.054256
v 0.008427 0.006889 -0.052691
v 0.007484 0.007362 -0.052586
v 0.007096 0.007239 -0.052908
v 0.007096 0.007239 -0.052908
v 0.006880 0.007717 -0.052098
v 0.006145 0.008015 -0.051655
v 0.001102 0.007910 -0.051086
v 0.001284 0.007738 -0.051542
v 0.001284 0.007738 -0.051542
v 0.000316 0.007576 -0.051359
v -0.001988 0.006001 -0.052298
v -0.002725 0.003648 -0.054864
v -0.001182 0.001435 -0.057571
v -0.000066 0.007039 -0.049848
v 0.003872 0.007973 -0.049319
v 0.003872 0.007973 -0.049319
v 0.005799 0.007769 -0.049798
v -0.001963 0.001381 -0.056716
v -0.003010 0.003819 -0.053829
v 0.001827 0.007723 -0.049330
v 0.009356 0.002587 -0.056157
v 0.009758 0.003912 -0.054691
v 0.009555 0.005176 -0.053228
v 0.008829 0.006255 -0.051908
v 0.007583 0.007147 -0.050733
v 0.002245 -0.000908 -0.058413
v 0.003256 -0.001137 -0.057961
v 0.004079 -0.001072 -0.057988
v -0.000269 -0.000511 -0.056785
v 0.000553 -0.000812 -0.057229
v -0.002417 0.001503 -0.054242
v -0.002071 0.000908 -0.054967
v 0.006612 -0.000299 -0.057461
v 0.007365 0.000120 -0.057092
v -0.001376 0.005078 -0.050339
v -0.001909 0.004498 -0.050920
v -0.002639 0.002684 -0.052883
v -0.002604 0.002092 -0.053555
v -0.000983 -0.000122 -0.056266
v 0.002359 -0.001123 -0.057826
v 0.000196 0.006110 -0.049376
v 0.005788 0.006788 -0.049358
v 0.003186 -0.000924 -0.058563
v -0.000506 -0.000257 -0.057298
v -0.002738 0.001854 -0.054627
v -0.000109 0.007035 -0.052150
v -0.000109 0.007035 -0.052150
v -0.001071 0.006642 -0.052230
v 0.004560 0.001206 -0.059216
v 0.003740 0.008448 -0.050292
v 0.003740 0.008448 -0.050292
v 0.000782 0.001751 -0.058296
v 0.000782 0.001751 -0.058296
v 0.001361 0.001135 -0.058845
v -0.001362 0.002396 -0.057014
v -0.001665 0.005142 -0.054091
v -0.001665 0.005142 -0.054091
v -0.002247 0.004515 -0.054489
v 0.001830 0.008209 -0.050307
v 0.009326 0.004680 -0.055328
v 0.006537 0.002500 -0.058244
v 0.006537 0.002500 -0.058244
v 0.007884 0.006473 -0.053892
v 0.007884 0.006473 -0.053892
v 0.007238 0.007719 -0.051587
v 0.005179 0.001851 -0.058803
v 0.005179 0.001851 -0.058803
v -0.001137 0.006117 -0.053054
v -0.001137 0.006117 -0.053054
v -0.000475 0.002326 -0.057457
v -0.000475 0.002326 -0.057457
v 0.002287 0.001464 -0.058838
v 0.002287 0.001464 -0.058838
v 0.003277 0.004786 -0.055147
v -0.000694 0.006583 -0.052583
v -0.000694 0.006583 -0.052583
v 0.000568 0.007433 -0.051790
v 0.000568 0.007433 -0.051790
v 0.002040 0.007956 -0.051396
v 0.002040 0.007956 -0.051396
v 0.006546 0.007562 -0.052464
v 0.006546 0.007562 -0.052464
v 0.008128 0.006033 -0.054429
v 0.008128 0.006033 -0.054429
v 0.007095 0.002931 -0.057825
v 0.007095 0.002931 -0.057825
v 0.004433 0.001633 -0.058948
v 0.004433 0.001633 -0.058948
v 0.003041 0.001440 -0.058974
v 0.003041 0.001440 -0.058974
v -0.000960 0.002717 -0.056941
v -0.000960 0.002717 -0.056941
v -0.001619 0.003681 -0.055761
v -0.001619 0.003681 -0.055761
v -0.001765 0.004646 -0.054641
v -0.001765 0.004646 -0.054641
v -0.001455 0.005638 -0.053557
v -0.001455 0.005638 -0.053557
v 0.000669 0.007335 -0.051915
v 0.005073 0.007913 -0.051857
v 0.006953 0.003000 -0.057726
v 0.005807 0.002240 -0.058443
v 0.003050 0.001564 -0.058831
v 0.000225 0.002110 -0.057805
v -0.001437 0.003722 -0.055739
v -0.001279 0.005606 -0.053617
v 0.002833 0.008096 -0.051345
v 0.002833 0.008096 -0.051345
v 0.008264 0.005547 -0.055001
v 0.008264 0.005547 -0.055001
v 0.005877 0.007834 -0.052060
v 0.005877 0.007834 -0.052060
v 0.003738 0.001496 -0.059007
v 0.003738 0.001496 -0.059007
v -0.001348 0.003184 -0.056360
v -0.001348 0.003184 -0.056360
v 0.007596 0.003440 -0.057317
v 0.007596 0.003440 -0.057317
v -0.001754 0.004164 -0.055193
v -0.001754 0.004164 -0.055193
v 0.001585 0.001688 -0.058480
v 0.004390 0.001750 -0.058806
v 0.007811 0.004013 -0.056696
v 0.008105 0.005025 -0.055573
v 0.007948 0.005987 -0.054456
v 0.007380 0.006796 -0.053452
v 0.006425 0.007459 -0.052563
v 0.003616 0.008033 -0.051523
v 0.002086 0.007838 -0.051535
v -0.000547 0.006516 -0.052678
v -0.001578 0.004651 -0.054660
v -0.000803 0.002794 -0.056874
v -0.017933 0.006981 -0.000761
v -0.014097 -0.009819 -0.006223
v -0.014685 -0.009847 -0.008664
v -0.013241 -0.010993 -0.007870
v -0.012385 -0.011523 -0.006639
v -0.011633 -0.012132 -0.002931
v -0.013111 -0.011111 0.001023
v -0.018530 0.007044 0.006948
v -0.018001 0.008244 0.005919
v -0.017309 0.009210 0.004098
v -0.016943 0.009476 0.000109
v -0.017414 0.008891 -0.001732
v -0.018205 0.007674 -0.003125
v -0.019182 0.004920 -0.004574
v -0.018607 0.002402 -0.002314
v -0.019047 0.004367 0.007400
v -0.011738 -0.011966 -0.004854
v -0.013599 -0.010061 -0.003855
v -0.018317 0.002146 0.000590
v -0.017864 0.006730 0.001664
v -0.016930 0.009586 0.002145
v -0.019427 0.000835 -0.005949
v -0.018749 0.000295 0.006701
v -0.018916 -0.002899 -0.007287
v -0.018108 -0.002588 -0.003970
v -0.017667 -0.002681 -0.000857
v -0.017647 -0.003917 0.005299
v -0.017829 -0.005925 -0.008267
v -0.016123 -0.007198 0.004007
v -0.016433 -0.008022 -0.008769
v -0.016396 -0.006656 -0.005329
v -0.015904 -0.006776 -0.002389
v -0.014614 -0.009377 0.002775
v -0.018081 0.006659 0.004180
v -0.018402 0.002054 0.003614
v -0.017533 -0.003091 0.002202
v -0.015605 -0.007286 0.000473
v -0.013323 -0.010454 -0.001464
v -0.012154 -0.011882 -0.000807
v -0.007655 0.011138 -0.004283
v -0.007732 0.008213 -0.005725
v -0.007813 0.004510 -0.006866
v -0.007875 0.000877 -0.007958
v -0.007924 -0.002776 -0.009011
v -0.007950 -0.005723 -0.009582
v -0.007966 -0.008545 -0.009403
v -0.007970 -0.010486 -0.008411
v -0.007970 -0.010486 -0.008411
v -0.007969 -0.011403 -0.006983
v -0.007968 -0.012149 -0.004928
v -0.007969 -0.012378 -0.002688
v -0.007971 -0.011870 -0.000117
v -0.007969 -0.010615 0.002141
v -0.007959 -0.008497 0.004046
v -0.007942 -0.005966 0.005399
v -0.007900 -0.002162 0.006737
v -0.007828 0.002715 0.008019
v -0.007743 0.007431 0.008645
v -0.007663 0.010988 0.008203
v -0.007616 0.012772 0.006874
v -0.007583 0.013671 0.004662
v -0.007573 0.013773 0.002253
v -0.007581 0.013361 -0.000302
v -0.007607 0.012586 -0.002564
v -0.018934 -0.002597 -0.008226
v -0.018934 -0.002597 -0.008226
v -0.019336 0.001273 -0.006895
v -0.019336 0.001273 -0.006895
v -0.018911 0.005447 -0.005531
v -0.018911 0.005447 -0.005531
v -0.017830 0.008292 -0.004058
v -0.017830 0.008292 -0.004058
v -0.016859 0.009720 -0.002431
v -0.016859 0.009720 -0.002431
v -0.016319 0.010437 -0.000214
v -0.016319 0.010437 -0.000214
v -0.016316 0.010602 0.002198
v -0.016316 0.010602 0.002198
v -0.016774 0.010205 0.004515
v -0.016774 0.010205 0.004515
v -0.017578 0.009111 0.006646
v -0.017578 0.009111 0.006646
v -0.018213 0.007656 0.007898
v -0.018213 0.007656 0.007898
v -0.018810 0.004647 0.008430
v -0.018810 0.004647 0.008430
v -0.018492 0.000284 0.007719
v -0.018492 0.000284 0.007719
v -0.017352 -0.004126 0.006254
v -0.017352 -0.004126 0.006254
v -0.015746 -0.007542 0.004878
v -0.015746 -0.007542 0.004878
v -0.014144 -0.009789 0.003599
v -0.014144 -0.009789 0.003599
v -0.012549 -0.011579 0.001796
v -0.012549 -0.011579 0.001796
v -0.011394 -0.012547 -0.000378
v -0.011394 -0.012547 -0.000378
v -0.010779 -0.012889 -0.002903
v -0.010779 -0.012889 -0.002903
v -0.010919 -0.012681 -0.005138
v -0.010919 -0.012681 -0.005138
v -0.011678 -0.012125 -0.007201
v -0.011678 -0.012125 -0.007201
v -0.012647 -0.011479 -0.008609
v -0.012647 -0.011479 -0.008609
v -0.012647 -0.011479 -0.008609
v -0.014326 -0.010093 -0.009572
v -0.014326 -0.010093 -0.009572
v -0.016250 -0.008089 -0.009726
v -0.016250 -0.008089 -0.009726
v -0.017803 -0.005787 -0.009212
v -0.017803 -0.005787 -0.009212
v -0.019179 0.005171 -0.005129
v -0.019497 0.001036 -0.006489
v -0.019035 -0.002766 -0.007819
v -0.017935 -0.005879 -0.008806
v -0.016461 -0.008078 -0.009322
v -0.014616 -0.009988 -0.009198
v -0.012993 -0.011277 -0.008296
v -0.012055 -0.011863 -0.006953
v -0.011342 -0.012358 -0.005004
v -0.011223 -0.012544 -0.002896
v -0.011820 -0.012239 -0.000514
v -0.012919 -0.011345 0.001527
v -0.014461 -0.009591 0.003278
v -0.016008 -0.007388 0.004511
v -0.017585 -0.004046 0.005839
v -0.018723 0.000257 0.007275
v -0.019053 0.004476 0.007992
v -0.018512 0.007332 0.007509
v -0.017907 0.008685 0.006354
v -0.017132 0.009727 0.004352
v -0.016698 0.010121 0.002191
v -0.016708 0.009986 -0.000062
v -0.017242 0.009327 -0.002140
v -0.018140 0.007976 -0.003669
v 0.000645 0.010389 -0.033855
v 0.001405 0.011812 -0.031816
v 0.003250 0.012839 -0.030495
v 0.005648 0.013252 -0.030158
v 0.007978 0.012972 -0.030847
v 0.009722 0.012066 -0.032397
v 0.010315 0.010764 -0.034407
v 0.009636 0.009419 -0.036337
v 0.007630 0.008282 -0.037804
v 0.005303 0.007880 -0.038138
v 0.003029 0.008138 -0.037491
v 0.001191 0.009111 -0.035826
v 0.000834 0.011113 -0.032794
v 0.004426 0.013144 -0.030178
v 0.004426 0.013144 -0.030178
v 0.006877 0.013209 -0.030366
v 0.010204 0.011442 -0.033382
v 0.010152 0.010063 -0.035436
v 0.006493 0.007985 -0.038118
v 0.004102 0.007915 -0.037948
v 0.000766 0.009721 -0.034865
v 0.000480 0.012411 -0.036513
v 0.000480 0.012411 -0.036513
v 0.000365 0.013072 -0.035515
v 0.000365 0.013072 -0.035515
v 0.000550 0.013787 -0.034467
v 0.000550 0.013787 -0.034467
v 0.001098 0.014480 -0.033488
v 0.001098 0.014480 -0.033488
v 0.002990 0.015536 -0.032129
v 0.002990 0.015536 -0.032129
v 0.004162 0.015832 -0.031831
v 0.004162 0.015832 -0.031831
v 0.004162 0.015832 -0.031831
v 0.005370 0.015939 -0.031811
v 0.005370 0.015939 -0.031811
v 0.006586 0.015897 -0.032015
v 0.006586 0.015897 -0.032015
v 0.007687 0.015670 -0.032473
v 0.007687 0.015670 -0.032473
v 0.009474 0.014737 -0.034071
v 0.009474 0.014737 -0.034071
v 0.009931 0.014117 -0.035054
v 0.009931 0.014117 -0.035054
v 0.010040 0.013447 -0.036068
v 0.010040 0.013447 -0.036068
v 0.009877 0.012754 -0.037083
v 0.009877 0.012754 -0.037083
v 0.009384 0.012110 -0.037981
v 0.009384 0.012110 -0.037981
v 0.007332 0.010945 -0.039484
v 0.007332 0.010945 -0.039484
v 0.006199 0.010663 -0.039783
v 0.006199 0.010663 -0.039783
v 0.005024 0.010559 -0.039804
v 0.005024 0.010559 -0.039804
v 0.003837 0.010593 -0.039616
v 0.003837 0.010593 -0.039616
v 0.002766 0.010800 -0.039176
v 0.002766 0.010800 -0.039176
v 0.000886 0.011799 -0.037468
v 0.000886 0.011799 -0.037468
v 0.006501 0.016155 -0.032343
v 0.007594 0.015946 -0.032773
v 0.009327 0.015037 -0.034330
v 0.009747 0.014427 -0.035296
v 0.009851 0.013780 -0.036274
v 0.009692 0.013112 -0.037253
v 0.009229 0.012476 -0.038143
v 0.007248 0.011350 -0.039596
v 0.006130 0.011083 -0.039872
v 0.004993 0.010980 -0.039895
v 0.003846 0.011014 -0.039712
v 0.002783 0.011206 -0.039296
v 0.000970 0.012174 -0.037643
v 0.000588 0.012779 -0.036701
v 0.000484 0.013421 -0.035732
v 0.000661 0.014110 -0.034723
v 0.001170 0.014788 -0.033762
v 0.003003 0.015815 -0.032440
v 0.004156 0.016092 -0.032167
v 0.005325 0.016195 -0.032148
v 0.005157 0.013661 -0.036048
v 0.008585 0.015563 -0.033457
v 0.008703 0.015273 -0.033180
v 0.008703 0.015273 -0.033180
v 0.008963 0.012585 -0.031537
v 0.001967 0.015367 -0.032987
v 0.001927 0.015073 -0.032696
v 0.001927 0.015073 -0.032696
v 0.002217 0.012387 -0.031051
v 0.008371 0.011839 -0.038992
v 0.008489 0.011454 -0.038854
v 0.008489 0.011454 -0.038854
v 0.008755 0.008783 -0.037185
v 0.001739 0.011610 -0.038571
v 0.001689 0.011221 -0.038422
v 0.001689 0.011221 -0.038422
v 0.001981 0.008551 -0.036753
v -0.040482 -0.001374 -0.036397
v -0.040482 -0.001374 -0.036397
v -0.040482 -0.001374 -0.036397
v -0.038846 0.003689 -0.030473
v -0.038846 0.003689 -0.030473
v -0.038846 0.003689 -0.030473
v -0.035344 0.008674 -0.024994
v -0.035344 0.008674 -0.024994
v -0.035344 0.008674 -0.024994
v -0.030193 0.013133 -0.020535
v -0.030193 0.013133 -0.020535
v -0.024825 0.016004 -0.018094
v -0.024825 0.016004 -0.018094
v -0.024825 0.016004 -0.018094
v -0.016172 0.019421 -0.016069
v -0.016172 0.019421 -0.016069
v -0.016172 0.019421 -0.016069
v -0.009657 0.021091 -0.015782
v -0.009657 0.021091 -0.015782
v -0.009657 0.021091 -0.015782
v 0.001268 0.021702 -0.017713
v 0.007440 0.019989 -0.020533
v 0.007440 0.019989 -0.020533
v 0.014483 0.015904 -0.025899
v 0.014483 0.015904 -0.025899
v 0.018967 0.012004 -0.031701
v 0.018967 0.012004 -0.031701
v 0.021640 0.007146 -0.038079
v 0.021640 0.007146 -0.038079
v 0.021640 0.007146 -0.038079
v 0.021640 0.007146 -0.038079
v 0.022186 0.001653 -0.044963
v 0.022186 0.001653 -0.044963
v 0.022186 0.001653 -0.044963
v 0.022186 0.001653 -0.044963
v 0.020454 -0.003600 -0.050963
v 0.020454 -0.003600 -0.050963
v 0.020454 -0.003600 -0.050963
v 0.016703 -0.008748 -0.056595
v 0.016703 -0.008748 -0.056595
v 0.016703 -0.008748 -0.056595
v 0.016703 -0.008748 -0.056595
v 0.016703 -0.008748 -0.056595
v 0.011122 -0.013226 -0.061036
v 0.011122 -0.013226 -0.061036
v 0.004151 -0.016762 -0.063940
v 0.004151 -0.016762 -0.063940
v -0.003840 -0.019083 -0.064998
v -0.003840 -0.019083 -0.064998
v -0.003840 -0.019083 -0.064998
v -0.012041 -0.019917 -0.064451
v -0.012041 -0.019917 -0.064451
v -0.020008 -0.019553 -0.062649
v -0.020008 -0.019553 -0.062649
v -0.020008 -0.019553 -0.062649
v -0.027123 -0.017879 -0.058964
v -0.027123 -0.017879 -0.058964
v -0.027123 -0.017879 -0.058964
v -0.027123 -0.017879 -0.058964
v -0.033045 -0.014963 -0.054272
v -0.033045 -0.014963 -0.054272
v -0.033045 -0.014963 -0.054272
v -0.037535 -0.011017 -0.048856
v -0.037535 -0.011017 -0.048856
v -0.037535 -0.011017 -0.048856
v -0.039976 -0.006445 -0.042671
v -0.039976 -0.006445 -0.042671
v -0.041368 -0.009175 -0.040308
v -0.041368 -0.009175 -0.040308
v -0.041368 -0.009175 -0.040308
v -0.038657 -0.014169 -0.046713
v -0.038657 -0.014169 -0.046713
v -0.033996 -0.018277 -0.052562
v -0.033996 -0.018277 -0.052562
v -0.033996 -0.018277 -0.052562
v -0.033996 -0.018277 -0.052562
v -0.027665 -0.021434 -0.057478
v -0.027665 -0.021434 -0.057478
v -0.027665 -0.021434 -0.057478
v -0.027665 -0.021434 -0.057478
v -0.020016 -0.023349 -0.061080
v -0.020016 -0.023349 -0.061080
v -0.020016 -0.023349 -0.061080
v -0.020016 -0.023349 -0.061080
v -0.011659 -0.023757 -0.063052
v -0.011659 -0.023757 -0.063052
v -0.002998 -0.022779 -0.063439
v -0.002998 -0.022779 -0.063439
v -0.002998 -0.022779 -0.063439
v 0.005228 -0.020307 -0.061882
v 0.005228 -0.020307 -0.061882
v 0.005228 -0.020307 -0.061882
v 0.012081 -0.016941 -0.059025
v 0.012081 -0.016941 -0.059025
v 0.012081 -0.016941 -0.059025
v 0.012081 -0.016941 -0.059025
v 0.017640 -0.012342 -0.054487
v 0.017640 -0.012342 -0.054487
v 0.017640 -0.012342 -0.054487
v 0.017640 -0.012342 -0.054487
v 0.021686 -0.006961 -0.048720
v 0.021686 -0.006961 -0.048720
v 0.021686 -0.006961 -0.048720
v 0.023463 -0.001370 -0.042364
v 0.023463 -0.001370 -0.042364
v 0.023118 0.004246 -0.035513
v 0.023118 0.004246 -0.035513
v 0.023118 0.004246 -0.035513
v 0.023118 0.004246 -0.035513
v 0.020911 0.008017 -0.028892
v 0.020911 0.008017 -0.028892
v 0.020911 0.008017 -0.028892
v 0.015808 0.013997 -0.021877
v 0.015808 0.013997 -0.021877
v 0.015808 0.013997 -0.021877
v 0.008050 0.019670 -0.016822
v 0.008050 0.019670 -0.016822
v 0.001690 0.021608 -0.012713
v 0.001690 0.021608 -0.012713
v -0.008713 0.020711 -0.011382
v -0.014588 0.018002 -0.010831
v -0.014588 0.018002 -0.010831
v -0.014588 0.018002 -0.010831
v -0.014588 0.018002 -0.010831
v -0.029940 0.011819 -0.016922
v -0.029940 0.011819 -0.016922
v -0.029940 0.011819 -0.016922
v -0.029940 0.011819 -0.016922
v -0.035901 0.007111 -0.021657
v -0.035901 0.007111 -0.021657
v -0.039977 0.001556 -0.027617
v -0.039977 0.001556 -0.027617
v -0.039977 0.001556 -0.027617
v -0.039977 0.001556 -0.027617
v -0.041808 -0.003692 -0.033570
v -0.041808 -0.003692 -0.033570
v -0.041808 -0.003692 -0.033570
v -0.037765 0.000698 -0.038282
v -0.037765 0.000698 -0.038282
v -0.037765 0.000698 -0.038282
v -0.037695 -0.004181 -0.043838
v -0.035098 -0.008510 -0.049672
v -0.035098 -0.008510 -0.049672
v -0.035098 -0.008510 -0.049672
v -0.031174 -0.011799 -0.054588
v -0.031174 -0.011799 -0.054588
v -0.025832 -0.014277 -0.059180
v -0.025832 -0.014277 -0.059180
v -0.019458 -0.015751 -0.062300
v -0.019458 -0.015751 -0.062300
v -0.012274 -0.015922 -0.064253
v -0.012274 -0.015922 -0.064253
v -0.012274 -0.015922 -0.064253
v -0.012274 -0.015922 -0.064253
v -0.012274 -0.015922 -0.064253
v -0.004715 -0.014963 -0.064733
v -0.004715 -0.014963 -0.064733
v -0.004715 -0.014963 -0.064733
v 0.002802 -0.012895 -0.063733
v 0.002802 -0.012895 -0.063733
v 0.002802 -0.012895 -0.063733
v 0.009483 -0.009854 -0.061220
v 0.009483 -0.009854 -0.061220
v 0.009483 -0.009854 -0.061220
v 0.009483 -0.009854 -0.061220
v 0.014412 -0.005840 -0.057314
v 0.014412 -0.005840 -0.057314
v 0.014412 -0.005840 -0.057314
v 0.018201 -0.001272 -0.052310
v 0.019697 0.003863 -0.046632
v 0.019697 0.003863 -0.046632
v 0.019132 0.008956 -0.040338
v 0.019132 0.008956 -0.040338
v 0.019132 0.008956 -0.040338
v 0.016648 0.013341 -0.034341
v 0.016648 0.013341 -0.034341
v 0.016648 0.013341 -0.034341
v 0.016648 0.013341 -0.034341
v 0.012420 0.016999 -0.028912
v 0.012420 0.016999 -0.028912
v 0.012420 0.016999 -0.028912
v 0.006335 0.019777 -0.024333
v 0.000573 0.021364 -0.021306
v 0.000573 0.021364 -0.021306
v 0.000573 0.021364 -0.021306
v -0.010275 0.021040 -0.019494
v -0.010275 0.021040 -0.019494
v -0.016300 0.019615 -0.019985
v -0.016300 0.019615 -0.019985
v -0.023606 0.016872 -0.021666
v -0.023606 0.016872 -0.021666
v -0.023606 0.016872 -0.021666
v -0.028775 0.013721 -0.024259
v -0.028775 0.013721 -0.024259
v -0.028775 0.013721 -0.024259
v -0.033509 0.009555 -0.028088
v -0.033509 0.009555 -0.028088
v -0.033509 0.009555 -0.028088
v -0.036593 0.005097 -0.032685
v -0.035172 0.005611 -0.033628
v -0.035172 0.005611 -0.033628
v -0.033437 0.008297 -0.030868
v -0.033437 0.008297 -0.030868
v -0.022778 0.014839 -0.026661
v -0.022778 0.014839 -0.026661
v -0.026841 0.013481 -0.026731
v -0.026841 0.013481 -0.026731
v -0.022910 0.016733 -0.023332
v -0.022910 0.016733 -0.023332
v -0.022910 0.016733 -0.023332
v -0.022910 0.016733 -0.023332
v -0.035910 0.000453 -0.040205
v -0.035910 0.000453 -0.040205
v -0.035910 0.000453 -0.040205
v -0.035910 0.000453 -0.040205
v -0.034273 -0.001594 -0.043728
v -0.031301 -0.002064 -0.045810
v -0.014786 0.007070 -0.040656
v -0.014786 0.007070 -0.040656
v -0.014295 0.010197 -0.036608
v -0.014295 0.010197 -0.036608
v -0.014295 0.010197 -0.036608
v -0.020936 -0.000619 -0.048031
v -0.020936 -0.000619 -0.048031
v -0.015152 0.003586 -0.045000
v -0.015152 0.003586 -0.045000
v -0.015152 0.003586 -0.045000
v -0.005372 0.011521 -0.037319
v -0.005372 0.011521 -0.037319
v -0.005372 0.011521 -0.037319
v -0.006021 0.007078 -0.043050
v -0.006021 0.007078 -0.043050
v -0.010892 0.005595 -0.043680
v -0.010892 0.005595 -0.043680
v -0.012387 0.011534 -0.035370
v -0.012387 0.011534 -0.035370
v -0.012387 0.011534 -0.035370
v -0.004385 0.010190 -0.039351
v -0.004385 0.010190 -0.039351
v -0.004385 0.010190 -0.039351
v 0.000856 0.011916 -0.037860
v -0.012526 0.003352 -0.046062
v -0.012526 0.003352 -0.046062
v -0.012526 0.003352 -0.046062
v -0.012526 0.003352 -0.046062
v -0.013243 0.005988 -0.042521
v -0.013243 0.005988 -0.042521
v -0.007356 0.012277 -0.035781
v -0.007356 0.012277 -0.035781
v -0.009884 0.012282 -0.035079
v -0.009884 0.012282 -0.035079
v 0.015060 0.009803 -0.041474
v 0.013558 0.012967 -0.037163
v 0.013558 0.012967 -0.037163
v 0.009008 0.016817 -0.031164
v 0.009008 0.016817 -0.031164
v -0.030393 -0.010866 -0.054518
v -0.030393 -0.010866 -0.054518
v -0.030393 -0.010866 -0.054518
v -0.030393 -0.010866 -0.054518
v 0.001901 -0.009723 -0.062231
v 0.001901 -0.009723 -0.062231
v 0.001901 -0.009723 -0.062231
v 0.001901 -0.009723 -0.062231
v 0.011445 -0.003432 -0.056734
v 0.011445 -0.003432 -0.056734
v 0.011445 -0.003432 -0.056734
v 0.014315 0.000684 -0.052494
v 0.014315 0.000684 -0.052494
v 0.014315 0.000684 -0.052494
v 0.015599 0.005251 -0.047728
v 0.015599 0.005251 -0.047728
v 0.015599 0.005251 -0.047728
v 0.003005 0.015980 -0.032348
v 0.003005 0.015980 -0.032348
v -0.004616 0.008588 -0.041419
v -0.004616 0.008588 -0.041419
v 0.009660 0.012388 -0.038381
v 0.009660 0.012388 -0.038381
v 0.009660 0.012388 -0.038381
v 0.010281 0.013759 -0.036354
v 0.010281 0.013759 -0.036354
v 0.010281 0.013759 -0.036354
v 0.010281 0.013759 -0.036354
v 0.010281 0.013759 -0.036354
v 0.011125 0.015349 -0.033605
v 0.011125 0.015349 -0.033605
v 0.011125 0.015349 -0.033605
v 0.009677 0.015033 -0.034329
v 0.009677 0.015033 -0.034329
v 0.009677 0.015033 -0.034329
v 0.004508 0.018620 -0.027465
v 0.008035 0.016040 -0.032692
v 0.008035 0.016040 -0.032692
v 0.007817 0.011305 -0.039661
v 0.007817 0.011305 -0.039661
v 0.007817 0.011305 -0.039661
v 0.002706 0.010934 -0.039466
v 0.001070 0.014862 -0.033704
v 0.001070 0.014862 -0.033704
v 0.005554 0.016410 -0.031973
v 0.005554 0.016410 -0.031973
v 0.005554 0.016410 -0.031973
v 0.005519 0.010744 -0.040179
v 0.005519 0.010744 -0.040179
v 0.005519 0.010744 -0.040179
v 0.006901 -0.002377 -0.055913
v 0.006901 -0.002377 -0.055913
v 0.006901 -0.002377 -0.055913
v 0.006901 -0.002377 -0.055913
v 0.008395 -0.001517 -0.055149
v 0.008395 -0.001517 -0.055149
v 0.008395 -0.001517 -0.055149
v 0.009571 -0.000254 -0.053874
v 0.009571 -0.000254 -0.053874
v 0.009571 -0.000254 -0.053874
v 0.010067 0.002248 -0.051144
v 0.010067 0.002248 -0.051144
v 0.010067 0.002248 -0.051144
v 0.002731 0.004995 -0.047042
v 0.002731 0.004995 -0.047042
v 0.002731 0.004995 -0.047042
v 0.006600 0.004981 -0.047625
v 0.006600 0.004981 -0.047625
v -0.010725 0.002194 -0.047923
v -0.010725 0.002194 -0.047923
v -0.010725 0.002194 -0.047923
v -0.001867 0.002150 -0.049570
v -0.001867 0.002150 -0.049570
v -0.001867 0.002150 -0.049570
v -0.011183 -0.001431 -0.051967
v -0.011183 -0.001431 -0.051967
v -0.011183 -0.001431 -0.051967
v -0.001397 -0.001501 -0.053879
v -0.001397 -0.001501 -0.053879
v 0.001621 -0.002962 -0.055914
v 0.001621 -0.002962 -0.055914
v 0.001621 -0.002962 -0.055914
v 0.001621 -0.002962 -0.055914
v 0.004746 0.005123 -0.047105
v 0.004746 0.005123 -0.047105
v 0.010049 0.000980 -0.052529
v 0.010049 0.000980 -0.052529
v -0.002333 0.000921 -0.050943
v -0.002333 0.000921 -0.050943
v -0.010239 0.000443 -0.050091
v -0.010239 0.000443 -0.050091
v -0.020411 -0.002360 -0.050209
v -0.020411 -0.002360 -0.050209
v -0.020411 -0.002360 -0.050209
v -0.017893 0.002825 -0.045017
v -0.017893 0.002825 -0.045017
v -0.036052 0.003067 -0.036614
v -0.036052 0.003067 -0.036614
v -0.036052 0.003067 -0.036614
v -0.030528 0.011223 -0.028205
v -0.034654 0.005680 -0.033839
v -0.034654 0.005680 -0.033839
v -0.034654 0.005680 -0.033839
v -0.033019 0.008185 -0.031250
v -0.019682 0.013792 -0.029601
v -0.019682 0.013792 -0.029601
v -0.023064 0.014342 -0.027326
v -0.026864 0.013062 -0.027390
v -0.026864 0.013062 -0.027390
v -0.026864 0.013062 -0.027390
v -0.035340 0.000835 -0.039982
v -0.033808 -0.001091 -0.043271
v -0.031021 -0.001548 -0.045203
v -0.019717 0.006538 -0.039568
v -0.019717 0.006538 -0.039568
v -0.018454 0.009410 -0.036204
v -0.018454 0.009410 -0.036204
v -0.024130 0.001272 -0.044623
v -0.021283 0.004054 -0.042230
v -0.021283 0.004054 -0.042230
v -0.018321 0.011885 -0.032837
v -0.027260 -0.000649 -0.045753
v -0.035475 0.003299 -0.036635
v -0.030310 0.010941 -0.028768
v -0.030310 0.010941 -0.028768
v -0.029698 0.002123 -0.040354
v -0.029698 0.002123 -0.040354
v -0.023468 0.005485 -0.038701
v -0.023468 0.005485 -0.038701
v -0.024082 0.010029 -0.032257
v -0.030545 0.006481 -0.034155
v -0.030545 0.006481 -0.034155
v -0.030545 0.006481 -0.034155
v 0.012712 0.009583 0.039445
v 0.012712 0.009583 0.039445
v 0.012712 0.009583 0.039445
v 0.008448 0.017097 0.039426
v 0.002455 0.020815 0.039421
v 0.002455 0.020815 0.039421
v 0.002455 0.020815 0.039421
v -0.006390 0.020126 0.039532
v -0.006390 0.020126 0.039532
v -0.010493 0.017213 0.039525
v -0.010493 0.017213 0.039525
v -0.036775 -0.014839 -0.032398
v -0.036775 -0.014839 -0.032398
v -0.036775 -0.014839 -0.032398
v -0.036775 -0.014839 -0.032398
v -0.034846 -0.019446 -0.038479
v -0.034846 -0.019446 -0.038479
v -0.030820 -0.023124 -0.043818
v -0.030820 -0.023124 -0.043818
v -0.030820 -0.023124 -0.043818
v -0.030820 -0.023124 -0.043818
v -0.024469 -0.025957 -0.048926
v -0.024469 -0.025957 -0.048926
v -0.024469 -0.025957 -0.048926
v -0.024469 -0.025957 -0.048926
v -0.024469 -0.025957 -0.048926
v -0.018043 -0.027617 -0.052206
v -0.018043 -0.027617 -0.052206
v -0.010630 -0.028125 -0.053951
v -0.010630 -0.028125 -0.053951
v -0.010630 -0.028125 -0.053951
v 0.003889 -0.025192 -0.052223
v 0.003889 -0.025192 -0.052223
v 0.003889 -0.025192 -0.052223
v 0.010218 -0.021821 -0.049018
v 0.010218 -0.021821 -0.049018
v 0.010218 -0.021821 -0.049018
v 0.014271 -0.018679 -0.044271
v 0.014271 -0.018679 -0.044271
v 0.016893 -0.014598 -0.038219
v 0.016893 -0.014598 -0.038219
v 0.018357 -0.009555 -0.031463
v 0.018357 -0.009555 -0.031463
v 0.018357 -0.009555 -0.031463
v 0.018590 0.002029 -0.021839
v 0.018590 0.002029 -0.021839
v 0.018590 0.002029 -0.021839
v -0.024723 0.004893 -0.011768
v -0.024723 0.004893 -0.011768
v -0.024723 0.004893 -0.011768
v -0.029311 -0.000231 -0.015416
v -0.029311 -0.000231 -0.015416
v -0.034129 -0.005233 -0.020542
v -0.034129 -0.005233 -0.020542
v -0.036785 -0.010422 -0.026906
v -0.036785 -0.010422 -0.026906
v -0.036785 -0.010422 -0.026906
v -0.036785 -0.010422 -0.026906
v -0.025165 -0.025350 -0.042193
v -0.022966 -0.026522 -0.047042
v -0.022966 -0.026522 -0.047042
v -0.006328 -0.028127 -0.051592
v -0.006328 -0.028127 -0.051592
v 0.002444 -0.026023 -0.049355
v 0.005890 -0.024433 -0.044973
v 0.005890 -0.024433 -0.044973
v 0.013632 -0.014727 -0.025365
v -0.017722 0.003155 -0.006652
v -0.017722 0.003155 -0.006652
v -0.018256 -0.002736 -0.008550
v -0.018256 -0.002736 -0.008550
v -0.018256 -0.002736 -0.008550
v -0.018256 -0.002736 -0.008550
v -0.010311 -0.028507 -0.051286
v -0.010311 -0.028507 -0.051286
v -0.006449 -0.028201 -0.051148
v -0.006449 -0.028201 -0.051148
v -0.006449 -0.028201 -0.051148
v -0.006449 -0.028201 -0.051148
v 0.005100 -0.024485 -0.039180
v 0.005100 -0.024485 -0.039180
v 0.005100 -0.024485 -0.039180
v 0.001529 -0.030037 -0.023025
v 0.001529 -0.030037 -0.023025
v 0.000259 -0.029807 -0.025125
v 0.000259 -0.029807 -0.025125
v 0.000259 -0.029807 -0.025125
v 0.000259 -0.029807 -0.025125
v 0.000259 -0.029807 -0.025125
v -0.014204 -0.028454 -0.050177
v -0.014204 -0.028454 -0.050177
v -0.014204 -0.028454 -0.050177
v -0.025521 -0.024492 -0.037077
v -0.022170 -0.025370 -0.037284
v -0.022170 -0.025370 -0.037284
v -0.022170 -0.025370 -0.037284
v -0.022170 -0.025370 -0.037284
v -0.016626 -0.029649 -0.021806
v -0.016626 -0.029649 -0.021806
v -0.016626 -0.029649 -0.021806
v -0.016626 -0.029649 -0.021806
v -0.015502 -0.029542 -0.024007
v -0.015502 -0.029542 -0.024007
v -0.015502 -0.029542 -0.024007
v -0.020054 -0.027153 -0.044877
v -0.020054 -0.027153 -0.044877
v -0.020054 -0.027153 -0.044877
v 0.000818 -0.026506 -0.047324
v 0.000818 -0.026506 -0.047324
v 0.000818 -0.026506 -0.047324
v -0.017586 -0.027980 -0.047968
v -0.017586 -0.027980 -0.047968
v -0.017586 -0.027980 -0.047968
v -0.017586 -0.027980 -0.047968
v -0.002753 -0.027571 -0.049856
v -0.002753 -0.027571 -0.049856
v -0.002753 -0.027571 -0.049856
v -0.002753 -0.027571 -0.049856
v -0.021542 -0.026098 -0.041065
v -0.021542 -0.026098 -0.041065
v -0.021542 -0.026098 -0.041065
v -0.021542 -0.026098 -0.041065
v 0.003303 -0.025308 -0.043926
v 0.003303 -0.025308 -0.043926
v 0.003303 -0.025308 -0.043926
v 0.003303 -0.025308 -0.043926
v 0.005822 -0.024733 -0.034506
v 0.005822 -0.024733 -0.034506
v 0.005822 -0.024733 -0.034506
v 0.005822 -0.024733 -0.034506
v 0.007891 -0.023662 -0.034097
v 0.007891 -0.023662 -0.034097
v 0.007891 -0.023662 -0.034097
v -0.022073 -0.025222 -0.032849
v -0.022073 -0.025222 -0.032849
v -0.022073 -0.025222 -0.032849
v -0.025045 -0.024029 -0.031693
v -0.025045 -0.024029 -0.031693
v 0.005191 -0.026010 -0.030464
v 0.005191 -0.026010 -0.030464
v 0.005191 -0.026010 -0.030464
v 0.006903 -0.025398 -0.028687
v 0.006903 -0.025398 -0.028687
v -0.023387 -0.024874 -0.027197
v -0.023387 -0.024874 -0.027197
v -0.020981 -0.025999 -0.028822
v -0.020981 -0.025999 -0.028822
v -0.020981 -0.025999 -0.028822
v -0.020981 -0.025999 -0.028822
v -0.007168 -0.031682 -0.022950
v -0.007168 -0.031682 -0.022950
v -0.007168 -0.031682 -0.022950
v -0.007168 -0.031682 -0.022950
v -0.007132 -0.032473 -0.020911
v -0.007132 -0.032473 -0.020911
v -0.007132 -0.032473 -0.020911
v -0.007132 -0.032473 -0.020911
v -0.002379 -0.031760 -0.021628
v -0.002379 -0.031760 -0.021628
v -0.003180 -0.031140 -0.023712
v -0.003180 -0.031140 -0.023712
v -0.003180 -0.031140 -0.023712
v -0.012223 -0.031666 -0.020946
v -0.012223 -0.031666 -0.020946
v -0.012223 -0.031666 -0.020946
v -0.011534 -0.031107 -0.022979
v -0.011534 -0.031107 -0.022979
v -0.011534 -0.031107 -0.022979
v 0.003255 -0.027859 -0.027462
v 0.003255 -0.027859 -0.027462
v 0.003255 -0.027859 -0.027462
v 0.004706 -0.027730 -0.025261
v 0.004706 -0.027730 -0.025261
v 0.004706 -0.027730 -0.025261
v -0.020179 -0.027207 -0.023660
v -0.020179 -0.027207 -0.023660
v -0.018638 -0.027671 -0.025826
v -0.018638 -0.027671 -0.025826
v -0.018638 -0.027671 -0.025826
v -0.015788 0.012377 -0.005790
v -0.015788 0.012377 -0.005790
v -0.012220 0.016412 -0.004111
v -0.012220 0.016412 -0.004111
v -0.012220 0.016412 -0.004111
v -0.007306 0.019937 -0.003760
v -0.007306 0.019937 -0.003760
v -0.007306 0.019937 -0.003760
v 0.001962 0.021538 -0.004662
v 0.001962 0.021538 -0.004662
v 0.008515 0.018786 -0.005892
v 0.008515 0.018786 -0.005892
v 0.008515 0.018786 -0.005892
v 0.014517 0.011846 -0.012131
v 0.014517 0.011846 -0.012131
v 0.016124 0.003784 -0.009338
v 0.016124 0.003784 -0.009338
v 0.016124 0.003784 -0.009338
v 0.016124 0.003784 -0.009338
v 0.014300 0.010997 -0.007434
v 0.014300 0.010997 -0.007434
v 0.014300 0.010997 -0.007434
v 0.002211 0.021385 0.004226
v 0.002211 0.021385 0.004226
v -0.006432 0.019948 0.004875
v -0.006432 0.019948 0.004875
v -0.006432 0.019948 0.004875
v -0.011352 0.016072 -0.000289
v -0.011352 0.016072 -0.000289
v -0.014835 0.010698 -0.003443
v -0.014835 0.010698 -0.003443
v -0.014835 0.010698 -0.003443
v -0.014835 0.010698 -0.003443
v -0.029402 -0.016388 -0.022372
v -0.029402 -0.016388 -0.022372
v -0.029402 -0.016388 -0.022372
v -0.026457 -0.011818 -0.017000
v -0.026457 -0.011818 -0.017000
v -0.026457 -0.011818 -0.017000
v -0.005561 -0.023299 -0.017410
v -0.005561 -0.023299 -0.017410
v -0.005561 -0.023299 -0.017410
v 0.009097 -0.018325 -0.021222
v 0.009097 -0.018325 -0.021222
v -0.018219 -0.019150 -0.016458
v -0.018219 -0.019150 -0.016458
v 0.010870 -0.010999 -0.011564
v 0.010870 -0.010999 -0.011564
v 0.010870 -0.010999 -0.011564
v 0.010870 -0.010999 -0.011564
v -0.003344 -0.015824 -0.010651
v -0.003344 -0.015824 -0.010651
v 0.004260 -0.015080 -0.011105
v 0.004260 -0.015080 -0.011105
v -0.015944 -0.009147 -0.010027
v -0.015944 -0.009147 -0.010027
v -0.015944 -0.009147 -0.010027
v -0.014869 -0.013194 -0.012550
v -0.014869 -0.013194 -0.012550
v -0.014869 -0.013194 -0.012550
v -0.003876 -0.017375 -0.013684
v -0.003876 -0.017375 -0.013684
v 0.008929 -0.014492 -0.016343
v 0.008929 -0.014492 -0.016343
v 0.014300 -0.009315 -0.018698
v 0.014300 -0.009315 -0.018698
v 0.014300 -0.009315 -0.018698
v 0.015331 -0.003153 -0.011836
v 0.015331 -0.003153 -0.011836
v 0.015331 -0.003153 -0.011836
v -0.009785 -0.012398 0.000704
v -0.009785 -0.012398 0.000704
v -0.009785 -0.012398 0.000704
v -0.009785 -0.012398 0.000704
v -0.013802 -0.011120 -0.009761
v -0.013802 -0.011120 -0.009761
v -0.011152 -0.012486 -0.008269
v -0.011152 -0.012486 -0.008269
v -0.011152 -0.012486 -0.008269
v -0.002929 -0.015775 -0.004466
v -0.002929 -0.015775 -0.004466
v -0.009565 -0.013077 -0.005943
v -0.009565 -0.013077 -0.005943
v -0.009565 -0.013077 -0.005943
v -0.009565 -0.013077 -0.005943
v -0.009565 -0.013077 -0.005943
v -0.008996 -0.013091 -0.002102
v -0.008996 -0.013091 -0.002102
v -0.008996 -0.013091 -0.002102
v -0.008996 -0.013091 -0.002102
v -0.015753 0.001884 0.010566
v -0.015753 0.001884 0.010566
v -0.015753 0.001884 0.010566
v -0.015617 0.001849 0.008253
v -0.015617 0.001849 0.008253
v -0.015617 0.001849 0.008253
v -0.015617 0.001849 0.008253
v -0.015617 0.001849 0.008253
v -0.015617 0.001849 0.008253
v -0.015047 0.006630 0.010895
v -0.015012 0.006485 0.009001
v -0.015012 0.006485 0.009001
v -0.015012 0.006485 0.009001
v -0.011149 -0.010750 0.003012
v -0.011149 -0.010750 0.003012
v -0.011149 -0.010750 0.003012
v -0.017478 -0.006402 -0.009600
v -0.017478 -0.006402 -0.009600
v 0.012764 -0.004770 0.039484
v 0.012764 -0.004770 0.039484
v 0.014116 0.002155 0.039460
v 0.014116 0.002155 0.039460
v 0.014116 0.002155 0.039460
v 0.009354 -0.011983 0.039458
v 0.009354 -0.011983 0.039458
v 0.009354 -0.011983 0.039458
v -0.002775 -0.018069 0.039624
v -0.002775 -0.018069 0.039624
v -0.002775 -0.018069 0.039624
v 0.003900 -0.016918 0.039476
v 0.003900 -0.016918 0.039476
v -0.012998 -0.010157 0.039668
v -0.012998 -0.010157 0.039668
v -0.008810 -0.015247 0.039685
v -0.008810 -0.015247 0.039685
v -0.008810 -0.015247 0.039685
v -0.013766 0.012921 0.039548
v -0.013766 0.012921 0.039548
v -0.013766 0.012921 0.039548
v -0.016613 0.001726 0.039586
v -0.016613 0.001726 0.039586
v -0.016613 0.001726 0.039586
v -0.015433 -0.004364 0.039626
v -0.015433 -0.004364 0.039626
v -0.015700 0.007641 0.039545
v -0.015700 0.007641 0.039545
v 0.011763 0.008941 0.046881
v 0.011763 0.008941 0.046881
v 0.011763 0.008941 0.046881
v 0.008064 0.016630 0.045204
v 0.008064 0.016630 0.045204
v 0.002400 0.020491 0.045308
v 0.002400 0.020491 0.045308
v 0.002400 0.020491 0.045308
v -0.006113 0.019770 0.045380
v -0.006113 0.019770 0.045380
v -0.006113 0.019770 0.045380
v -0.010019 0.017172 0.045467
v -0.010019 0.017172 0.045467
v -0.010019 0.017172 0.045467
v -0.010019 0.017172 0.045467
v 0.012013 -0.004619 0.046636
v 0.012013 -0.004619 0.046636
v 0.012013 -0.004619 0.046636
v 0.013198 0.001855 0.046653
v 0.013198 0.001855 0.046653
v 0.008477 -0.011914 0.046558
v 0.008477 -0.011914 0.046558
v -0.002613 -0.017613 0.045063
v -0.002613 -0.017613 0.045063
v -0.002613 -0.017613 0.045063
v 0.003653 -0.016354 0.045028
v 0.003653 -0.016354 0.045028
v 0.003653 -0.016354 0.045028
v -0.012363 -0.009919 0.047054
v -0.012363 -0.009919 0.047054
v -0.012363 -0.009919 0.047054
v -0.012363 -0.009919 0.047054
v -0.008398 -0.015051 0.045161
v -0.008398 -0.015051 0.045161
v -0.013260 0.012606 0.047157
v -0.013260 0.012606 0.047157
v -0.013260 0.012606 0.047157
v -0.016102 0.001433 0.047136
v -0.016102 0.001433 0.047136
v -0.014887 -0.004422 0.047116
v -0.014887 -0.004422 0.047116
v -0.014887 -0.004422 0.047116
v -0.015339 0.007138 0.047234
v -0.015339 0.007138 0.047234
v 0.008235 0.006952 0.057452
v 0.008235 0.006952 0.057452
v 0.008235 0.006952 0.057452
v 0.005597 0.011923 0.057517
v 0.005597 0.011923 0.057517
v 0.005597 0.011923 0.057517
v 0.001489 0.015008 0.057726
v 0.001489 0.015008 0.057726
v 0.001489 0.015008 0.057726
v -0.004118 0.014889 0.057818
v -0.004118 0.014889 0.057818
v -0.004118 0.014889 0.057818
v -0.004118 0.014889 0.057818
v -0.007074 0.013089 0.057961
v -0.007074 0.013089 0.057961
v -0.007074 0.013089 0.057961
v -0.007074 0.013089 0.057961
v -0.007074 0.013089 0.057961
v 0.007877 -0.003984 0.057502
v 0.007877 -0.003984 0.057502
v 0.008898 0.001442 0.057505
v 0.008898 0.001442 0.057505
v 0.005099 -0.008869 0.057342
v 0.005099 -0.008869 0.057342
v 0.005099 -0.008869 0.057342
v -0.002271 -0.012500 0.057175
v -0.002271 -0.012500 0.057175
v -0.002271 -0.012500 0.057175
v -0.002271 -0.012500 0.057175
v 0.001483 -0.011753 0.057247
v 0.001483 -0.011753 0.057247
v -0.009479 -0.007283 0.057381
v -0.009479 -0.007283 0.057381
v -0.009479 -0.007283 0.057381
v -0.006331 -0.010803 0.057162
v -0.006331 -0.010803 0.057162
v -0.006331 -0.010803 0.057162
v -0.009774 0.009735 0.058027
v -0.009774 0.009735 0.058027
v -0.009774 0.009735 0.058027
v -0.009774 0.009735 0.058027
v -0.012099 0.001246 0.057875
v -0.012099 0.001246 0.057875
v -0.012099 0.001246 0.057875
v -0.012099 0.001246 0.057875
v -0.011399 -0.003169 0.057615
v -0.011399 -0.003169 0.057615
v -0.011399 -0.003169 0.057615
v -0.011676 0.005401 0.058021
v -0.011676 0.005401 0.058021
v -0.011676 0.005401 0.058021
v -0.011676 0.005401 0.058021
v 0.002019 0.017495 0.054441
v 0.002019 0.017495 0.054441
v 0.002019 0.017495 0.054441
v 0.010517 0.008091 0.052734
v 0.011285 0.001567 0.052814
v 0.011285 0.001567 0.052814
v 0.010357 -0.004405 0.052680
v 0.010357 -0.004405 0.052680
v 0.007017 -0.010838 0.052528
v 0.007017 -0.010838 0.052528
v 0.007017 -0.010838 0.052528
v -0.011255 -0.009260 0.052394
v -0.011255 -0.009260 0.052394
v -0.013793 -0.003957 0.052495
v -0.013793 -0.003957 0.052495
v -0.014690 0.001356 0.052677
v -0.014690 0.001356 0.052677
v -0.014690 0.001356 0.052677
v -0.014690 0.001356 0.052677
v -0.014187 0.006565 0.052837
v -0.014187 0.006565 0.052837
v -0.014187 0.006565 0.052837
v -0.012029 0.011740 0.053016
v -0.012029 0.011740 0.053016
v -0.012029 0.011740 0.053016
v 0.005755 0.006106 0.060332
v 0.005755 0.006106 0.060332
v 0.005755 0.006106 0.060332
v 0.005755 0.006106 0.060332
v 0.005755 0.006106 0.060332
v 0.003913 0.009298 0.060301
v 0.003913 0.009298 0.060301
v 0.003913 0.009298 0.060301
v 0.003913 0.009298 0.060301
v 0.000834 0.011346 0.060596
v 0.000834 0.011346 0.060596
v 0.000834 0.011346 0.060596
v 0.000834 0.011346 0.060596
v -0.002502 0.011855 0.060587
v -0.002502 0.011855 0.060587
v -0.005508 0.010093 0.060721
v -0.005508 0.010093 0.060721
v -0.005508 0.010093 0.060721
v 0.005457 -0.003210 0.060254
v 0.005457 -0.003210 0.060254
v 0.005457 -0.003210 0.060254
v 0.006454 0.001394 0.060269
v 0.006454 0.001394 0.060269
v 0.006454 0.001394 0.060269
v 0.006454 0.001394 0.060269
v 0.003350 -0.006296 0.060317
v 0.003350 -0.006296 0.060317
v 0.003350 -0.006296 0.060317
v 0.003350 -0.006296 0.060317
v -0.002081 -0.008333 0.060513
v -0.002081 -0.008333 0.060513
v -0.002081 -0.008333 0.060513
v 0.000601 -0.008061 0.060410
v 0.000601 -0.008061 0.060410
v -0.007377 -0.003672 0.060979
v -0.007377 -0.003672 0.060979
v -0.004953 -0.007034 0.060590
v -0.004953 -0.007034 0.060590
v -0.004953 -0.007034 0.060590
v -0.004953 -0.007034 0.060590
v -0.007518 0.007350 0.060890
v -0.007518 0.007350 0.060890
v -0.007518 0.007350 0.060890
v -0.008566 0.001170 0.061184
v -0.008566 0.001170 0.061184
v -0.008566 0.001170 0.061184
v -0.008566 0.001170 0.061184
v -0.008659 0.004408 0.060999
v -0.008659 0.004408 0.060999
v -0.008659 0.004408 0.060999
v 0.002080 0.005532 0.062395
v 0.002080 0.005532 0.062395
v 0.002080 0.005532 0.062395
v 0.002080 0.005532 0.062395
v 0.000223 0.007912 0.062207
v 0.000223 0.007912 0.062207
v -0.004102 0.007280 0.062268
v -0.004102 0.007280 0.062268
v -0.004102 0.007280 0.062268
v 0.001945 -0.002679 0.062267
v 0.001945 -0.002679 0.062267
v 0.002715 0.001381 0.062499
v 0.002715 0.001381 0.062499
v 0.002715 0.001381 0.062499
v 0.002715 0.001381 0.062499
v -0.000245 -0.004740 0.062116
v -0.000245 -0.004740 0.062116
v -0.005045 -0.002168 0.062458
v -0.005045 -0.002168 0.062458
v -0.005045 -0.002168 0.062458
v -0.003961 -0.004484 0.062068
v -0.003961 -0.004484 0.062068
v -0.003961 -0.004484 0.062068
v -0.005704 0.001262 0.062608
v -0.005704 0.001262 0.062608
v -0.005704 0.001262 0.062608
v -0.005345 0.004671 0.062571
v -0.005345 0.004671 0.062571
v -0.005345 0.004671 0.062571
v -0.001598 0.001279 0.063167
v -0.001598 0.001279 0.063167
v -0.001598 0.001279 0.063167
v -0.001598 0.001279 0.063167
v -0.001927 -0.005042 0.062116
v -0.001927 -0.005042 0.062116
v -0.001927 -0.005042 0.062116
v -0.001739 -0.002435 0.062941
v -0.001739 -0.002435 0.062941
v -0.001739 -0.002435 0.062941
v -0.001739 -0.002435 0.062941
v -0.001998 0.008459 0.062164
v -0.001998 0.008459 0.062164
v -0.001998 0.008459 0.062164
v -0.001652 0.006139 0.062906
v -0.001652 0.006139 0.062906
v 0.010567 -0.011254 -0.005087
v 0.010567 -0.011254 -0.005087
v 0.004369 -0.015115 -0.004985
v 0.004369 -0.015115 -0.004985
v 0.015756 0.003150 -0.004368
v 0.015756 0.003150 -0.004368
v 0.014690 -0.003676 -0.005104
v 0.014690 -0.003676 -0.005104
v 0.014690 -0.003676 -0.005104
v -0.012762 0.012724 0.005068
v -0.012762 0.012724 0.005068
v -0.012762 0.012724 0.005068
v -0.012762 0.012724 0.005068
v -0.014573 -0.003834 0.010107
v -0.014573 -0.003834 0.010107
v -0.014409 -0.003727 0.006562
v -0.012451 -0.008613 0.004444
v -0.012451 -0.008613 0.004444
v -0.012451 -0.008613 0.004444
v -0.012495 -0.008991 0.009662
v -0.012495 -0.008991 0.009662
v -0.014317 0.009119 0.008439
v -0.014317 0.009119 0.008439
v -0.014317 0.009119 0.008439
v -0.014317 0.009119 0.008439
v -0.013202 0.012234 0.011320
v -0.013202 0.012234 0.011320
v -0.013202 0.012234 0.011320
v -0.013527 0.011218 0.007128
v -0.013527 0.011218 0.007128
v -0.012604 0.013152 0.000827
v -0.012604 0.013152 0.000827
v -0.012604 0.013152 0.000827
v -0.012604 0.013152 0.000827
v -0.013356 0.012421 -0.001486
v -0.013356 0.012421 -0.001486
v -0.013356 0.012421 -0.001486
v -0.013356 0.012421 -0.001486
v -0.010938 0.015841 0.005053
v -0.010938 0.015841 0.005053
v -0.010938 0.015841 0.005053
v -0.012399 0.013279 0.003001
v -0.012399 0.013279 0.003001
v -0.012399 0.013279 0.003001
v -0.012399 0.013279 0.003001
v -0.019847 0.010104 -0.009018
v -0.019847 0.010104 -0.009018
v -0.016071 0.008302 -0.004621
v -0.016071 0.008302 -0.004621
v -0.016071 0.008302 -0.004621
v -0.002569 -0.027081 -0.053916
v -0.002569 -0.027081 -0.053916
v -0.002521 -0.027474 -0.050303
v -0.002521 -0.027474 -0.050303
v 0.007532 -0.023742 -0.039762
v 0.007532 -0.023742 -0.039762
v 0.007532 -0.023742 -0.039762
v 0.013254 -0.018621 -0.033912
v 0.013254 -0.018621 -0.033912
v 0.011624 -0.020941 -0.041132
v 0.011624 -0.020941 -0.041132
v 0.009891 -0.020268 -0.024754
v 0.009891 -0.020268 -0.024754
v 0.001196 -0.022847 -0.018421
v 0.001196 -0.022847 -0.018421
v 0.002717 -0.017104 -0.014773
v 0.002717 -0.017104 -0.014773
v 0.001531 -0.028611 -0.021965
v 0.001531 -0.028611 -0.021965
v -0.012342 -0.021970 -0.016665
v -0.012342 -0.021970 -0.016665
v -0.016090 -0.028144 -0.020220
v -0.016090 -0.028144 -0.020220
v -0.009731 -0.016027 -0.013283
v -0.009731 -0.016027 -0.013283
v -0.009731 -0.016027 -0.013283
v -0.009731 -0.016027 -0.013283
v 0.005261 -0.025623 -0.023415
v 0.005261 -0.025623 -0.023415
v -0.006960 -0.030644 -0.020111
v -0.006960 -0.030644 -0.020111
v -0.006960 -0.030644 -0.020111
v -0.006960 -0.030644 -0.020111
v -0.002228 -0.030232 -0.020881
v -0.002228 -0.030232 -0.020881
v -0.011861 -0.029927 -0.019925
v -0.011861 -0.029927 -0.019925
v -0.011861 -0.029927 -0.019925
v -0.011861 -0.029927 -0.019925
v -0.020981 -0.024073 -0.020677
v -0.020981 -0.024073 -0.020677
v -0.020981 -0.024073 -0.020677
v -0.030510 -0.021836 -0.035729
v -0.030510 -0.021836 -0.035729
v -0.030560 -0.019837 -0.028616
v -0.030560 -0.019837 -0.028616
v -0.026489 -0.021802 -0.024396
v -0.026489 -0.021802 -0.024396
v -0.026489 -0.021802 -0.024396
v -0.026489 -0.021802 -0.024396
v 0.022173 0.001437 -0.032870
v 0.022173 0.001437 -0.032870
v 0.022545 -0.003634 -0.039718
v 0.022545 -0.003634 -0.039718
v 0.021116 -0.008757 -0.045778
v 0.017252 -0.014101 -0.051446
v 0.011849 -0.018268 -0.056379
v 0.005044 -0.021968 -0.059260
v 0.005044 -0.021968 -0.059260
v 0.005044 -0.021968 -0.059260
v -0.002833 -0.024437 -0.060736
v -0.002833 -0.024437 -0.060736
v -0.011336 -0.025479 -0.060529
v -0.011336 -0.025479 -0.060529
v -0.019465 -0.025077 -0.058677
v -0.019465 -0.025077 -0.058677
v -0.019465 -0.025077 -0.058677
v -0.027019 -0.023265 -0.055196
v -0.027019 -0.023265 -0.055196
v -0.033506 -0.020006 -0.050232
v -0.033506 -0.020006 -0.050232
v -0.038113 -0.015735 -0.044277
v -0.038113 -0.015735 -0.044277
v -0.040508 -0.010843 -0.038099
v -0.040508 -0.010843 -0.038099
v -0.040821 -0.005475 -0.031630
v -0.040821 -0.005475 -0.031630
v -0.040821 -0.005475 -0.031630
v -0.038988 -0.000112 -0.025916
v -0.038988 -0.000112 -0.025916
v -0.038988 -0.000112 -0.025916
v -0.034653 0.005420 -0.020171
v -0.034653 0.005420 -0.020171
v -0.029176 0.010396 -0.015889
v -0.029176 0.010396 -0.015889
v -0.029176 0.010396 -0.015889
v -0.024984 0.013837 -0.014225
v -0.024984 0.013837 -0.014225
v 0.016860 0.005380 -0.014173
v 0.016860 0.005380 -0.014173
v 0.016860 0.005380 -0.014173
v 0.014010 0.010712 0.002769
v 0.014010 0.010712 0.002769
v 0.014365 -0.003903 0.002151
v 0.014365 -0.003903 0.002151
v 0.010552 -0.011734 0.001538
v 0.010552 -0.011734 0.001538
v 0.004515 -0.016254 0.001285
v 0.004515 -0.016254 0.001285
v 0.004515 -0.016254 0.001285
v 0.004515 -0.016254 0.001285
v -0.002562 -0.016833 0.001099
v -0.002562 -0.016833 0.001099
v -0.002562 -0.016833 0.001099
v -0.008959 -0.014388 -0.010117
v -0.008959 -0.014388 -0.010117
v -0.007877 -0.014224 0.001592
v -0.007877 -0.014224 0.001592
v -0.007877 -0.014224 0.001592
v -0.008005 -0.014077 -0.004329
v -0.008005 -0.014077 -0.004329
v 0.010562 -0.011935 0.009118
v 0.010562 -0.011935 0.009118
v 0.004510 -0.016924 0.008867
v -0.002521 -0.017685 0.008920
v -0.002521 -0.017685 0.008920
v -0.002521 -0.017685 0.008920
v -0.008085 -0.014547 0.009298
v -0.008085 -0.014547 0.009298
v -0.008085 -0.014547 0.009298
v -0.014052 0.003452 -0.006570
v -0.014052 0.003452 -0.006570
v -0.014052 0.003452 -0.006570
v -0.014555 -0.001823 -0.008319
v -0.014555 -0.001823 -0.008319
v -0.014555 -0.001823 -0.008319
v -0.010344 -0.026560 -0.051060
v -0.010344 -0.026560 -0.051060
v -0.010344 -0.026560 -0.051060
v -0.006719 -0.026273 -0.050924
v -0.006719 -0.026273 -0.050924
v 0.004304 -0.022694 -0.039134
v 0.004304 -0.022694 -0.039134
v -0.000345 -0.028040 -0.024530
v -0.000345 -0.028040 -0.024530
v -0.014000 -0.026509 -0.050024
v -0.021584 -0.023511 -0.037504
v -0.021584 -0.023511 -0.037504
v -0.014785 -0.027786 -0.023515
v -0.014785 -0.027786 -0.023515
v -0.014785 -0.027786 -0.023515
v -0.019524 -0.025276 -0.045071
v -0.019524 -0.025276 -0.045071
v -0.019524 -0.025276 -0.045071
v 0.000177 -0.024654 -0.047370
v -0.017169 -0.026064 -0.047966
v -0.017169 -0.026064 -0.047966
v -0.003227 -0.025673 -0.049743
v -0.003227 -0.025673 -0.049743
v -0.021013 -0.024230 -0.041343
v -0.021013 -0.024230 -0.041343
v 0.002587 -0.023486 -0.044014
v 0.002587 -0.023486 -0.044014
v 0.004881 -0.023039 -0.034208
v 0.004881 -0.023039 -0.034208
v 0.004881 -0.023039 -0.034208
v -0.021308 -0.023416 -0.032856
v -0.021308 -0.023416 -0.032856
v -0.021308 -0.023416 -0.032856
v 0.004212 -0.024361 -0.030060
v 0.004212 -0.024361 -0.030060
v -0.020069 -0.024273 -0.028647
v -0.020069 -0.024273 -0.028647
v -0.020069 -0.024273 -0.028647
v -0.007138 -0.029848 -0.022256
v -0.007138 -0.029848 -0.022256
v -0.007138 -0.029848 -0.022256
v -0.003453 -0.029310 -0.023064
v -0.003453 -0.029310 -0.023064
v -0.011142 -0.029297 -0.022333
v -0.011142 -0.029297 -0.022333
v -0.011142 -0.029297 -0.022333
v 0.002408 -0.026163 -0.026966
v 0.002408 -0.026163 -0.026966
v 0.002408 -0.026163 -0.026966
v -0.017736 -0.025960 -0.025506
v -0.017736 -0.025960 -0.025506
v -0.017736 -0.025960 -0.025506
v -0.017736 -0.025960 -0.025506
v -0.017736 -0.025960 -0.025506
v -0.011708 0.009595 -0.004014
v -0.011708 0.009595 -0.004014
v -0.011708 0.009595 -0.004014
v -0.013144 -0.006714 -0.009577
v -0.013144 -0.006714 -0.009577
v -0.006848 -0.010585 0.000733
v -0.006848 -0.010585 0.000733
v -0.011712 -0.008487 -0.009672
v -0.011712 -0.008487 -0.009672
v -0.011712 -0.008487 -0.009672
v -0.011712 -0.008487 -0.009672
v -0.008928 -0.010425 -0.008756
v -0.008928 -0.010425 -0.008756
v -0.008928 -0.010425 -0.008756
v -0.006667 -0.011355 -0.006312
v -0.006667 -0.011355 -0.006312
v -0.005959 -0.011475 -0.002168
v -0.012038 0.001979 0.007390
v -0.012038 0.001979 0.007390
v -0.012038 0.001979 0.007390
v -0.012038 0.001979 0.007390
v -0.011535 0.005564 0.007858
v -0.011535 0.005564 0.007858
v -0.008012 -0.009137 0.002595
v -0.008012 -0.009137 0.002595
v -0.014119 -0.004516 -0.009092
v -0.014119 -0.004516 -0.009092
v -0.009536 0.011202 0.005107
v -0.009536 0.011202 0.005107
v -0.011049 -0.002447 0.005902
v -0.011049 -0.002447 0.005902
v -0.011049 -0.002447 0.005902
v -0.011049 -0.002447 0.005902
v -0.009428 -0.006793 0.004100
v -0.009428 -0.006793 0.004100
v -0.009428 -0.006793 0.004100
v -0.010803 0.007896 0.007408
v -0.010803 0.007896 0.007408
v -0.010803 0.007896 0.007408
v -0.010161 0.009710 0.006567
v -0.010161 0.009710 0.006567
v -0.010161 0.009710 0.006567
v -0.009348 0.011894 0.000564
v -0.009348 0.011894 0.000564
v -0.009348 0.011894 0.000564
v -0.009348 0.011894 0.000564
v -0.010153 0.011233 -0.001850
v -0.010153 0.011233 -0.001850
v -0.010153 0.011233 -0.001850
v -0.010153 0.011233 -0.001850
v -0.009162 0.011893 0.003132
v -0.009162 0.011893 0.003132
v -0.009162 0.011893 0.003132
v -0.012917 0.007348 -0.005090
v -0.012917 0.007348 -0.005090
v -0.012917 0.007348 -0.005090
v -0.008701 -0.018173 -0.034924
v -0.008701 -0.018173 -0.034924
v -0.008701 -0.018173 -0.034924
v -0.008701 -0.018173 -0.034924
v -0.006078 0.000747 -0.002074
v -0.006078 0.000747 -0.002074
v -0.006078 0.000747 -0.002074
v -0.006078 0.000747 -0.002074
v 0.009491 0.003374 -0.049823
v 0.009491 0.003374 -0.049823
v 0.009491 0.003374 -0.049823
v 0.008331 0.004273 -0.048635
v 0.008331 0.004273 -0.048635
v 0.008331 0.004273 -0.048635
v 0.008331 0.004273 -0.048635
v 0.005082 -0.002947 -0.056297
v 0.005082 -0.002947 -0.056297
v 0.005082 -0.002947 -0.056297
v 0.005082 -0.002947 -0.056297
v 0.007055 -0.006979 -0.059822
v 0.007055 -0.006979 -0.059822
v 0.007055 -0.006979 -0.059822
v 0.000858 0.004372 -0.047456
v 0.000858 0.004372 -0.047456
v 0.000858 0.004372 -0.047456
v -0.008285 0.006002 -0.043866
v -0.008285 0.006002 -0.043866
v -0.000857 0.003343 -0.048415
v -0.000857 0.003343 -0.048415
v -0.002193 -0.000283 -0.052331
v -0.000077 -0.002406 -0.055005
v -0.000077 -0.002406 -0.055005
v -0.000077 -0.002406 -0.055005
v -0.000077 -0.002406 -0.055005
v 0.003497 -0.003125 -0.056283
v 0.003497 -0.003125 -0.056283
v 0.003497 -0.003125 -0.056283
v -0.015164 0.008586 -0.038517
v -0.015164 0.008586 -0.038517
v -0.015164 0.008586 -0.038517
v -0.020011 0.001281 -0.046127
v -0.020011 0.001281 -0.046127
v -0.018599 -0.003478 -0.052066
v -0.018599 -0.003478 -0.052066
v -0.018599 -0.003478 -0.052066
v -0.015989 -0.003709 -0.053111
v -0.015989 -0.003709 -0.053111
v -0.015989 -0.003709 -0.053111
v -0.015989 -0.003709 -0.053111
v -0.013272 -0.002962 -0.053074
v -0.013272 -0.002962 -0.053074
v -0.013272 -0.002962 -0.053074
v -0.013272 -0.002962 -0.053074
v 0.000269 0.013379 -0.035705
v 0.000269 0.013379 -0.035705
v 0.000269 0.013379 -0.035705
v 0.000269 0.013379 -0.035705
v 0.000623 0.004697 -0.047224
v 0.000623 0.004697 -0.047224
v -0.001209 0.003593 -0.048245
v -0.001209 0.003593 -0.048245
v -0.001209 0.003593 -0.048245
v -0.002253 0.002346 -0.049533
v -0.002253 0.002346 -0.049533
v -0.002779 0.001020 -0.050975
v -0.002779 0.001020 -0.050975
v -0.002644 -0.000280 -0.052464
v -0.002644 -0.000280 -0.052464
v -0.001836 -0.001652 -0.054106
v -0.001836 -0.001652 -0.054106
v -0.000404 -0.002599 -0.055346
v -0.000404 -0.002599 -0.055346
v -0.000404 -0.002599 -0.055346
v 0.001426 -0.003262 -0.056299
v 0.001426 -0.003262 -0.056299
v 0.003461 -0.003408 -0.056693
v 0.003461 -0.003408 -0.056693
v 0.005181 -0.003241 -0.056692
v 0.005181 -0.003241 -0.056692
v 0.005181 -0.003241 -0.056692
v 0.007152 -0.002679 -0.056264
v 0.007152 -0.002679 -0.056264
v 0.008787 -0.001768 -0.055410
v 0.008787 -0.001768 -0.055410
v 0.010055 -0.000398 -0.054030
v 0.010055 -0.000398 -0.054030
v 0.010552 0.000963 -0.052597
v 0.010552 0.000963 -0.052597
v 0.010547 0.002314 -0.051098
v 0.009925 0.003549 -0.049666
v 0.009925 0.003549 -0.049666
v 0.008665 0.004559 -0.048417
v 0.008665 0.004559 -0.048417
v 0.006810 0.005338 -0.047313
v 0.006810 0.005338 -0.047313
v 0.004784 0.005508 -0.046854
v 0.004784 0.005508 -0.046854
v 0.004784 0.005508 -0.046854
v 0.004784 0.005508 -0.046854
v 0.002636 0.005352 -0.046740
v 0.001232 -0.026370 -0.047782
v 0.003905 -0.025082 -0.044160
v 0.003905 -0.025082 -0.044160
v 0.003905 -0.025082 -0.044160
v 0.005700 -0.024239 -0.039303
v 0.006322 -0.024484 -0.034417
v 0.005616 -0.025849 -0.030066
v 0.005616 -0.025849 -0.030066
v 0.003598 -0.027830 -0.026944
v 0.000545 -0.029859 -0.024651
v 0.000545 -0.029859 -0.024651
v -0.002999 -0.031280 -0.023243
v -0.002999 -0.031280 -0.023243
v -0.002999 -0.031280 -0.023243
v -0.007160 -0.031860 -0.022491
v -0.011689 -0.031232 -0.022521
v -0.011689 -0.031232 -0.022521
v -0.011689 -0.031232 -0.022521
v -0.011689 -0.031232 -0.022521
v -0.015755 -0.029566 -0.023511
v -0.015755 -0.029566 -0.023511
v -0.018985 -0.027566 -0.025339
v -0.018985 -0.027566 -0.025339
v -0.018985 -0.027566 -0.025339
v -0.021554 -0.025805 -0.028461
v -0.022765 -0.025008 -0.032589
v -0.022765 -0.025008 -0.032589
v -0.022935 -0.025215 -0.037232
v -0.022935 -0.025215 -0.037232
v -0.022935 -0.025215 -0.037232
v -0.022362 -0.025942 -0.041317
v -0.022362 -0.025942 -0.041317
v -0.020729 -0.027052 -0.045261
v -0.018030 -0.027981 -0.048372
v -0.018030 -0.027981 -0.048372
v -0.018030 -0.027981 -0.048372
v -0.018030 -0.027981 -0.048372
v -0.014404 -0.028409 -0.050622
v -0.014404 -0.028409 -0.050622
v -0.014404 -0.028409 -0.050622
v -0.010340 -0.028493 -0.051752
v -0.010340 -0.028493 -0.051752
v -0.016138 -0.009263 -0.010210
v -0.017699 -0.006468 -0.009688
v -0.017699 -0.006468 -0.009688
v -0.017699 -0.006468 -0.009688
v -0.018538 -0.002695 -0.008660
v -0.018538 -0.002695 -0.008660
v -0.018538 -0.002695 -0.008660
v -0.018076 0.003265 -0.006803
v -0.018076 0.003265 -0.006803
v -0.014973 0.010891 -0.003597
v -0.014973 0.010891 -0.003597
v -0.014973 0.010891 -0.003597
v -0.014973 0.010891 -0.003597
v -0.014973 0.010891 -0.003597
v -0.012573 0.013621 0.000817
v -0.012573 0.013621 0.000817
v -0.012309 0.013724 0.003015
v -0.012309 0.013724 0.003015
v -0.012587 0.013073 0.005182
v -0.013431 0.011455 0.007428
v -0.013431 0.011455 0.007428
v -0.014283 0.009257 0.008805
v -0.014283 0.009257 0.008805
v -0.014283 0.009257 0.008805
v -0.015025 0.006498 0.009396
v -0.015686 0.001879 0.008724
v -0.015686 0.001879 0.008724
v -0.015686 0.001879 0.008724
v -0.015686 0.001879 0.008724
v -0.014465 -0.003845 0.006990
v -0.014465 -0.003845 0.006990
v -0.014465 -0.003845 0.006990
v -0.012451 -0.008817 0.004834
v -0.012451 -0.008817 0.004834
v -0.011035 -0.011049 0.003415
v -0.011035 -0.011049 0.003415
v -0.009592 -0.012712 0.000878
v -0.008823 -0.013446 -0.002052
v -0.008823 -0.013446 -0.002052
v -0.009399 -0.013345 -0.005989
v -0.009399 -0.013345 -0.005989
v -0.009399 -0.013345 -0.005989
v -0.011086 -0.012725 -0.008462
v -0.011086 -0.012725 -0.008462
v -0.011086 -0.012725 -0.008462
v -0.013874 -0.011347 -0.010069
v -0.013874 -0.011347 -0.010069
v -0.041146 -0.001070 -0.030522
v -0.041146 -0.001070 -0.030522
v -0.041146 -0.001070 -0.030522
v -0.038059 0.004397 -0.024628
v -0.038059 0.004397 -0.024628
v -0.038059 0.004397 -0.024628
v -0.038059 0.004397 -0.024628
v -0.020229 -0.006589 -0.011619
v -0.016397 -0.015841 -0.014733
v -0.016397 -0.015841 -0.014733
v -0.011077 -0.018902 -0.015377
v -0.011077 -0.018902 -0.015377
v -0.004871 -0.020049 -0.016000
v -0.004871 -0.020049 -0.016000
v 0.001634 -0.019803 -0.016915
v 0.001634 -0.019803 -0.016915
v 0.023496 0.001517 -0.039004
v 0.023496 0.001517 -0.039004
v 0.023496 0.001517 -0.039004
v 0.023496 0.001517 -0.039004
v 0.023496 0.001517 -0.039004
v 0.023496 0.001517 -0.039004
v -0.033191 0.009562 -0.019247
v -0.033191 0.009562 -0.019247
v -0.033191 0.009562 -0.019247
v -0.041896 -0.006479 -0.036940
v -0.041896 -0.006479 -0.036940
v -0.041896 -0.006479 -0.036940
v -0.041896 -0.006479 -0.036940
v -0.040277 -0.011765 -0.043565
v -0.040277 -0.011765 -0.043565
v -0.036540 -0.016351 -0.049735
v -0.036540 -0.016351 -0.049735
v -0.036540 -0.016351 -0.049735
v -0.036540 -0.016351 -0.049735
v -0.019673 -0.003016 -0.051245
v -0.019673 -0.003016 -0.051245
v -0.031005 -0.020006 -0.055173
v -0.031005 -0.020006 -0.055173
v -0.017344 -0.003717 -0.052736
v -0.017344 -0.003717 -0.052736
v -0.017344 -0.003717 -0.052736
v -0.023960 -0.022577 -0.059471
v -0.023960 -0.022577 -0.059471
v -0.023960 -0.022577 -0.059471
v -0.014576 -0.003460 -0.053256
v -0.014576 -0.003460 -0.053256
v -0.014576 -0.003460 -0.053256
v -0.015895 -0.023776 -0.062314
v -0.015895 -0.023776 -0.062314
v -0.007312 -0.023432 -0.063446
v -0.007312 -0.023432 -0.063446
v 0.001219 -0.021702 -0.062867
v 0.001219 -0.021702 -0.062867
v 0.001219 -0.021702 -0.062867
v 0.001219 -0.021702 -0.062867
v 0.008823 -0.018777 -0.060659
v 0.008823 -0.018777 -0.060659
v 0.008823 -0.018777 -0.060659
v 0.015036 -0.014699 -0.056868
v 0.015036 -0.014699 -0.056868
v 0.019979 -0.009721 -0.051738
v 0.019979 -0.009721 -0.051738
v 0.019979 -0.009721 -0.051738
v 0.006188 -0.024167 -0.036870
v 0.006188 -0.024167 -0.036870
v 0.005667 -0.024419 -0.036851
v 0.005667 -0.024419 -0.036851
v 0.005667 -0.024419 -0.036851
v 0.004801 -0.022671 -0.036675
v 0.004801 -0.022671 -0.036675
v 0.022840 -0.004189 -0.045597
v 0.022840 -0.004189 -0.045597
v 0.022840 -0.004189 -0.045597
v 0.022840 -0.004189 -0.045597
v 0.022232 0.006559 -0.031956
v 0.022232 0.006559 -0.031956
v 0.022232 0.006559 -0.031956
v -0.021619 -0.023311 -0.035168
v -0.021619 -0.023311 -0.035168
v -0.021619 -0.023311 -0.035168
v -0.021619 -0.023311 -0.035168
v -0.022283 -0.025152 -0.035059
v -0.022283 -0.025152 -0.035059
v -0.022283 -0.025152 -0.035059
v -0.023013 -0.024953 -0.034898
v -0.023013 -0.024953 -0.034898
v -0.020871 -0.001525 -0.049117
v -0.020871 -0.001525 -0.049117
v -0.020660 0.000366 -0.047001
v -0.020660 0.000366 -0.047001
v -0.020660 0.000366 -0.047001
v -0.019073 0.002153 -0.045440
v -0.019073 0.002153 -0.045440
v -0.016545 0.003346 -0.044858
v -0.016545 0.003346 -0.044858
v -0.016545 0.003346 -0.044858
v -0.016545 0.003346 -0.044858
v -0.013757 0.003614 -0.045407
v -0.013757 0.003614 -0.045407
v -0.013757 0.003614 -0.045407
v -0.011457 0.002882 -0.046924
v -0.011457 0.002882 -0.046924
v -0.011457 0.002882 -0.046924
v -0.010277 0.001366 -0.049021
v -0.010277 0.001366 -0.049021
v -0.010534 -0.000521 -0.051123
v -0.010534 -0.000521 -0.051123
v -0.010534 -0.000521 -0.051123
v -0.012115 -0.002265 -0.052636
v -0.012115 -0.002265 -0.052636
v -0.012115 -0.002265 -0.052636
v -0.012115 -0.002265 -0.052636
v -0.009585 0.005707 -0.043943
v -0.009585 0.005707 -0.043943
v -0.009585 0.005707 -0.043943
v -0.009585 0.005707 -0.043943
v -0.012157 0.005699 -0.043217
v -0.012157 0.005699 -0.043217
v -0.014162 0.006469 -0.041656
v -0.014162 0.006469 -0.041656
v -0.014162 0.006469 -0.041656
v -0.015146 0.007812 -0.039588
v -0.015146 0.007812 -0.039588
v -0.015146 0.007812 -0.039588
v -0.014886 0.009424 -0.037499
v -0.014886 0.009424 -0.037499
v -0.014886 0.009424 -0.037499
v -0.014886 0.009424 -0.037499
v -0.014886 0.009424 -0.037499
v -0.013449 0.010943 -0.035879
v -0.013449 0.010943 -0.035879
v -0.011168 0.012016 -0.035094
v -0.008573 0.012397 -0.035313
v -0.008573 0.012397 -0.035313
v -0.008573 0.012397 -0.035313
v -0.008573 0.012397 -0.035313
v -0.005156 0.021563 -0.019934
v -0.005156 0.021563 -0.019934
v -0.005156 0.021563 -0.019934
v -0.004514 0.021746 -0.016392
v -0.004514 0.021746 -0.016392
v -0.004514 0.021746 -0.016392
v -0.003785 0.021658 -0.011817
v -0.003785 0.021658 -0.011817
v -0.002832 0.021382 -0.004049
v -0.002832 0.021382 -0.004049
v -0.002832 0.021382 -0.004049
v -0.002832 0.021382 -0.004049
v -0.001403 0.021335 0.039461
v -0.001403 0.021335 0.039461
v -0.000771 0.015641 0.057795
v -0.000771 0.015641 0.057795
v -0.000771 0.015641 0.057795
v -0.000771 0.015641 0.057795
v -0.006246 0.012000 -0.036470
v -0.006246 0.012000 -0.036470
v -0.006246 0.012000 -0.036470
v -0.006246 0.012000 -0.036470
v -0.004716 0.010917 -0.038313
v -0.004716 0.010917 -0.038313
v 0.000349 0.012630 -0.036831
v 0.000349 0.012630 -0.036831
v 0.000349 0.012630 -0.036831
v -0.004332 0.009403 -0.040430
v -0.004332 0.009403 -0.040430
v 0.001656 0.011337 -0.038790
v 0.001656 0.011337 -0.038790
v -0.005181 0.007796 -0.042339
v -0.005181 0.007796 -0.042339
v -0.005181 0.007796 -0.042339
v -0.007077 0.006470 -0.043569
v -0.007077 0.006470 -0.043569
v 0.004075 0.010715 -0.040004
v 0.004075 0.010715 -0.040004
v 0.004075 0.010715 -0.040004
v 0.006718 0.010952 -0.040052
v 0.006718 0.010952 -0.040052
v 0.006718 0.010952 -0.040052
v 0.008869 0.011813 -0.039125
v 0.008869 0.011813 -0.039125
v 0.008869 0.011813 -0.039125
v 0.010166 0.013063 -0.037417
v 0.010166 0.013063 -0.037417
v 0.010166 0.013063 -0.037417
v 0.010135 0.014432 -0.035305
v 0.010135 0.014432 -0.035305
v 0.010135 0.014432 -0.035305
v 0.010135 0.014432 -0.035305
v 0.008982 0.015616 -0.033400
v 0.008982 0.015616 -0.033400
v 0.008982 0.015616 -0.033400
v 0.006844 0.016342 -0.032173
v 0.006844 0.016342 -0.032173
v 0.006844 0.016342 -0.032173
v 0.006844 0.016342 -0.032173
v 0.004224 0.016308 -0.032019
v 0.004224 0.016308 -0.032019
v 0.001900 0.015499 -0.032923
v 0.001900 0.015499 -0.032923
v 0.000512 0.014138 -0.034652
v -0.020476 0.001470 -0.045869
v -0.021206 0.000453 -0.046818
v -0.021206 0.000453 -0.046818
v -0.021507 -0.000620 -0.047971
v -0.021459 -0.001633 -0.049167
v -0.021459 -0.001633 -0.049167
v -0.020959 -0.002542 -0.050383
v -0.020162 -0.003327 -0.051528
v -0.020162 -0.003327 -0.051528
v -0.018955 -0.003823 -0.052449
v -0.018955 -0.003823 -0.052449
v -0.017556 -0.004120 -0.053178
v -0.016042 -0.004104 -0.053587
v -0.014463 -0.003843 -0.053742
v -0.013000 -0.003281 -0.053543
v -0.013000 -0.003281 -0.053543
v -0.013000 -0.003281 -0.053543
v -0.011708 -0.002513 -0.053068
v -0.011708 -0.002513 -0.053068
v -0.010670 -0.001586 -0.052325
v -0.009939 -0.000567 -0.051367
v -0.009939 -0.000567 -0.051367
v -0.009638 0.000509 -0.050213
v -0.009687 0.001528 -0.049017
v -0.009687 0.001528 -0.049017
v -0.010202 0.002449 -0.047808
v -0.011018 0.003209 -0.046699
v -0.011018 0.003209 -0.046699
v -0.012209 0.003731 -0.045760
v -0.012209 0.003731 -0.045760
v -0.013568 0.004021 -0.045030
v -0.015114 0.003993 -0.044602
v -0.015114 0.003993 -0.044602
v -0.016653 0.003727 -0.044437
v -0.016653 0.003727 -0.044437
v -0.018138 0.003159 -0.044635
v -0.018138 0.003159 -0.044635
v -0.019446 0.002416 -0.045090
v -0.019446 0.002416 -0.045090
v -0.014751 0.010398 -0.036396
v -0.015405 0.009546 -0.037366
v -0.015405 0.009546 -0.037366
v -0.015405 0.009546 -0.037366
v -0.015693 0.008645 -0.038498
v -0.015693 0.008645 -0.038498
v -0.015682 0.007775 -0.039657
v -0.015272 0.006981 -0.040829
v -0.014596 0.006301 -0.041917
v -0.013581 0.005796 -0.042862
v -0.013581 0.005796 -0.042862
v -0.012397 0.005460 -0.043621
v -0.012397 0.005460 -0.043621
v -0.011020 0.005356 -0.044124
v -0.011020 0.005356 -0.044124
v -0.009578 0.005419 -0.044418
v -0.008142 0.005767 -0.044335
v -0.008142 0.005767 -0.044335
v -0.006822 0.006264 -0.044009
v -0.006822 0.006264 -0.044009
v -0.005661 0.006914 -0.043436
v -0.004714 0.007688 -0.042645
v -0.004714 0.007688 -0.042645
v -0.004095 0.008570 -0.041637
v -0.004095 0.008570 -0.041637
v -0.003764 0.009459 -0.040540
v -0.003829 0.010337 -0.039355
v -0.004183 0.011137 -0.038200
v -0.004918 0.011817 -0.037116
v -0.005877 0.012349 -0.036167
v -0.007113 0.012671 -0.035427
v -0.007113 0.012671 -0.035427
v -0.008457 0.012802 -0.034897
v -0.008457 0.012802 -0.034897
v -0.008457 0.012802 -0.034897
v -0.008457 0.012802 -0.034897
v -0.009909 0.012682 -0.034667
v -0.009909 0.012682 -0.034667
v -0.011328 0.012381 -0.034676
v -0.011328 0.012381 -0.034676
v -0.012665 0.011854 -0.035012
v -0.013833 0.011200 -0.035565
v -0.013833 0.011200 -0.035565
v -0.000255 0.013455 -0.035715
v -0.000255 0.013455 -0.035715
v -0.000255 0.013455 -0.035715
v -0.000185 0.012587 -0.036948
v -0.000185 0.012587 -0.036948
v 0.000397 0.011819 -0.038098
v 0.000397 0.011819 -0.038098
v 0.000397 0.011819 -0.038098
v 0.001257 0.011158 -0.039128
v 0.002422 0.010714 -0.039898
v 0.002422 0.010714 -0.039898
v 0.002422 0.010714 -0.039898
v 0.003935 0.010438 -0.040490
v 0.005541 0.010471 -0.040676
v 0.006889 0.010699 -0.040542
v 0.008092 0.011107 -0.040115
v 0.008092 0.011107 -0.040115
v 0.009257 0.011616 -0.039503
v 0.009257 0.011616 -0.039503
v 0.010136 0.012257 -0.038636
v 0.010136 0.012257 -0.038636
v 0.010696 0.013006 -0.037535
v 0.010696 0.013006 -0.037535
v 0.010817 0.013773 -0.036354
v 0.010661 0.014503 -0.035193
v 0.010661 0.014503 -0.035193
v 0.010661 0.014503 -0.035193
v 0.010155 0.015166 -0.034124
v 0.010155 0.015166 -0.034124
v 0.010155 0.015166 -0.034124
v 0.009395 0.015790 -0.033092
v 0.009395 0.015790 -0.033092
v 0.008338 0.016266 -0.032304
v 0.008338 0.016266 -0.032304
v 0.007015 0.016611 -0.031729
v 0.007015 0.016611 -0.031729
v 0.005580 0.016717 -0.031523
v 0.004105 0.016624 -0.031574
v 0.004105 0.016624 -0.031574
v 0.002753 0.016285 -0.031968
v 0.002753 0.016285 -0.031968
v 0.002753 0.016285 -0.031968
v 0.001525 0.015760 -0.032607
v 0.000610 0.015070 -0.033505
v 0.000610 0.015070 -0.033505
v 0.000610 0.015070 -0.033505
v 0.000610 0.015070 -0.033505
v 0.000007 0.014286 -0.034560
v 0.000007 0.014286 -0.034560
v 0.000007 0.014286 -0.034560
v -0.020895 0.003921 -0.042633
v -0.023935 0.000943 -0.045182
v -0.023935 0.000943 -0.045182
v -0.027276 -0.001117 -0.046387
v -0.027276 -0.001117 -0.046387
v -0.019221 0.006582 -0.039797
v -0.017873 0.009641 -0.036195
v -0.017873 0.009641 -0.036195
v -0.017873 0.009641 -0.036195
v -0.000731 0.020074 -0.024663
v -0.000731 0.020074 -0.024663
v -0.005756 0.020479 -0.023168
v -0.005756 0.020479 -0.023168
v -0.005756 0.020479 -0.023168
v -0.005756 0.020479 -0.023168
v -0.010485 0.019949 -0.022672
v -0.010485 0.019949 -0.022672
v -0.015879 0.018696 -0.022762
v -0.015879 0.018696 -0.022762
v -0.015879 0.018696 -0.022762
v -0.019169 0.014272 -0.029104
v -0.019169 0.014272 -0.029104
v -0.017723 0.012263 -0.032582
v -0.017723 0.012263 -0.032582
v 0.018800 0.008137 -0.022596
v 0.018800 0.008137 -0.022596
v 0.018800 0.008137 -0.022596
v -0.019974 0.003545 -0.008140
v -0.019974 0.003545 -0.008140
v -0.019974 0.003545 -0.008140
v -0.018275 0.014122 -0.009546
v -0.018275 0.014122 -0.009546
v -0.018275 0.014122 -0.009546
v -0.018275 0.014122 -0.009546
v 0.020575 0.005256 -0.027136
v 0.020575 0.005256 -0.027136
v 0.020575 0.005256 -0.027136
v -0.014210 0.006049 -0.039591
v -0.014210 0.006049 -0.039591
v -0.014210 0.006049 -0.039591
v -0.014210 0.006049 -0.039591
v -0.013746 0.008935 -0.035868
v -0.013746 0.008935 -0.035868
v -0.020321 -0.001673 -0.047135
v -0.020321 -0.001673 -0.047135
v -0.020321 -0.001673 -0.047135
v -0.020321 -0.001673 -0.047135
v -0.015004 0.002149 -0.044344
v -0.015004 0.002149 -0.044344
v -0.015004 0.002149 -0.044344
v -0.005604 0.010064 -0.036513
v -0.005604 0.010064 -0.036513
v -0.005604 0.010064 -0.036513
v -0.005604 0.010064 -0.036513
v -0.006151 0.006028 -0.041737
v -0.006151 0.006028 -0.041737
v -0.006151 0.006028 -0.041737
v -0.010642 0.004679 -0.042389
v -0.010642 0.004679 -0.042389
v -0.011974 0.010139 -0.034746
v -0.011974 0.010139 -0.034746
v -0.004689 0.008856 -0.038345
v -0.004689 0.008856 -0.038345
v -0.004689 0.008856 -0.038345
v 0.001314 0.010871 -0.036727
v -0.012611 0.001916 -0.045309
v -0.012760 0.005051 -0.041294
v -0.012760 0.005051 -0.041294
v -0.012760 0.005051 -0.041294
v -0.007397 0.010764 -0.035136
v -0.007397 0.010764 -0.035136
v -0.007397 0.010764 -0.035136
v -0.007397 0.010764 -0.035136
v -0.009681 0.010794 -0.034494
v 0.003323 0.014529 -0.031825
v -0.004875 0.007398 -0.040247
v -0.004875 0.007398 -0.040247
v 0.009277 0.011287 -0.037127
v 0.009277 0.011287 -0.037127
v 0.009277 0.011287 -0.037127
v 0.009713 0.012525 -0.035333
v 0.009713 0.012525 -0.035333
v 0.009713 0.012525 -0.035333
v 0.009134 0.013636 -0.033607
v 0.009134 0.013636 -0.033607
v 0.007694 0.014524 -0.032228
v 0.007694 0.014524 -0.032228
v 0.007717 0.010245 -0.038406
v 0.007717 0.010245 -0.038406
v 0.007717 0.010245 -0.038406
v 0.002914 0.009912 -0.038300
v 0.002914 0.009912 -0.038300
v 0.002914 0.009912 -0.038300
v 0.002914 0.009912 -0.038300
v 0.001588 0.013547 -0.033006
v 0.001588 0.013547 -0.033006
v 0.005577 0.014913 -0.031540
v 0.005577 0.014913 -0.031540
v 0.005573 0.009715 -0.038871
v 0.005573 0.009715 -0.038871
v 0.006899 -0.003266 -0.054740
v 0.006899 -0.003266 -0.054740
v 0.008304 -0.002390 -0.053942
v 0.008304 -0.002390 -0.053942
v 0.008304 -0.002390 -0.053942
v 0.009346 -0.001248 -0.052786
v 0.009346 -0.001248 -0.052786
v 0.009346 -0.001248 -0.052786
v 0.009755 0.001085 -0.050177
v 0.009755 0.001085 -0.050177
v 0.009755 0.001085 -0.050177
v 0.002928 0.003728 -0.046329
v 0.002928 0.003728 -0.046329
v 0.006558 0.003692 -0.046896
v 0.006558 0.003692 -0.046896
v 0.006558 0.003692 -0.046896
v 0.006558 0.003692 -0.046896
v -0.010971 0.000855 -0.047006
v -0.001445 0.001113 -0.048696
v -0.001445 0.001113 -0.048696
v -0.001445 0.001113 -0.048696
v -0.011392 -0.002446 -0.050672
v -0.011392 -0.002446 -0.050672
v -0.001086 -0.002405 -0.052752
v -0.001086 -0.002405 -0.052752
v 0.001804 -0.003860 -0.054739
v 0.001804 -0.003860 -0.054739
v 0.001804 -0.003860 -0.054739
v 0.004785 0.003849 -0.046414
v 0.004785 0.003849 -0.046414
v 0.004785 0.003849 -0.046414
v 0.009816 -0.000077 -0.051498
v 0.009816 -0.000077 -0.051498
v -0.001910 -0.000071 -0.049987
v -0.001910 -0.000071 -0.049987
v -0.001910 -0.000071 -0.049987
v -0.010556 -0.000755 -0.048966
v -0.010556 -0.000755 -0.048966
v -0.019835 -0.003274 -0.049132
v -0.019835 -0.003274 -0.049132
v -0.017521 0.001467 -0.044370
v 0.009208 0.002163 -0.048932
v 0.009208 0.002163 -0.048932
v 0.009208 0.002163 -0.048932
v 0.008122 0.003030 -0.047814
v 0.008122 0.003030 -0.047814
v 0.008122 0.003030 -0.047814
v 0.008122 0.003030 -0.047814
v 0.005212 -0.003823 -0.055088
v 0.005212 -0.003823 -0.055088
v 0.005212 -0.003823 -0.055088
v 0.001107 0.003218 -0.046705
v 0.001107 0.003218 -0.046705
v -0.008226 0.005047 -0.042495
v -0.000487 0.002261 -0.047570
v -0.000487 0.002261 -0.047570
v -0.000487 0.002261 -0.047570
v -0.001783 -0.001258 -0.051346
v -0.001783 -0.001258 -0.051346
v -0.001783 -0.001258 -0.051346
v 0.000158 -0.003303 -0.053916
v 0.000158 -0.003303 -0.053916
v 0.003580 -0.004017 -0.055121
v 0.003580 -0.004017 -0.055121
v -0.014577 0.007452 -0.037635
v -0.014577 0.007452 -0.037635
v -0.014577 0.007452 -0.037635
v -0.019472 0.000067 -0.045385
v -0.019472 0.000067 -0.045385
v -0.019472 0.000067 -0.045385
v -0.018184 -0.004305 -0.050810
v -0.018184 -0.004305 -0.050810
v -0.018184 -0.004305 -0.050810
v -0.018184 -0.004305 -0.050810
v -0.015780 -0.004530 -0.051750
v -0.015780 -0.004530 -0.051750
v -0.015780 -0.004530 -0.051750
v -0.013308 -0.003853 -0.051698
v -0.013308 -0.003853 -0.051698
v -0.013308 -0.003853 -0.051698
v -0.013308 -0.003853 -0.051698
v 0.000829 0.012227 -0.034773
v 0.000829 0.012227 -0.034773
v 0.000829 0.012227 -0.034773
v 0.000829 0.012227 -0.034773
v -0.019155 -0.003880 -0.050071
v -0.019155 -0.003880 -0.050071
v -0.019155 -0.003880 -0.050071
v -0.017017 -0.004533 -0.051414
v -0.017017 -0.004533 -0.051414
v -0.017017 -0.004533 -0.051414
v -0.014488 -0.004298 -0.051871
v -0.014488 -0.004298 -0.051871
v -0.014488 -0.004298 -0.051871
v -0.014488 -0.004298 -0.051871
v -0.020258 -0.002505 -0.048131
v -0.020258 -0.002505 -0.048131
v -0.020258 -0.002505 -0.048131
v -0.020067 -0.000774 -0.046190
v -0.020067 -0.000774 -0.046190
v -0.020067 -0.000774 -0.046190
v -0.018605 0.000858 -0.044756
v -0.018605 0.000858 -0.044756
v -0.016283 0.001917 -0.044227
v -0.016283 0.001917 -0.044227
v -0.016283 0.001917 -0.044227
v -0.013743 0.002151 -0.044715
v -0.011653 0.001477 -0.046096
v -0.010589 0.000094 -0.047995
v -0.010589 0.000094 -0.047995
v -0.010801 -0.001624 -0.049926
v -0.010801 -0.001624 -0.049926
v -0.012249 -0.003215 -0.051287
v -0.012249 -0.003215 -0.051287
v -0.012249 -0.003215 -0.051287
v -0.009401 0.004771 -0.042601
v -0.009401 0.004771 -0.042601
v -0.011786 0.004782 -0.041928
v -0.011786 0.004782 -0.041928
v -0.011786 0.004782 -0.041928
v -0.013658 0.005488 -0.040549
v -0.013658 0.005488 -0.040549
v -0.013658 0.005488 -0.040549
v -0.014556 0.006722 -0.038630
v -0.014556 0.006722 -0.038630
v -0.014556 0.006722 -0.038630
v -0.014322 0.008230 -0.036694
v -0.014322 0.008230 -0.036694
v -0.012968 0.009614 -0.035207
v -0.012968 0.009614 -0.035207
v -0.012968 0.009614 -0.035207
v -0.010865 0.010575 -0.034498
v -0.010865 0.010575 -0.034498
v -0.010865 0.010575 -0.034498
v -0.008502 0.010890 -0.034705
v -0.008502 0.010890 -0.034705
v -0.008502 0.010890 -0.034705
v -0.006396 0.010514 -0.035747
v -0.006396 0.010514 -0.035747
v -0.004991 0.009531 -0.037403
v -0.004991 0.009531 -0.037403
v 0.000866 0.011535 -0.035786
v 0.000866 0.011535 -0.035786
v 0.000866 0.011535 -0.035786
v -0.004593 0.008160 -0.039345
v -0.004593 0.008160 -0.039345
v 0.002009 0.010329 -0.037548
v 0.002009 0.010329 -0.037548
v -0.005370 0.006684 -0.041100
v -0.005370 0.006684 -0.041100
v -0.007097 0.005461 -0.042292
v -0.007097 0.005461 -0.042292
v 0.004229 0.009678 -0.038831
v 0.004229 0.009678 -0.038831
v 0.004229 0.009678 -0.038831
v 0.004229 0.009678 -0.038831
v 0.006699 0.009901 -0.038779
v 0.008635 0.010725 -0.037867
v 0.008635 0.010725 -0.037867
v 0.008635 0.010725 -0.037867
v 0.008635 0.010725 -0.037867
v 0.009707 0.011932 -0.036294
v 0.009548 0.013140 -0.034459
v 0.009548 0.013140 -0.034459
v 0.008527 0.014165 -0.032849
v 0.008527 0.014165 -0.032849
v 0.008527 0.014165 -0.032849
v 0.006691 0.014809 -0.031773
v 0.006691 0.014809 -0.031773
v 0.006691 0.014809 -0.031773
v 0.004399 0.014833 -0.031557
v 0.004399 0.014833 -0.031557
v 0.004399 0.014833 -0.031557
v 0.004399 0.014833 -0.031557
v 0.002323 0.014142 -0.032313
v 0.002323 0.014142 -0.032313
v 0.002323 0.014142 -0.032313
v 0.002323 0.014142 -0.032313
v 0.001041 0.012931 -0.033835
v 0.001041 0.012931 -0.033835
v 0.004052 -0.000144 -0.050526
v -0.015354 -0.001158 -0.047742
v -0.015354 -0.001158 -0.047742
v -0.015354 -0.001158 -0.047742
v -0.015354 -0.001158 -0.047742
v -0.009549 0.007724 -0.038325
v 0.005377 0.012243 -0.034970
v 0.005377 0.012243 -0.034970
v 0.005377 0.012243 -0.034970
v -0.010435 0.018462 -0.025100
v -0.010435 0.018462 -0.025100
v -0.001294 0.018863 -0.026567
v -0.001294 0.018863 -0.026567
v -0.001294 0.018863 -0.026567
v 0.012292 0.007435 -0.044917
v 0.012292 0.007435 -0.044917
v 0.012292 0.007435 -0.044917
v 0.015553 0.002826 0.002342
v 0.015553 0.002826 0.002342
v 0.008658 0.018411 0.003582
v 0.008658 0.018411 0.003582
v -0.002372 0.021223 0.004617
v -0.002372 0.021223 0.004617
v -0.002372 0.021223 0.004617
v -0.016093 -0.019843 -0.063859
v -0.016093 -0.019843 -0.063859
v -0.015807 -0.016069 -0.063357
v -0.015807 -0.016069 -0.063357
v -0.015807 -0.016069 -0.063357
v 0.007724 -0.015095 -0.062635
v 0.007724 -0.015095 -0.062635
v 0.007724 -0.015095 -0.062635
v 0.006163 -0.011514 -0.062687
v 0.006163 -0.011514 -0.062687
v 0.006163 -0.011514 -0.062687
v -0.000892 -0.014044 -0.064567
v -0.000892 -0.014044 -0.064567
v -0.000892 -0.014044 -0.064567
v -0.000892 -0.014044 -0.064567
v 0.000228 -0.018070 -0.064518
v 0.000228 -0.018070 -0.064518
v 0.000228 -0.018070 -0.064518
v -0.008487 -0.015548 -0.064652
v -0.008487 -0.015548 -0.064652
v -0.008487 -0.015548 -0.064652
v -0.007947 -0.019549 -0.064870
v -0.007947 -0.019549 -0.064870
v -0.007947 -0.019549 -0.064870
v -0.007947 -0.019549 -0.064870
v -0.022710 -0.015127 -0.060884
v -0.022710 -0.015127 -0.060884
v -0.022710 -0.015127 -0.060884
v -0.022710 -0.015127 -0.060884
v -0.023732 -0.018856 -0.061101
v -0.023732 -0.018856 -0.061101
v -0.023732 -0.018856 -0.061101
v -0.028641 -0.013135 -0.056964
v -0.028641 -0.013135 -0.056964
v -0.028641 -0.013135 -0.056964
v -0.028641 -0.013135 -0.056964
v -0.030223 -0.016532 -0.056679
v -0.030223 -0.016532 -0.056679
v -0.030223 -0.016532 -0.056679
v -0.030223 -0.016532 -0.056679
v -0.030223 -0.016532 -0.056679
v 0.014040 -0.011057 -0.058864
v 0.014040 -0.011057 -0.058864
v 0.014040 -0.011057 -0.058864
v 0.012086 -0.007875 -0.059355
v 0.012086 -0.007875 -0.059355
v 0.012086 -0.007875 -0.059355
v -0.035424 -0.013092 -0.051768
v -0.035424 -0.013092 -0.051768
v -0.035424 -0.013092 -0.051768
v -0.035424 -0.013092 -0.051768
v -0.033205 -0.010279 -0.052285
v -0.033205 -0.010279 -0.052285
v -0.033205 -0.010279 -0.052285
v 0.016450 -0.003652 -0.054985
v 0.016450 -0.003652 -0.054985
v 0.016450 -0.003652 -0.054985
v 0.016450 -0.003652 -0.054985
v 0.018796 -0.006268 -0.053987
v 0.018796 -0.006268 -0.053987
v 0.018796 -0.006268 -0.053987
v -0.038890 -0.008706 -0.045819
v -0.038890 -0.008706 -0.045819
v -0.038890 -0.008706 -0.045819
v -0.038890 -0.008706 -0.045819
v -0.036567 -0.006328 -0.046826
v -0.036567 -0.006328 -0.046826
v 0.019843 0.008533 -0.025786
v 0.019843 0.008533 -0.025786
v 0.019843 0.008533 -0.025786
v 0.019843 0.008533 -0.025786
v 0.017947 0.007189 -0.019444
v 0.017947 0.007189 -0.019444
v 0.018586 -0.003864 -0.025765
v 0.018586 -0.003864 -0.025765
v 0.018586 -0.003864 -0.025765
v 0.020083 0.001244 -0.026401
v -0.018209 0.012168 -0.008287
v -0.018209 0.012168 -0.008287
v -0.018209 0.012168 -0.008287
v -0.018209 0.012168 -0.008287
v -0.022269 0.014315 -0.012507
v -0.022269 0.014315 -0.012507
v -0.022269 0.014315 -0.012507
v -0.022269 0.014315 -0.012507
v -0.024586 0.012166 -0.013163
v -0.024586 0.012166 -0.013163
v -0.019790 0.014395 -0.010755
v -0.019790 0.014395 -0.010755
v -0.019790 0.014395 -0.010755
v -0.020151 0.012952 -0.010206
v -0.020151 0.012952 -0.010206
v -0.015307 0.015521 -0.007409
v -0.015307 0.015521 -0.007409
v -0.015307 0.015521 -0.007409
v -0.015307 0.015521 -0.007409
v -0.017032 0.013529 -0.007899
v -0.017032 0.013529 -0.007899
v -0.017032 0.013529 -0.007899
v -0.017032 0.013529 -0.007899
v -0.021141 0.017175 -0.016006
v -0.021141 0.017175 -0.016006
v -0.017357 0.017664 -0.013168
v -0.017357 0.017664 -0.013168
v -0.018872 0.006643 -0.007335
v -0.018872 0.006643 -0.007335
v -0.021993 0.007621 -0.010028
v -0.021993 0.007621 -0.010028
v -0.025073 0.015022 -0.016119
v -0.025073 0.015022 -0.016119
v -0.025073 0.015022 -0.016119
v -0.025073 0.015022 -0.016119
v -0.021754 0.015787 -0.014006
v -0.018590 0.016161 -0.011802
v -0.018590 0.016161 -0.011802
v -0.016491 0.016083 -0.010008
v -0.016491 0.016083 -0.010008
v 0.008504 0.019023 -0.009878
v 0.008504 0.019023 -0.009878
v 0.008504 0.019023 -0.009878
v 0.001810 0.021580 -0.008633
v 0.001810 0.021580 -0.008633
v -0.003234 0.021529 -0.007844
v -0.003234 0.021529 -0.007844
v -0.007974 0.020337 -0.007482
v -0.007974 0.020337 -0.007482
v -0.013373 0.017163 -0.007342
v -0.013373 0.017163 -0.007342
v 0.020522 -0.001336 -0.029243
v 0.020601 -0.006644 -0.035343
v 0.019226 -0.011807 -0.041980
v 0.019226 -0.011807 -0.041980
v 0.019226 -0.011807 -0.041980
v 0.019226 -0.011807 -0.041980
v 0.015913 -0.016531 -0.047868
v 0.015913 -0.016531 -0.047868
v 0.011207 -0.020275 -0.052745
v 0.011207 -0.020275 -0.052745
v 0.004585 -0.023808 -0.055805
v -0.002641 -0.025993 -0.057410
v -0.002641 -0.025993 -0.057410
v -0.002641 -0.025993 -0.057410
v -0.002641 -0.025993 -0.057410
v -0.010985 -0.027024 -0.057324
v -0.010985 -0.027024 -0.057324
v -0.018852 -0.026499 -0.055786
v -0.018852 -0.026499 -0.055786
v -0.018852 -0.026499 -0.055786
v -0.025981 -0.024782 -0.052584
v -0.025981 -0.024782 -0.052584
v -0.025981 -0.024782 -0.052584
v -0.032535 -0.021614 -0.047641
v -0.032535 -0.021614 -0.047641
v -0.036937 -0.017529 -0.041380
v -0.036937 -0.017529 -0.041380
v -0.036937 -0.017529 -0.041380
v -0.039046 -0.012771 -0.035246
v -0.039046 -0.012771 -0.035246
v -0.039046 -0.012771 -0.035246
v -0.039203 -0.007780 -0.029227
v -0.039203 -0.007780 -0.029227
v -0.036732 -0.002406 -0.023164
v -0.032056 0.002642 -0.017828
v -0.026986 0.007313 -0.013709
v -0.026986 0.007313 -0.013709
v -0.023544 0.009740 -0.011621
v -0.013449 0.012875 -0.001727
v -0.013449 0.012875 -0.001727
v -0.013449 0.012875 -0.001727
v -0.014084 0.014470 -0.004945
v -0.014084 0.014470 -0.004945
v -0.016303 0.008460 -0.004755
v -0.016764 0.010980 -0.006262
v -0.016764 0.010980 -0.006262
v -0.016764 0.010980 -0.006262
v -0.018008 0.009151 -0.006830
v 0.017723 0.010953 -0.022354
v 0.017723 0.010953 -0.022354
v 0.017723 0.010953 -0.022354
v 0.018803 0.011102 -0.026101
v 0.020291 0.009962 -0.030245
v 0.020291 0.009962 -0.030245
v 0.020546 0.009739 -0.034916
v 0.020546 0.009739 -0.034916
v 0.020546 0.009739 -0.034916
v 0.017996 0.011323 -0.037424
v 0.017996 0.011323 -0.037424
v 0.017996 0.011323 -0.037424
v 0.022654 0.005705 -0.036810
v 0.022654 0.005705 -0.036810
v 0.022654 0.005705 -0.036810
v 0.022654 0.005705 -0.036810
v 0.021583 0.008259 -0.033438
v 0.021583 0.008259 -0.033438
v 0.022204 0.004620 -0.041334
v 0.022204 0.004620 -0.041334
v 0.019673 0.006589 -0.043470
v 0.019673 0.006589 -0.043470
v 0.015022 0.012833 -0.016819
v 0.015022 0.012833 -0.016819
v 0.015022 0.012833 -0.016819
v 0.015022 0.012833 -0.016819
v 0.008302 0.019267 -0.013875
v 0.008302 0.019267 -0.013875
v 0.008302 0.019267 -0.013875
v 0.008302 0.019267 -0.013875
v 0.011536 0.014533 0.003109
v 0.011536 0.014533 0.003109
v 0.011536 0.014533 0.003109
v 0.011847 0.014664 -0.006732
v 0.011847 0.014664 -0.006732
v 0.011926 0.015151 -0.011095
v 0.011926 0.015151 -0.011095
v 0.012014 0.015858 -0.015161
v 0.012121 0.016881 -0.019109
v 0.011415 0.018019 -0.023143
v 0.009724 0.018301 -0.026672
v 0.014196 0.010822 -0.003488
v 0.014196 0.010822 -0.003488
v 0.011661 0.014571 -0.002783
v 0.008574 0.018638 -0.002177
v 0.008574 0.018638 -0.002177
v 0.002015 0.021497 -0.000987
v 0.002015 0.021497 -0.000987
v -0.002601 0.021317 -0.000426
v -0.002601 0.021317 -0.000426
v -0.006853 0.019901 -0.000095
v -0.006853 0.019901 -0.000095
v -0.012911 0.020266 -0.015851
v -0.012911 0.020266 -0.015851
v -0.012911 0.020266 -0.015851
v -0.013383 0.020318 -0.019723
v -0.013383 0.020318 -0.019723
v -0.013383 0.020318 -0.019723
v -0.006044 0.019861 0.011289
v -0.006044 0.019861 0.011289
v -0.002135 0.021194 0.011007
v -0.002135 0.021194 0.011007
v 0.002342 0.021256 0.010769
v 0.002342 0.021256 0.010769
v 0.002342 0.021256 0.010769
v 0.008692 0.018143 0.010364
v 0.008692 0.018143 0.010364
v -0.010725 0.016084 0.011417
v -0.010725 0.016084 0.011417
v -0.010725 0.016084 0.011417
v 0.013740 0.010520 0.009827
v 0.013740 0.010520 0.009827
v 0.015291 0.002633 0.009626
v 0.015291 0.002633 0.009626
v 0.014021 -0.004185 0.009503
v 0.014021 -0.004185 0.009503
v 0.014021 -0.004185 0.009503
v -0.013658 0.012860 0.043685
v -0.013658 0.012860 0.043685
v -0.013658 0.012860 0.043685
v -0.001221 0.020999 0.045337
v -0.001221 0.020999 0.045337
v -0.001221 0.020999 0.045337
v 0.012356 0.009320 0.043282
v 0.012356 0.009320 0.043282
v 0.013818 0.002007 0.043180
v 0.013818 0.002007 0.043180
v 0.013818 0.002007 0.043180
v 0.012532 -0.004717 0.043118
v 0.012532 -0.004717 0.043118
v 0.009042 -0.012061 0.042987
v 0.009042 -0.012061 0.042987
v 0.009042 -0.012061 0.042987
v -0.012824 -0.010138 0.043531
v -0.012824 -0.010138 0.043531
v -0.015305 -0.004473 0.043577
v -0.015305 -0.004473 0.043577
v -0.015305 -0.004473 0.043577
v -0.015305 -0.004473 0.043577
v -0.016535 0.001584 0.043494
v -0.016535 0.001584 0.043494
v -0.015679 0.007418 0.043690
v -0.015679 0.007418 0.043690
v -0.012789 0.012316 0.050158
v -0.012789 0.012316 0.050158
v -0.012789 0.012316 0.050158
v -0.009363 0.016595 0.050280
v -0.009363 0.016595 0.050280
v -0.009363 0.016595 0.050280
v -0.009363 0.016595 0.050280
v -0.005767 0.018859 0.050325
v -0.001054 0.019892 0.050304
v -0.001054 0.019892 0.050304
v -0.001054 0.019892 0.050304
v 0.002325 0.019475 0.050321
v 0.002325 0.019475 0.050321
v 0.002325 0.019475 0.050321
v 0.002325 0.019475 0.050321
v 0.007456 0.015778 0.050022
v 0.007456 0.015778 0.050022
v 0.011280 0.008574 0.049861
v 0.011280 0.008574 0.049861
v 0.011280 0.008574 0.049861
v 0.012399 0.001700 0.049786
v 0.012399 0.001700 0.049786
v 0.012399 0.001700 0.049786
v 0.012399 0.001700 0.049786
v 0.012399 0.001700 0.049786
v 0.011355 -0.004539 0.049714
v 0.011355 -0.004539 0.049714
v 0.007851 -0.011548 0.049608
v 0.003222 -0.015452 0.049715
v 0.003222 -0.015452 0.049715
v 0.003222 -0.015452 0.049715
v 0.003222 -0.015452 0.049715
v -0.002559 -0.016728 0.049647
v -0.002559 -0.016728 0.049647
v -0.002559 -0.016728 0.049647
v -0.002559 -0.016728 0.049647
v -0.002559 -0.016728 0.049647
v -0.007735 -0.014070 0.049678
v -0.007735 -0.014070 0.049678
v -0.011898 -0.009728 0.049775
v -0.011898 -0.009728 0.049775
v -0.011898 -0.009728 0.049775
v -0.014486 -0.004249 0.049852
v -0.014486 -0.004249 0.049852
v -0.014486 -0.004249 0.049852
v -0.015560 0.001384 0.049955
v -0.015560 0.001384 0.049955
v -0.015560 0.001384 0.049955
v -0.014930 0.006911 0.050091
v -0.014930 0.006911 0.050091
v -0.014930 0.006911 0.050091
v -0.011116 0.010909 0.055613
v -0.011116 0.010909 0.055613
v -0.008389 0.015175 0.054469
v -0.008389 0.015175 0.054469
v -0.008389 0.015175 0.054469
v -0.005118 0.017155 0.054479
v -0.005118 0.017155 0.054479
v -0.005118 0.017155 0.054479
v -0.000903 0.017969 0.054467
v -0.000903 0.017969 0.054467
v 0.006684 0.014149 0.054066
v 0.006684 0.014149 0.054066
v 0.006684 0.014149 0.054066
v 0.009591 0.007603 0.055147
v 0.009591 0.007603 0.055147
v 0.010284 0.001501 0.055196
v 0.010284 0.001501 0.055196
v 0.010284 0.001501 0.055196
v 0.009326 -0.004251 0.055137
v 0.009326 -0.004251 0.055137
v 0.006211 -0.010014 0.054992
v 0.006211 -0.010014 0.054992
v 0.006211 -0.010014 0.054992
v 0.006211 -0.010014 0.054992
v 0.002504 -0.013938 0.053710
v 0.002504 -0.013938 0.053710
v 0.002504 -0.013938 0.053710
v -0.002492 -0.015056 0.053604
v -0.002492 -0.015056 0.053604
v -0.002492 -0.015056 0.053604
v -0.007061 -0.012556 0.053561
v -0.007061 -0.012556 0.053561
v -0.007061 -0.012556 0.053561
v -0.010545 -0.008479 0.054971
v -0.010545 -0.008479 0.054971
v -0.012864 -0.003642 0.055139
v -0.012864 -0.003642 0.055139
v -0.012864 -0.003642 0.055139
v -0.013610 0.001305 0.055413
v -0.013610 0.001305 0.055413
v -0.013610 0.001305 0.055413
v -0.013610 0.001305 0.055413
v -0.013207 0.006068 0.055521
v -0.013207 0.006068 0.055521
v -0.013207 0.006068 0.055521
v -0.013207 0.006068 0.055521
v -0.013207 0.006068 0.055521
v -0.025019 -0.003240 -0.013490
v -0.025019 -0.003240 -0.013490
v -0.025019 -0.003240 -0.013490
v -0.030306 -0.008284 -0.018629
v -0.033035 -0.013158 -0.024581
v -0.033804 -0.017463 -0.030448
v -0.033804 -0.017463 -0.030448
v -0.032064 0.007934 -0.017857
v -0.032064 0.007934 -0.017857
v -0.029589 0.005021 -0.015729
v -0.029589 0.005021 -0.015729
v -0.029589 0.005021 -0.015729
v -0.026953 0.002275 -0.013455
v -0.026953 0.002275 -0.013455
v -0.026953 0.002275 -0.013455
v -0.020335 -0.001728 -0.009824
v -0.020335 -0.001728 -0.009824
v -0.022663 0.004059 -0.010165
v -0.022663 0.004059 -0.010165
v -0.023426 -0.000041 -0.011661
v -0.023426 -0.000041 -0.011661
v -0.023727 -0.009182 -0.014470
v -0.027888 -0.005781 -0.016076
v -0.031820 -0.002727 -0.017935
v -0.031820 -0.002727 -0.017935
v -0.034639 0.000151 -0.020348
v -0.036919 0.002645 -0.022971
v -0.036919 0.002645 -0.022971
v -0.028079 -0.014177 -0.019614
v -0.028079 -0.014177 -0.019614
v -0.032002 -0.010722 -0.021455
v -0.032002 -0.010722 -0.021455
v -0.035843 -0.007790 -0.023617
v -0.035843 -0.007790 -0.023617
v -0.035843 -0.007790 -0.023617
v -0.038340 -0.005056 -0.026106
v -0.038340 -0.005056 -0.026106
v -0.040169 -0.002848 -0.028661
v -0.040169 -0.002848 -0.028661
v -0.040169 -0.002848 -0.028661
v -0.019596 -0.021521 -0.018784
v -0.019596 -0.021521 -0.018784
v -0.019596 -0.021521 -0.018784
v -0.025344 -0.019815 -0.021500
v -0.025344 -0.019815 -0.021500
v -0.025344 -0.019815 -0.021500
v -0.024034 -0.017731 -0.018950
v -0.022359 -0.015345 -0.016761
v -0.022359 -0.015345 -0.016761
v -0.020071 -0.012473 -0.014548
v -0.017836 -0.010201 -0.012146
v -0.017836 -0.010201 -0.012146
v -0.017836 -0.010201 -0.012146
v 0.016946 -0.000505 -0.016882
v 0.016946 -0.000505 -0.016882
v 0.016616 -0.006727 -0.021839
v 0.016616 -0.006727 -0.021839
v 0.016616 -0.006727 -0.021839
v 0.016120 -0.012172 -0.028258
v 0.016120 -0.012172 -0.028258
v -0.019981 0.018333 -0.020839
v -0.020640 0.018012 -0.018225
v -0.020640 0.018012 -0.018225
v -0.024318 0.016532 -0.019823
v -0.024318 0.016532 -0.019823
v -0.024318 0.016532 -0.019823
v 0.013732 0.016534 -0.027323
v 0.010683 0.018339 -0.024943
v 0.010683 0.018339 -0.024943
v 0.006960 0.020005 -0.022529
v 0.006960 0.020005 -0.022529
v 0.014569 0.015299 -0.031650
v 0.014569 0.015299 -0.031650
v 0.014569 0.015299 -0.031650
v 0.016278 0.014564 -0.029731
v 0.016278 0.014564 -0.029731
v 0.016969 0.013955 -0.028780
v 0.016969 0.013955 -0.028780
v 0.016969 0.013955 -0.028780
v 0.017629 0.013055 -0.027689
v 0.017629 0.013055 -0.027689
v 0.009383 -0.022214 -0.027328
v 0.009383 -0.022214 -0.027328
v -0.028122 -0.023355 -0.036369
v -0.028122 -0.023355 -0.036369
v -0.027496 -0.022574 -0.030496
v -0.027496 -0.022574 -0.030496
v -0.028059 -0.024404 -0.042986
v -0.028059 -0.024404 -0.042986
v -0.028059 -0.024404 -0.042986
v -0.032954 0.011098 -0.022733
v -0.032954 0.011098 -0.022733
v -0.032954 0.011098 -0.022733
v -0.032777 -0.009329 -0.051982
v -0.032777 -0.009329 -0.051982
v -0.034313 -0.007729 -0.049773
v -0.036993 -0.003555 -0.044079
v -0.036993 -0.003555 -0.044079
v -0.035819 -0.005658 -0.047021
v -0.035819 -0.005658 -0.047021
v -0.028155 -0.005027 -0.050409
v -0.032213 -0.006631 -0.050113
v -0.033664 -0.003673 -0.046522
v -0.033664 -0.003673 -0.046522
v 0.011648 -0.016520 -0.023046
v 0.011516 -0.012488 -0.016981
v 0.016848 0.010065 -0.018116
v 0.016848 0.010065 -0.018116
v 0.016056 0.008704 -0.013040
v 0.016056 0.008704 -0.013040
v 0.016056 0.008704 -0.013040
v 0.015663 0.007571 -0.008258
v 0.015663 0.007571 -0.008258
v 0.015663 0.007571 -0.008258
v 0.015482 0.007197 -0.003929
v 0.015482 0.007197 -0.003929
v 0.015482 0.007197 -0.003929
v 0.015286 0.006873 0.002523
v 0.015011 0.006669 0.009697
v 0.015011 0.006669 0.009697
v 0.013916 0.005857 0.039481
v -0.008887 0.018267 0.004982
v -0.009224 0.018297 -0.000123
v -0.009224 0.018297 -0.000123
v -0.009224 0.018297 -0.000123
v -0.009878 0.018469 -0.003795
v -0.009878 0.018469 -0.003795
v -0.009878 0.018469 -0.003795
v -0.010786 0.018972 -0.007357
v -0.010786 0.018972 -0.007357
v -0.010786 0.018972 -0.007357
v -0.011747 0.019604 -0.011042
v -0.011747 0.019604 -0.011042
v -0.011747 0.019604 -0.011042
v 0.022084 -0.006294 -0.042733
v 0.020234 -0.009242 -0.038627
v 0.020234 -0.009242 -0.038627
v 0.020234 -0.009242 -0.038627
v 0.017835 -0.012288 -0.034986
v 0.017835 -0.012288 -0.034986
v 0.017835 -0.012288 -0.034986
v 0.015416 -0.015097 -0.031684
v 0.012743 -0.017689 -0.028517
v 0.012743 -0.017689 -0.028517
v 0.012743 -0.017689 -0.028517
v -0.030208 -0.018357 -0.025335
v -0.030208 -0.018357 -0.025335
v -0.030208 -0.018357 -0.025335
v -0.033651 -0.015401 -0.027330
v -0.033651 -0.015401 -0.027330
v -0.037066 -0.012645 -0.029645
v -0.037066 -0.012645 -0.029645
v -0.037066 -0.012645 -0.029645
v -0.039444 -0.010311 -0.032219
v -0.039444 -0.010311 -0.032219
v -0.040935 -0.008255 -0.034806
v -0.040935 -0.008255 -0.034806
v -0.024881 -0.012441 -0.058307
v -0.024881 -0.012441 -0.058307
v -0.018872 -0.013272 -0.061276
v -0.018872 -0.013272 -0.061276
v -0.012600 -0.013313 -0.062945
v -0.012600 -0.013313 -0.062945
v -0.005177 -0.012134 -0.063377
v -0.005177 -0.012134 -0.063377
v -0.005177 -0.012134 -0.063377
v -0.022034 -0.007582 -0.055184
v -0.002136 -0.006639 -0.059124
v -0.008281 -0.007761 -0.059185
v -0.013290 -0.008347 -0.058563
v -0.013290 -0.008347 -0.058563
v -0.017489 -0.008345 -0.057407
v -0.017489 -0.008345 -0.057407
v 0.002623 -0.005716 -0.058786
v 0.008378 -0.004148 -0.057488
v 0.008378 -0.004148 -0.057488
v 0.005910 -0.004842 -0.058158
v 0.005910 -0.004842 -0.058158
v -0.021033 -0.000156 -0.048790
v -0.021033 -0.000156 -0.048790
v -0.020248 0.001775 -0.046825
v -0.020248 0.001775 -0.046825
v -0.018272 0.003290 -0.045669
v -0.018272 0.003290 -0.045669
v -0.015678 0.004052 -0.045540
v -0.015678 0.004052 -0.045540
v -0.013137 0.003901 -0.046427
v -0.013137 0.003901 -0.046427
v -0.011215 0.002879 -0.048122
v -0.011215 0.002879 -0.048122
v -0.010533 0.001233 -0.050175
v -0.010533 0.001233 -0.050175
v -0.011232 -0.000589 -0.052038
v -0.011232 -0.000589 -0.052038
v -0.013380 -0.002262 -0.053326
v -0.013380 -0.002262 -0.053326
v -0.015898 -0.003003 -0.053458
v -0.015898 -0.003003 -0.053458
v -0.018378 -0.002878 -0.052618
v -0.018378 -0.002878 -0.052618
v -0.020403 -0.001777 -0.050801
v -0.020403 -0.001777 -0.050801
v -0.019424 0.002627 -0.046093
v -0.019424 0.002627 -0.046093
v -0.020849 0.000808 -0.047750
v -0.020849 0.000808 -0.047750
v -0.017003 0.003797 -0.045454
v -0.017003 0.003797 -0.045454
v -0.017003 0.003797 -0.045454
v -0.014340 0.004109 -0.045854
v -0.014340 0.004109 -0.045854
v -0.012022 0.003499 -0.047195
v -0.012022 0.003499 -0.047195
v -0.010673 0.002109 -0.049144
v -0.010673 0.002109 -0.049144
v -0.010690 0.000300 -0.051185
v -0.010690 0.000300 -0.051185
v -0.012159 -0.001525 -0.052836
v -0.012159 -0.001525 -0.052836
v -0.014608 -0.002756 -0.053541
v -0.014608 -0.002756 -0.053541
v -0.017205 -0.003070 -0.053165
v -0.017205 -0.003070 -0.053165
v -0.019559 -0.002446 -0.051796
v -0.019559 -0.002446 -0.051796
v -0.020882 -0.001018 -0.049807
v -0.020882 -0.001018 -0.049807
v -0.020363 -0.002604 -0.046780
v -0.019578 -0.000672 -0.044815
v -0.017602 0.000842 -0.043659
v -0.015008 0.001605 -0.043530
v -0.012467 0.001454 -0.044418
v -0.010544 0.000432 -0.046112
v -0.009863 -0.001215 -0.048165
v -0.010561 -0.003037 -0.050028
v -0.012710 -0.004709 -0.051316
v -0.015227 -0.005451 -0.051449
v -0.017707 -0.005325 -0.050608
v -0.019732 -0.004224 -0.048791
v -0.018754 0.000180 -0.044083
v -0.020178 -0.001639 -0.045740
v -0.016332 0.001350 -0.043444
v -0.016332 0.001350 -0.043444
v -0.013670 0.001662 -0.043844
v -0.011351 0.001052 -0.045185
v -0.010003 -0.000338 -0.047134
v -0.010019 -0.002147 -0.049175
v -0.011488 -0.003973 -0.050826
v -0.013937 -0.005203 -0.051531
v -0.016534 -0.005517 -0.051156
v -0.018889 -0.004894 -0.049787
v -0.020212 -0.003465 -0.047797
v -0.012943 0.003464 -0.048137
v -0.013843 0.003789 -0.047517
v -0.014808 0.003955 -0.047059
v -0.015862 0.003916 -0.046805
v -0.016910 0.003710 -0.046744
v -0.017920 0.003305 -0.046915
v -0.018843 0.002769 -0.047263
v -0.019510 0.002082 -0.047852
v -0.019984 0.001319 -0.048583
v -0.020138 0.000561 -0.049396
v -0.020016 -0.000124 -0.050206
v -0.019622 -0.000732 -0.051003
v -0.018949 -0.001269 -0.051800
v -0.018008 -0.001614 -0.052455
v -0.017064 -0.001771 -0.052900
v -0.016034 -0.001727 -0.053140
v -0.015013 -0.001522 -0.053196
v -0.014030 -0.001122 -0.053019
v -0.013055 -0.000532 -0.052626
v -0.012318 0.000213 -0.051991
v -0.011879 0.000929 -0.051307
v -0.011743 0.001663 -0.050514
v -0.011864 0.002353 -0.049700
v -0.012293 0.002961 -0.048889
v -0.015970 0.001203 -0.050040
v -0.015212 0.008966 -0.039194
v -0.015212 0.008966 -0.039194
v -0.014393 0.010763 -0.037119
v -0.014393 0.010763 -0.037119
v -0.012389 0.012163 -0.035871
v -0.012389 0.012163 -0.035871
v -0.009779 0.012858 -0.035689
v -0.009779 0.012858 -0.035689
v -0.007238 0.012700 -0.036576
v -0.007238 0.012700 -0.036576
v -0.005331 0.011734 -0.038319
v -0.005331 0.011734 -0.038319
v -0.004677 0.010193 -0.040462
v -0.004677 0.010193 -0.040462
v -0.005408 0.008497 -0.042429
v -0.005408 0.008497 -0.042429
v -0.007587 0.006951 -0.043818
v -0.007587 0.006951 -0.043818
v -0.010120 0.006275 -0.044002
v -0.010120 0.006275 -0.044002
v -0.012601 0.006409 -0.043164
v -0.012601 0.006409 -0.043164
v -0.014609 0.007450 -0.041293
v -0.014609 0.007450 -0.041293
v -0.013554 0.011552 -0.036337
v -0.013554 0.011552 -0.036337
v -0.015011 0.009864 -0.038100
v -0.015011 0.009864 -0.038100
v -0.011109 0.012628 -0.035623
v -0.011109 0.012628 -0.035623
v -0.011109 0.012628 -0.035623
v -0.008439 0.012902 -0.035995
v -0.008439 0.012902 -0.035995
v -0.006129 0.012318 -0.037362
v -0.006129 0.012318 -0.037362
v -0.004803 0.011012 -0.039383
v -0.004803 0.011012 -0.039383
v -0.004850 0.009324 -0.041524
v -0.004850 0.009324 -0.041524
v -0.006352 0.007630 -0.043283
v -0.006352 0.007630 -0.043283
v -0.008825 0.006498 -0.044065
v -0.008825 0.006498 -0.044065
v -0.011430 0.006222 -0.043717
v -0.011430 0.006222 -0.043717
v -0.013776 0.006819 -0.042323
v -0.013776 0.006819 -0.042323
v -0.015076 0.008161 -0.040259
v -0.015076 0.008161 -0.040259
v -0.014606 0.006392 -0.037327
v -0.013787 0.008189 -0.035251
v -0.011783 0.009590 -0.034003
v -0.009173 0.010284 -0.033821
v -0.006632 0.010127 -0.034708
v -0.004725 0.009160 -0.036452
v -0.004071 0.007619 -0.038594
v -0.004802 0.005924 -0.040561
v -0.006981 0.004377 -0.041951
v -0.009514 0.003702 -0.042134
v -0.011995 0.003836 -0.041296
v -0.014003 0.004876 -0.039425
v -0.012948 0.008979 -0.034469
v -0.014405 0.007291 -0.036232
v -0.010503 0.010055 -0.033755
v -0.010503 0.010055 -0.033755
v -0.007833 0.010329 -0.034127
v -0.005523 0.009744 -0.035494
v -0.004197 0.008438 -0.037515
v -0.004244 0.006751 -0.039656
v -0.005746 0.005057 -0.041415
v -0.008218 0.003924 -0.042198
v -0.010824 0.003649 -0.041850
v -0.013170 0.004246 -0.040455
v -0.014470 0.005587 -0.038391
v -0.007046 0.012358 -0.038307
v -0.007941 0.012666 -0.037673
v -0.008904 0.012828 -0.037209
v -0.009960 0.012799 -0.036962
v -0.011013 0.012613 -0.036916
v -0.012031 0.012242 -0.037113
v -0.012964 0.011747 -0.037494
v -0.013644 0.011111 -0.038124
v -0.014131 0.010402 -0.038900
v -0.014299 0.009696 -0.039755
v -0.014188 0.009056 -0.040603
v -0.013804 0.008486 -0.041433
v -0.013139 0.007980 -0.042257
v -0.012203 0.007653 -0.042928
v -0.011261 0.007500 -0.043378
v -0.010230 0.007534 -0.043611
v -0.009203 0.007719 -0.043652
v -0.008213 0.008086 -0.043448
v -0.007227 0.008629 -0.043019
v -0.006476 0.009320 -0.042339
v -0.006024 0.009985 -0.041614
v -0.005876 0.010669 -0.040779
v -0.005985 0.011314 -0.039928
v -0.006404 0.011884 -0.039085
v -0.010114 0.010279 -0.040347
vt 0.326241 0.998691
vt 0.615565 0.152247
vt 0.645244 0.998691
vt 0.353208 0.998691
vt 0.576030 0.174262
vt 0.393239 0.998691
vt 0.504132 0.168795
vt 0.405457 0.998691
vt 0.488722 0.157532
vt 0.617361 0.998691
vt 0.642009 0.110496
vt 0.567182 0.998691
vt 0.628611 0.032727
vt 0.579158 0.998691
vt 0.638206 0.047571
vt 0.591041 0.998691
vt 0.645147 0.063995
vt 0.603662 0.998691
vt 0.645634 0.085911
vt 0.367026 0.998691
vt 0.549981 0.178890
vt 0.379375 0.998691
vt 0.527786 0.177734
vt 0.428604 0.998691
vt 0.472302 0.127733
vt 0.552605 0.998691
vt 0.609371 0.018239
vt 0.443070 0.998691
vt 0.471043 0.102173
vt 0.539771 0.998691
vt 0.590364 0.010442
vt 0.510859 0.998691
vt 0.538057 0.012365
vt 0.526224 0.998691
vt 0.566463 0.008463
vt 0.459486 0.998691
vt 0.480337 0.068325
vt 0.565664 0.056290
vt 0.582258 0.072710
vt 0.620593 0.065854
vt 0.607930 0.050363
vt 0.590776 0.035182
vt 0.417052 0.998691
vt 0.478418 0.143889
vt 0.523988 0.095761
vt 0.527269 0.148101
vt 0.513832 0.134845
vt 0.502568 0.121591
vt 0.577941 0.111619
vt 0.560454 0.092735
vt 0.543377 0.074293
vt 0.485085 0.998691
vt 0.503212 0.030920
vt 0.498106 0.998691
vt 0.519353 0.019638
vt 0.598815 0.089736
vt 0.631120 0.998691
vt 0.631714 0.133145
vt 0.472039 0.998691
vt 0.489270 0.048221
vt 0.538571 0.112901
vt 0.554199 0.129824
vt 0.339959 0.998691
vt 0.597100 0.165408
vt 0.593272 0.156488
vt 0.575315 0.164281
vt 0.552374 0.168473
vt 0.532846 0.167490
vt 0.511852 0.159115
vt 0.498312 0.148489
vt 0.489391 0.136471
vt 0.484077 0.122563
vt 0.483194 0.099931
vt 0.490801 0.069197
vt 0.498382 0.052178
vt 0.509722 0.037951
vt 0.523487 0.028320
vt 0.539291 0.022129
vt 0.564523 0.018963
vt 0.585556 0.021217
vt 0.602322 0.028006
vt 0.619386 0.041018
vt 0.628182 0.054052
vt 0.634423 0.068537
vt 0.635239 0.088008
vt 0.631930 0.109667
vt 0.623001 0.128832
vt 0.609009 0.145167
vt 0.405457 0.942818
vt 0.393239 0.942818
vt 0.379375 0.942818
vt 0.367026 0.942818
vt 0.353208 0.942818
vt 0.339959 0.942818
vt 0.326241 0.942818
vt 0.645244 0.942818
vt 0.631120 0.942818
vt 0.617361 0.942818
vt 0.603662 0.942818
vt 0.591041 0.942818
vt 0.579158 0.942818
vt 0.567182 0.942818
vt 0.552605 0.942818
vt 0.539771 0.942818
vt 0.526224 0.942818
vt 0.510859 0.942818
vt 0.498106 0.942818
vt 0.485085 0.942818
vt 0.472039 0.942818
vt 0.459486 0.942818
vt 0.443070 0.942818
vt 0.428604 0.942818
vt 0.417052 0.942818
vt 0.612531 0.148971
vt 0.595842 0.160960
vt 0.576790 0.169226
vt 0.552710 0.173679
vt 0.530774 0.172888
vt 0.508246 0.163846
vt 0.493816 0.152814
vt 0.484290 0.140044
vt 0.478297 0.124777
vt 0.477584 0.099460
vt 0.485907 0.067459
vt 0.494009 0.049479
vt 0.506279 0.034232
vt 0.520912 0.023980
vt 0.537667 0.017335
vt 0.564107 0.013937
vt 0.587517 0.015807
vt 0.605714 0.023418
vt 0.623731 0.037060
vt 0.632813 0.050717
vt 0.639869 0.066505
vt 0.640334 0.088338
vt 0.636904 0.111123
vt 0.627363 0.131604
vt 0.943315 0.932807
vt 0.962599 0.932807
vt 0.962599 0.900654
vt 0.943315 0.900654
vt 0.807796 0.932807
vt 0.822223 0.932807
vt 0.822223 0.900654
vt 0.807796 0.900654
vt 0.653089 0.932807
vt 0.998308 0.932807
vt 0.669895 0.932807
vt 0.669895 0.900654
vt 0.653089 0.900654
vt 0.998308 0.900654
vt 0.839284 0.932807
vt 0.857282 0.932807
vt 0.857282 0.900654
vt 0.839284 0.900654
vt 0.874606 0.932807
vt 0.893383 0.932807
vt 0.893383 0.900654
vt 0.874606 0.900654
vt 0.909544 0.932807
vt 0.926054 0.932807
vt 0.926054 0.900654
vt 0.909544 0.900654
vt 0.980492 0.932807
vt 0.980492 0.900654
vt 0.754059 0.932807
vt 0.773304 0.932807
vt 0.773304 0.900654
vt 0.754059 0.900654
vt 0.737159 0.932807
vt 0.737159 0.900654
vt 0.790293 0.932807
vt 0.790293 0.900654
vt 0.720604 0.932807
vt 0.720604 0.900654
vt 0.705016 0.932807
vt 0.705016 0.900654
vt 0.688603 0.932807
vt 0.688603 0.900654
vt 0.653089 0.924573
vt 0.998308 0.924573
vt 0.669895 0.924573
vt 0.688603 0.924573
vt 0.705016 0.924573
vt 0.720604 0.924573
vt 0.737159 0.924573
vt 0.754059 0.924573
vt 0.773304 0.924573
vt 0.790293 0.924573
vt 0.807796 0.924573
vt 0.822223 0.924573
vt 0.839284 0.924573
vt 0.857282 0.924573
vt 0.874606 0.924573
vt 0.893383 0.924573
vt 0.909544 0.924573
vt 0.926054 0.924573
vt 0.943315 0.924573
vt 0.962599 0.924573
vt 0.980492 0.924573
vt 0.653089 0.907446
vt 0.998308 0.907446
vt 0.669895 0.907446
vt 0.688603 0.907446
vt 0.705016 0.907446
vt 0.720604 0.907446
vt 0.737159 0.907446
vt 0.754059 0.907446
vt 0.773304 0.907446
vt 0.790293 0.907446
vt 0.807796 0.907446
vt 0.822223 0.907446
vt 0.839284 0.907446
vt 0.857282 0.907446
vt 0.874606 0.907446
vt 0.893383 0.907446
vt 0.909544 0.907446
vt 0.926054 0.907446
vt 0.943315 0.907446
vt 0.962599 0.907446
vt 0.980492 0.907446
vt 0.943315 0.916817
vt 0.962599 0.916817
vt 0.980492 0.916817
vt 0.653089 0.916817
vt 0.998308 0.916817
vt 0.669895 0.916817
vt 0.688603 0.916817
vt 0.705016 0.916817
vt 0.720604 0.916817
vt 0.737159 0.916817
vt 0.754059 0.916817
vt 0.773304 0.916817
vt 0.790293 0.916817
vt 0.807796 0.916817
vt 0.822223 0.916817
vt 0.839284 0.916817
vt 0.857282 0.916817
vt 0.874606 0.916817
vt 0.893383 0.916817
vt 0.909544 0.916817
vt 0.926054 0.916817
vt 0.943315 0.949636
vt 0.943568 0.949636
vt 0.962425 0.949636
vt 0.962599 0.949636
vt 0.653089 0.949636
vt 0.998308 0.949636
vt 0.669895 0.949636
vt 0.670133 0.949636
vt 0.893056 0.949636
vt 0.893383 0.949636
vt 0.909544 0.949636
vt 0.909588 0.949636
vt 0.926054 0.949636
vt 0.926148 0.949636
vt 0.980482 0.949636
vt 0.980492 0.949636
vt 0.943568 0.957235
vt 0.807412 0.957235
vt 0.814982 0.949636
vt 0.815010 0.949636
vt 0.653089 0.957479
vt 0.998308 0.957479
vt 0.857198 0.949636
vt 0.857282 0.949636
vt 0.839401 0.957235
vt 0.839284 0.949636
vt 0.839401 0.949636
vt 0.874788 0.957235
vt 0.874606 0.949636
vt 0.874788 0.949636
vt 0.909588 0.957235
vt 0.980482 0.957235
vt 0.754059 0.949636
vt 0.754352 0.949636
vt 0.773022 0.949636
vt 0.773304 0.949636
vt 0.754352 0.957235
vt 0.737159 0.949636
vt 0.737202 0.949636
vt 0.737202 0.957235
vt 0.790293 0.949636
vt 0.790357 0.949636
vt 0.720604 0.949636
vt 0.720725 0.949636
vt 0.720725 0.957235
vt 0.704913 0.949636
vt 0.705016 0.949636
vt 0.704913 0.957235
vt 0.688316 0.949636
vt 0.688603 0.949636
vt 0.688316 0.957235
vt 0.943568 0.971212
vt 0.653089 0.971174
vt 0.998308 0.971174
vt 0.653089 0.965011
vt 0.998308 0.965011
vt 0.909588 0.971212
vt 0.926148 0.964978
vt 0.980482 0.971212
vt 0.980482 0.964978
vt 0.754352 0.971212
vt 0.754352 0.964978
vt 0.773022 0.964978
vt 0.737202 0.971212
vt 0.737202 0.964978
vt 0.720725 0.971212
vt 0.720725 0.964978
vt 0.704913 0.971212
vt 0.704913 0.964978
vt 0.688316 0.971212
vt 0.688316 0.964978
vt 0.790357 0.971212
vt 0.807412 0.964978
vt 0.962425 0.986845
vt 0.962425 0.980775
vt 0.807412 0.980775
vt 0.670133 0.986845
vt 0.670133 0.980775
vt 0.857198 0.980775
vt 0.839401 0.980775
vt 0.839401 0.971212
vt 0.893056 0.980775
vt 0.874788 0.971212
vt 0.926148 0.980775
vt 0.773022 0.986845
vt 0.773022 0.980775
vt 0.720725 0.986845
vt 0.790357 0.986845
vt 0.822553 0.986845
vt 0.822553 0.993176
vt 0.670133 0.993176
vt 0.670133 0.998243
vt 0.952960 0.849659
vt 0.653089 0.998243
vt 0.965558 0.845615
vt 0.998308 0.998243
vt 0.857198 0.986845
vt 0.857198 0.993176
vt 0.893056 0.986845
vt 0.893056 0.993176
vt 0.926148 0.986845
vt 0.926148 0.993176
vt 0.773022 0.993176
vt 0.754352 0.993176
vt 0.754352 0.998243
vt 0.904223 0.814748
vt 0.737202 0.998243
vt 0.908752 0.827562
vt 0.790357 0.993176
vt 0.704913 0.993176
vt 0.704913 0.998243
vt 0.926663 0.845315
vt 0.839401 0.964978
vt 0.874788 0.964978
vt 0.857198 0.998243
vt 0.952818 0.764724
vt 0.839401 0.998243
vt 0.938904 0.764871
vt 0.790357 0.998243
vt 0.908413 0.786848
vt 0.815010 0.976001
vt 0.848283 0.976001
vt 0.883995 0.976001
vt 0.917799 0.976001
vt 0.781799 0.976001
vt 0.934685 0.976001
vt 0.901464 0.976001
vt 0.865944 0.976001
vt 0.952957 0.976001
vt 0.815010 0.980775
vt 0.661492 0.976001
vt 0.848283 0.980775
vt 0.883995 0.980775
vt 0.917799 0.980775
vt 0.989400 0.976001
vt 0.763682 0.976001
vt 0.745609 0.976001
vt 0.781798 0.980775
vt 0.728881 0.976001
vt 0.712810 0.976001
vt 0.696810 0.976001
vt 0.679249 0.976001
vt 0.799045 0.976001
vt 0.971545 0.976001
vt 0.934685 0.980775
vt 0.901464 0.980775
vt 0.865944 0.980775
vt 0.830754 0.976001
vt 0.952957 0.964978
vt 0.661492 0.964978
vt 0.917799 0.964978
vt 0.989400 0.964978
vt 0.763682 0.964978
vt 0.745609 0.964978
vt 0.728881 0.964978
vt 0.712810 0.964978
vt 0.696810 0.964978
vt 0.679249 0.964978
vt 0.799045 0.964978
vt 0.971545 0.964978
vt 0.952957 0.993176
vt 0.815010 0.993176
vt 0.848283 0.993176
vt 0.883995 0.993176
vt 0.917799 0.993176
vt 0.763682 0.993176
vt 0.781798 0.993176
vt 0.712810 0.993176
vt 0.799045 0.993176
vt 0.934685 0.993176
vt 0.901464 0.993176
vt 0.865944 0.993176
vt 0.830754 0.993176
vt 0.962425 0.957235
vt 0.952957 0.957235
vt 0.822553 0.957235
vt 0.815010 0.957235
vt 0.670133 0.957235
vt 0.661492 0.957235
vt 0.857198 0.957235
vt 0.848283 0.957235
vt 0.893056 0.957235
vt 0.883995 0.957235
vt 0.926148 0.957235
vt 0.917799 0.957235
vt 0.989400 0.957235
vt 0.773022 0.957235
vt 0.763682 0.957235
vt 0.745609 0.957235
vt 0.790357 0.957235
vt 0.781798 0.957235
vt 0.728881 0.957235
vt 0.712810 0.957235
vt 0.696810 0.957235
vt 0.679249 0.957235
vt 0.799045 0.957235
vt 0.971545 0.957235
vt 0.934685 0.957235
vt 0.901464 0.957235
vt 0.865944 0.957235
vt 0.830754 0.957235
vt 0.952957 0.971212
vt 0.962425 0.971212
vt 0.661492 0.971212
vt 0.670133 0.971212
vt 0.917799 0.971212
vt 0.926148 0.971212
vt 0.989400 0.971212
vt 0.763682 0.971212
vt 0.773022 0.971212
vt 0.745609 0.971212
vt 0.728881 0.971212
vt 0.712810 0.971212
vt 0.696810 0.971212
vt 0.679249 0.971212
vt 0.799045 0.971212
vt 0.807412 0.971212
vt 0.971545 0.971212
vt 0.952957 0.986845
vt 0.943568 0.980775
vt 0.952957 0.980775
vt 0.822553 0.976001
vt 0.807412 0.976001
vt 0.815010 0.971212
vt 0.661492 0.986845
vt 0.653089 0.980816
vt 0.998308 0.980816
vt 0.661492 0.980775
vt 0.857198 0.976001
vt 0.839401 0.976001
vt 0.848283 0.971212
vt 0.893056 0.976001
vt 0.874788 0.976001
vt 0.883995 0.971212
vt 0.926148 0.976001
vt 0.909588 0.976001
vt 0.989400 0.986845
vt 0.980482 0.980775
vt 0.989400 0.980775
vt 0.763682 0.986845
vt 0.754352 0.980775
vt 0.763682 0.980775
vt 0.745609 0.986845
vt 0.737202 0.980775
vt 0.745609 0.980775
vt 0.790357 0.976001
vt 0.773022 0.976001
vt 0.781798 0.971212
vt 0.728881 0.986845
vt 0.720725 0.980775
vt 0.728881 0.980775
vt 0.712810 0.986845
vt 0.704913 0.980775
vt 0.712810 0.980775
vt 0.696810 0.986845
vt 0.688316 0.980775
vt 0.696810 0.980775
vt 0.679249 0.986845
vt 0.679249 0.980775
vt 0.799045 0.986845
vt 0.790357 0.980775
vt 0.799045 0.980775
vt 0.971545 0.986845
vt 0.971545 0.980775
vt 0.943568 0.976001
vt 0.934685 0.971212
vt 0.901464 0.971212
vt 0.865944 0.971212
vt 0.830754 0.986845
vt 0.822553 0.980775
vt 0.830754 0.980775
vt 0.943568 0.986845
vt 0.815010 0.986845
vt 0.807412 0.986845
vt 0.661492 0.993176
vt 0.661492 0.998243
vt 0.959464 0.848159
vt 0.653089 0.993133
vt 0.998308 0.993133
vt 0.848283 0.986845
vt 0.839401 0.986845
vt 0.883995 0.986845
vt 0.874788 0.986845
vt 0.917799 0.986845
vt 0.909588 0.986845
vt 0.989400 0.993176
vt 0.980482 0.993176
vt 0.754352 0.986845
vt 0.745609 0.993176
vt 0.745609 0.998243
vt 0.905977 0.821456
vt 0.737202 0.993176
vt 0.781798 0.986845
vt 0.728881 0.993176
vt 0.720725 0.993176
vt 0.704913 0.986845
vt 0.696810 0.993176
vt 0.696810 0.998243
vt 0.932506 0.847800
vt 0.688316 0.993176
vt 0.679249 0.993176
vt 0.971545 0.993176
vt 0.971545 0.998243
vt 0.981095 0.832560
vt 0.962425 0.993176
vt 0.934685 0.986845
vt 0.901464 0.986845
vt 0.865944 0.986845
vt 0.962425 0.976001
vt 0.653089 0.976001
vt 0.998308 0.976001
vt 0.670133 0.976001
vt 0.874788 0.980775
vt 0.909588 0.980775
vt 0.980482 0.976001
vt 0.754352 0.976001
vt 0.737202 0.976001
vt 0.720725 0.976001
vt 0.704913 0.976001
vt 0.688316 0.976001
vt 0.830754 0.971212
vt 0.822553 0.964978
vt 0.815010 0.964978
vt 0.857198 0.964978
vt 0.848283 0.964978
vt 0.893056 0.964978
vt 0.883995 0.964978
vt 0.790357 0.964978
vt 0.781798 0.964978
vt 0.943568 0.964978
vt 0.934685 0.964978
vt 0.909588 0.964978
vt 0.901464 0.964978
vt 0.865944 0.964978
vt 0.830754 0.964978
vt 0.962425 0.964978
vt 0.670133 0.964978
vt 0.822553 0.971212
vt 0.857198 0.971212
vt 0.893056 0.971212
vt 0.952957 0.998243
vt 0.987372 0.819783
vt 0.943568 0.993176
vt 0.807412 0.993176
vt 0.653089 0.986836
vt 0.998308 0.986836
vt 0.848283 0.998243
vt 0.945866 0.764286
vt 0.839401 0.993176
vt 0.874788 0.993176
vt 0.917799 0.998243
vt 0.987140 0.793216
vt 0.909588 0.993176
vt 0.980482 0.986845
vt 0.737202 0.986845
vt 0.781798 0.998243
vt 0.905840 0.793111
vt 0.712810 0.998243
vt 0.921340 0.842096
vt 0.688316 0.986845
vt 0.799045 0.998243
vt 0.912160 0.781017
vt 0.934685 0.998243
vt 0.989394 0.805922
vt 0.865944 0.998243
vt 0.959471 0.766234
vt 0.830754 0.998243
vt 0.932222 0.766431
vt 0.946375 0.807079
vt 0.943568 0.998243
vt 0.988988 0.812676
vt 0.962425 0.998243
vt 0.984693 0.826618
vt 0.976635 0.837688
vt 0.980482 0.998243
vt 0.688316 0.998243
vt 0.938911 0.849424
vt 0.720725 0.998243
vt 0.916552 0.838070
vt 0.773022 0.998243
vt 0.904318 0.799909
vt 0.807412 0.998243
vt 0.916558 0.775940
vt 0.822553 0.998243
vt 0.926166 0.768831
vt 0.874788 0.998243
vt 0.965828 0.768856
vt 0.893056 0.998243
vt 0.977232 0.777157
vt 0.909588 0.998243
vt 0.984687 0.787356
vt 0.926148 0.998243
vt 0.988732 0.799456
vt 0.983269 0.825892
vt 0.952716 0.848079
vt 0.905880 0.800175
vt 0.909824 0.787599
vt 0.926918 0.770254
vt 0.952577 0.766300
vt 0.976084 0.778271
vt 0.987157 0.799740
vt 0.971369 0.842083
vt 0.989400 0.998243
vt 0.728881 0.998243
vt 0.912317 0.833163
vt 0.679249 0.998243
vt 0.945919 0.850062
vt 0.815010 0.998243
vt 0.921086 0.771939
vt 0.883995 0.998243
vt 0.971888 0.772630
vt 0.763682 0.998243
vt 0.903725 0.807343
vt 0.901464 0.998243
vt 0.981441 0.782034
vt 0.939182 0.766442
vt 0.917667 0.777097
vt 0.905787 0.814463
vt 0.910148 0.826802
vt 0.917658 0.836920
vt 0.927394 0.843897
vt 0.939187 0.847853
vt 0.964846 0.844186
vt 0.975512 0.836552
vt 0.987404 0.812469
vt 0.983262 0.788090
vt 0.965104 0.770279
vt 0.581719 0.233251
vt 0.527891 0.341263
vt 0.540573 0.351104
vt 0.528639 0.355362
vt 0.518679 0.353970
vt 0.497854 0.341424
vt 0.487802 0.315905
vt 0.545188 0.199699
vt 0.555543 0.198344
vt 0.568912 0.201285
vt 0.589096 0.216727
vt 0.594870 0.227846
vt 0.595798 0.240418
vt 0.591112 0.260409
vt 0.569146 0.261997
vt 0.531300 0.210235
vt 0.507272 0.349224
vt 0.514972 0.332680
vt 0.554263 0.250563
vt 0.569238 0.223913
vt 0.580055 0.207565
vt 0.580507 0.285186
vt 0.517415 0.232182
vt 0.570869 0.308259
vt 0.555081 0.292997
vt 0.539595 0.280062
vt 0.505619 0.258443
vt 0.561625 0.327258
vt 0.495908 0.280479
vt 0.552571 0.340598
vt 0.541626 0.319493
vt 0.526599 0.307701
vt 0.489927 0.297812
vt 0.556920 0.213434
vt 0.539654 0.237777
vt 0.523494 0.268515
vt 0.510898 0.297595
vt 0.502051 0.324064
vt 0.490712 0.329490
vt 0.543880 0.900845
vt 0.557543 0.900845
vt 0.575576 0.900845
vt 0.593409 0.900845
vt 0.610143 0.900845
vt 0.623252 0.900845
vt 0.635497 0.900845
vt 0.326036 0.900845
vt 0.645345 0.900845
vt 0.333462 0.900845
vt 0.343349 0.900845
vt 0.353750 0.900845
vt 0.365957 0.900845
vt 0.377944 0.900845
vt 0.391173 0.900845
vt 0.404550 0.900845
vt 0.422955 0.900845
vt 0.445395 0.900845
vt 0.466047 0.900845
vt 0.480386 0.900845
vt 0.489504 0.900845
vt 0.500506 0.900845
vt 0.511718 0.900845
vt 0.523473 0.900845
vt 0.534325 0.900845
vt 0.576740 0.311004
vt 0.593409 0.938819
vt 0.575576 0.938819
vt 0.587052 0.287250
vt 0.557543 0.938819
vt 0.598366 0.261757
vt 0.543880 0.938819
vt 0.603466 0.240739
vt 0.534325 0.938819
vt 0.602486 0.225813
vt 0.523473 0.938819
vt 0.595560 0.212564
vt 0.511718 0.938819
vt 0.585048 0.201759
vt 0.500506 0.938819
vt 0.572101 0.194207
vt 0.489504 0.938819
vt 0.556566 0.190577
vt 0.480386 0.938819
vt 0.543599 0.192155
vt 0.466047 0.938819
vt 0.527364 0.204201
vt 0.445395 0.938819
vt 0.512007 0.227922
vt 0.422955 0.938819
vt 0.499619 0.255582
vt 0.404550 0.938819
vt 0.489603 0.278800
vt 0.391173 0.938819
vt 0.483304 0.296945
vt 0.377944 0.938819
vt 0.480957 0.315804
vt 0.365957 0.938819
vt 0.484225 0.332198
vt 0.353750 0.938819
vt 0.492572 0.346469
vt 0.343349 0.938819
vt 0.503572 0.355390
vt 0.333462 0.938819
vt 0.516851 0.360682
vt 0.326036 0.938819
vt 0.528303 0.362200
vt 0.645345 0.938819
vt 0.542631 0.357311
vt 0.635497 0.938819
vt 0.556233 0.345858
vt 0.623252 0.938819
vt 0.566654 0.331044
vt 0.610143 0.938819
vt 0.594820 0.261523
vt 0.583959 0.286548
vt 0.574085 0.309852
vt 0.564506 0.329264
vt 0.554921 0.343257
vt 0.542246 0.354244
vt 0.528793 0.358992
vt 0.517891 0.357515
vt 0.505399 0.352407
vt 0.495065 0.343892
vt 0.487186 0.330406
vt 0.484150 0.315050
vt 0.486452 0.296794
vt 0.492605 0.279282
vt 0.502467 0.256766
vt 0.514510 0.229931
vt 0.528996 0.207172
vt 0.543805 0.195922
vt 0.555491 0.194333
vt 0.570146 0.197636
vt 0.582377 0.204630
vt 0.592305 0.214771
vt 0.598805 0.227273
vt 0.599730 0.241180
vt 0.892312 0.851819
vt 0.900229 0.851819
vt 0.907950 0.851819
vt 0.823586 0.851819
vt 0.831047 0.851819
vt 0.838806 0.851819
vt 0.846333 0.851819
vt 0.853805 0.851819
vt 0.862264 0.851819
vt 0.869525 0.851819
vt 0.876762 0.851819
vt 0.884991 0.851819
vt 0.896217 0.851819
vt 0.819889 0.851819
vt 0.911742 0.851819
vt 0.827350 0.851819
vt 0.842612 0.851819
vt 0.850117 0.851819
vt 0.865931 0.851819
vt 0.873187 0.851819
vt 0.888651 0.851819
vt 0.354169 0.554653
vt 0.888651 0.870885
vt 0.346128 0.554747
vt 0.892312 0.870885
vt 0.337777 0.552818
vt 0.896217 0.870885
vt 0.330016 0.548589
vt 0.900229 0.870885
vt 0.319512 0.534943
vt 0.907950 0.870885
vt 0.317561 0.526801
vt 0.819889 0.870885
vt 0.911742 0.870885
vt 0.317657 0.518694
vt 0.823586 0.870885
vt 0.319668 0.510673
vt 0.827350 0.870885
vt 0.323584 0.503531
vt 0.831047 0.870885
vt 0.336922 0.492622
vt 0.838806 0.870885
vt 0.344999 0.490372
vt 0.842612 0.870885
vt 0.353137 0.490254
vt 0.846333 0.870885
vt 0.361229 0.492081
vt 0.850117 0.870885
vt 0.368391 0.495926
vt 0.853805 0.870885
vt 0.379889 0.510602
vt 0.862264 0.870885
vt 0.381883 0.518461
vt 0.865931 0.870885
vt 0.381752 0.526344
vt 0.869525 0.870885
vt 0.379935 0.534156
vt 0.873187 0.870885
vt 0.376210 0.541130
vt 0.876762 0.870885
vt 0.362031 0.552629
vt 0.884991 0.870885
vt 0.322132 0.511792
vt 0.325687 0.505147
vt 0.337934 0.495148
vt 0.345336 0.493071
vt 0.352781 0.493022
vt 0.360162 0.494648
vt 0.366807 0.498141
vt 0.377331 0.511606
vt 0.379177 0.518847
vt 0.378995 0.526068
vt 0.377354 0.533223
vt 0.373943 0.539690
vt 0.360950 0.550139
vt 0.353706 0.551984
vt 0.346327 0.552040
vt 0.338727 0.550279
vt 0.331585 0.546447
vt 0.322032 0.534012
vt 0.320211 0.526541
vt 0.320355 0.519121
vt 0.349574 0.522501
vt 0.331128 0.499294
vt 0.329549 0.497207
vt 0.834933 0.870885
vt 0.834933 0.851819
vt 0.325916 0.540918
vt 0.323842 0.542489
vt 0.904087 0.870885
vt 0.904087 0.851819
vt 0.373037 0.504115
vt 0.375138 0.502469
vt 0.858034 0.870885
vt 0.858034 0.851819
vt 0.368183 0.545854
vt 0.369915 0.547835
vt 0.880886 0.870885
vt 0.880886 0.851819
vt 0.458672 0.264812
vt 0.458672 0.264812
vt 0.458672 0.264812
vt 0.446210 0.316254
vt 0.446210 0.316254
vt 0.446210 0.316254
vt 0.421337 0.365068
vt 0.421337 0.365068
vt 0.421337 0.365068
vt 0.385179 0.406263
vt 0.385179 0.406263
vt 0.348147 0.430501
vt 0.348147 0.430501
vt 0.348147 0.430501
vt 0.288936 0.451012
vt 0.288936 0.451012
vt 0.288936 0.451012
vt 0.245638 0.456106
vt 0.245638 0.456106
vt 0.245638 0.456106
vt 0.175443 0.444890
vt 0.135044 0.425181
vt 0.135044 0.425181
vt 0.085101 0.385070
vt 0.085101 0.385070
vt 0.052767 0.338664
vt 0.052767 0.338664
vt 0.033411 0.282452
vt 0.033411 0.282452
vt 0.033411 0.282452
vt 0.033411 0.282452
vt 0.031129 0.219971
vt 0.031129 0.219971
vt 0.031129 0.219971
vt 0.031129 0.219971
vt 0.044463 0.164397
vt 0.044463 0.164397
vt 0.044463 0.164397
vt 0.073806 0.111886
vt 0.073806 0.111886
vt 0.073806 0.111886
vt 0.073806 0.111886
vt 0.073806 0.111886
vt 0.115818 0.070747
vt 0.115818 0.070747
vt 0.165843 0.043330
vt 0.165843 0.043330
vt 0.221098 0.029979
vt 0.221098 0.029979
vt 0.221098 0.029979
vt 0.276886 0.031849
vt 0.276886 0.031849
vt 0.329808 0.046559
vt 0.329808 0.046559
vt 0.329808 0.046559
vt 0.377396 0.073991
vt 0.377396 0.073991
vt 0.377396 0.073991
vt 0.377396 0.073991
vt 0.415778 0.112688
vt 0.415778 0.112688
vt 0.415778 0.112688
vt 0.443045 0.159270
vt 0.443045 0.159270
vt 0.443045 0.159270
vt 0.457918 0.211068
vt 0.457918 0.211068
vt 0.481804 0.210749
vt 0.481804 0.210749
vt 0.810264 0.847337
vt 0.754919 0.872550
vt 0.466512 0.152062
vt 0.435830 0.099760
vt 0.435830 0.099760
vt 0.695018 0.888446
vt 0.695018 0.888446
vt 0.393095 0.055737
vt 0.393095 0.055737
vt 0.630878 0.892270
vt 0.630878 0.892270
vt 0.564953 0.880508
vt 0.339854 0.023303
vt 0.564953 0.880508
vt 0.339854 0.023303
vt 0.280188 0.006659
vt 0.503732 0.851561
vt 0.217059 0.005002
vt 0.452358 0.807016
vt 0.217059 0.005002
vt 0.415954 0.751886
vt 0.154613 0.019822
vt 0.415954 0.751886
vt 0.100918 0.048783
vt 0.394871 0.696816
vt 0.394871 0.696816
vt 0.100918 0.048783
vt 0.384627 0.638343
vt 0.054431 0.094341
vt 0.384627 0.638343
vt 0.054431 0.094341
vt 0.020542 0.153836
vt 0.383696 0.578446
vt 0.383696 0.578446
vt 0.005605 0.218290
vt 0.391165 0.521974
vt 0.007785 0.287500
vt 0.007785 0.287500
vt 0.007785 0.287500
vt 0.405754 0.467443
vt 0.021783 0.350754
vt 0.021783 0.350754
vt 0.428469 0.423402
vt 0.069422 0.408813
vt 0.069422 0.408813
vt 0.069422 0.408813
vt 0.129854 0.447514
vt 0.129854 0.447514
vt 0.172376 0.475240
vt 0.172376 0.475240
vt 0.240484 0.483758
vt 0.282850 0.486157
vt 0.282850 0.486157
vt 0.282850 0.486157
vt 0.282850 0.486157
vt 0.392631 0.429476
vt 0.963000 0.673542
vt 0.392631 0.429476
vt 0.963000 0.673542
vt 0.935746 0.723787
vt 0.436822 0.382661
vt 0.466948 0.326391
vt 0.900088 0.772605
vt 0.466948 0.326391
vt 0.900088 0.772605
vt 0.481704 0.271584
vt 0.481704 0.271584
vt 0.860328 0.812294
vt 0.434542 0.262639
vt 0.434542 0.262639
vt 0.434542 0.262639
vt 0.434374 0.213883
vt 0.420643 0.167059
vt 0.420643 0.167059
vt 0.420643 0.167059
vt 0.397254 0.126594
vt 0.397254 0.126594
vt 0.362428 0.092270
vt 0.362428 0.092270
vt 0.321259 0.068793
vt 0.321259 0.068793
vt 0.274212 0.056475
vt 0.274212 0.056475
vt 0.274212 0.056475
vt 0.274212 0.056475
vt 0.274212 0.056475
vt 0.224423 0.055799
vt 0.224423 0.055799
vt 0.224423 0.055799
vt 0.174218 0.067043
vt 0.174218 0.067043
vt 0.174218 0.067043
vt 0.128214 0.090075
vt 0.128214 0.090075
vt 0.128214 0.090075
vt 0.128214 0.090075
vt 0.092426 0.125362
vt 0.092426 0.125362
vt 0.092426 0.125362
vt 0.064857 0.170505
vt 0.054156 0.222109
vt 0.054156 0.222109
vt 0.056464 0.276233
vt 0.056464 0.276233
vt 0.056464 0.276233
vt 0.072333 0.325953
vt 0.072333 0.325953
vt 0.072333 0.325953
vt 0.072333 0.325953
vt 0.101463 0.369081
vt 0.101463 0.369081
vt 0.101463 0.369081
vt 0.142650 0.402603
vt 0.179962 0.423130
vt 0.179962 0.423130
vt 0.179962 0.423130
vt 0.248852 0.433183
vt 0.248852 0.433183
vt 0.287735 0.426647
vt 0.287735 0.426647
vt 0.336072 0.409702
vt 0.336072 0.409702
vt 0.336072 0.409702
vt 0.371364 0.385314
vt 0.371364 0.385314
vt 0.371364 0.385314
vt 0.403969 0.349995
vt 0.403969 0.349995
vt 0.403969 0.349995
vt 0.425996 0.308941
vt 0.415486 0.305720
vt 0.415486 0.305720
vt 0.402969 0.330303
vt 0.402969 0.330303
vt 0.331539 0.375644
vt 0.331539 0.375644
vt 0.358248 0.370787
vt 0.358248 0.370787
vt 0.331092 0.399752
vt 0.331092 0.399752
vt 0.331092 0.399752
vt 0.331092 0.399752
vt 0.421997 0.251541
vt 0.421997 0.251541
vt 0.421997 0.251541
vt 0.421997 0.251541
vt 0.411971 0.224995
vt 0.393321 0.211751
vt 0.286762 0.272757
vt 0.286762 0.272757
vt 0.282106 0.309713
vt 0.282106 0.309713
vt 0.282106 0.309713
vt 0.330749 0.205256
vt 0.330749 0.205256
vt 0.286971 0.240035
vt 0.286971 0.240035
vt 0.286971 0.240035
vt 0.216207 0.309379
vt 0.216207 0.309379
vt 0.216207 0.309379
vt 0.221391 0.256416
vt 0.221391 0.256416
vt 0.257227 0.247734
vt 0.257227 0.247734
vt 0.267373 0.322156
vt 0.267373 0.322156
vt 0.267373 0.322156
vt 0.208849 0.290829
vt 0.208849 0.290829
vt 0.208849 0.290829
vt 0.180216 0.302504
vt 0.266550 0.231475
vt 0.266550 0.231475
vt 0.266550 0.231475
vt 0.266550 0.231475
vt 0.275324 0.257112
vt 0.275324 0.257112
vt 0.230937 0.321945
vt 0.230937 0.321945
vt 0.249049 0.326664
vt 0.249049 0.326664
vt 0.083020 0.273481
vt 0.091830 0.308474
vt 0.091830 0.308474
vt 0.122601 0.357619
vt 0.122601 0.357619
vt 0.390859 0.131125
vt 0.390859 0.131125
vt 0.390859 0.131125
vt 0.390859 0.131125
vt 0.178765 0.088736
vt 0.178765 0.088736
vt 0.178765 0.088736
vt 0.178765 0.088736
vt 0.110811 0.139066
vt 0.110811 0.139066
vt 0.110811 0.139066
vt 0.089595 0.179077
vt 0.089595 0.179077
vt 0.089595 0.179077
vt 0.081338 0.223024
vt 0.081338 0.223024
vt 0.081338 0.223024
vt 0.165134 0.352084
vt 0.165134 0.352084
vt 0.211007 0.271869
vt 0.211007 0.271869
vt 0.115306 0.299576
vt 0.115306 0.299576
vt 0.115306 0.299576
vt 0.110661 0.317683
vt 0.110661 0.317683
vt 0.110661 0.317683
vt 0.110661 0.317683
vt 0.110661 0.317683
vt 0.107156 0.338062
vt 0.107156 0.338062
vt 0.107156 0.338062
vt 0.115246 0.335283
vt 0.115246 0.335283
vt 0.115246 0.335283
vt 0.154161 0.382881
vt 0.127808 0.349448
vt 0.127808 0.349448
vt 0.128461 0.287228
vt 0.128461 0.287228
vt 0.128461 0.287228
vt 0.166636 0.288096
vt 0.178928 0.339862
vt 0.178928 0.339862
vt 0.146330 0.355768
vt 0.146330 0.355768
vt 0.146330 0.355768
vt 0.145637 0.282269
vt 0.145637 0.282269
vt 0.145637 0.282269
vt 0.138377 0.145588
vt 0.138377 0.145588
vt 0.138377 0.145588
vt 0.138377 0.145588
vt 0.126358 0.154360
vt 0.126358 0.154360
vt 0.126358 0.154360
vt 0.116999 0.167937
vt 0.116999 0.167937
vt 0.116999 0.167937
vt 0.112751 0.196061
vt 0.112751 0.196061
vt 0.112751 0.196061
vt 0.167046 0.233757
vt 0.167046 0.233757
vt 0.167046 0.233757
vt 0.137611 0.230019
vt 0.137611 0.230019
vt 0.253323 0.214942
vt 0.253323 0.214942
vt 0.253323 0.214942
vt 0.202585 0.206392
vt 0.202585 0.206392
vt 0.202585 0.206392
vt 0.257842 0.175281
vt 0.257842 0.175281
vt 0.257842 0.175281
vt 0.201351 0.163315
vt 0.201351 0.163315
vt 0.179571 0.143976
vt 0.179571 0.143976
vt 0.179571 0.143976
vt 0.179571 0.143976
vt 0.151789 0.233838
vt 0.151789 0.233838
vt 0.112636 0.181770
vt 0.112636 0.181770
vt 0.206844 0.192498
vt 0.206844 0.192498
vt 0.250244 0.194598
vt 0.250244 0.194598
vt 0.327289 0.184394
vt 0.327289 0.184394
vt 0.327289 0.184394
vt 0.307265 0.237626
vt 0.307265 0.237626
vt 0.421996 0.280358
vt 0.421996 0.280358
vt 0.421996 0.280358
vt 0.382939 0.354970
vt 0.412191 0.304873
vt 0.412191 0.304873
vt 0.412191 0.304873
vt 0.400485 0.327897
vt 0.312631 0.356530
vt 0.312631 0.356530
vt 0.333656 0.370435
vt 0.358594 0.365813
vt 0.358594 0.365813
vt 0.358594 0.365813
vt 0.418323 0.254123
vt 0.408971 0.229256
vt 0.391546 0.216891
vt 0.317625 0.277025
vt 0.317625 0.277025
vt 0.307996 0.305916
vt 0.307996 0.305916
vt 0.347876 0.230342
vt 0.328525 0.253847
vt 0.328525 0.253847
vt 0.305289 0.333037
vt 0.367855 0.216910
vt 0.418282 0.281122
vt 0.381729 0.351007
vt 0.381729 0.351007
vt 0.382624 0.256538
vt 0.382624 0.256538
vt 0.342046 0.277845
vt 0.342046 0.277845
vt 0.343241 0.328901
vt 0.386182 0.305978
vt 0.386182 0.305978
vt 0.386182 0.305978
vt 0.052412 0.801458
vt 0.052412 0.801458
vt 0.052412 0.801458
vt 0.105752 0.796768
vt 0.148848 0.796175
vt 0.148848 0.796175
vt 0.148848 0.796175
vt 0.203260 0.802258
vt 0.203260 0.802258
vt 0.233164 0.808828
vt 0.233164 0.808828
vt 0.788439 0.783291
vt 0.788439 0.783291
vt 0.788439 0.783291
vt 0.788439 0.783291
vt 0.743408 0.807632
vt 0.743408 0.807632
vt 0.695544 0.822485
vt 0.695544 0.822485
vt 0.695544 0.822485
vt 0.695544 0.822485
vt 0.638054 0.829224
vt 0.638054 0.829224
vt 0.638054 0.829224
vt 0.638054 0.829224
vt 0.638054 0.829224
vt 0.587629 0.823203
vt 0.587629 0.823203
vt 0.539442 0.800945
vt 0.539442 0.800945
vt 0.539442 0.800945
vt 0.475714 0.721132
vt 0.475714 0.721132
vt 0.475714 0.721132
vt 0.460398 0.671067
vt 0.460398 0.671067
vt 0.460398 0.671067
vt 0.461611 0.624790
vt 0.461611 0.624790
vt 0.470672 0.574514
vt 0.470672 0.574514
vt 0.483502 0.520726
vt 0.483502 0.520726
vt 0.483502 0.520726
vt 0.488473 0.428228
vt 0.488473 0.428228
vt 0.488473 0.428228
vt 0.916729 0.629484
vt 0.916729 0.629484
vt 0.916729 0.629484
vt 0.887515 0.667348
vt 0.887515 0.667348
vt 0.859200 0.713286
vt 0.859200 0.713286
vt 0.824281 0.755594
vt 0.824281 0.755594
vt 0.824281 0.755594
vt 0.824281 0.755594
vt 0.668464 0.795650
vt 0.636427 0.814480
vt 0.636427 0.814480
vt 0.526774 0.770316
vt 0.526774 0.770316
vt 0.494664 0.715983
vt 0.498786 0.676336
vt 0.498786 0.676336
vt 0.543636 0.521350
vt 0.902673 0.575749
vt 0.902673 0.575749
vt 0.864031 0.584136
vt 0.864031 0.584136
vt 0.864031 0.584136
vt 0.864031 0.584136
vt 0.548424 0.787605
vt 0.548424 0.787605
vt 0.529075 0.768993
vt 0.529075 0.768993
vt 0.529075 0.768993
vt 0.529075 0.768993
vt 0.528275 0.652219
vt 0.528275 0.652219
vt 0.528275 0.652219
vt 0.627266 0.587675
vt 0.627266 0.587675
vt 0.622245 0.600532
vt 0.622245 0.600532
vt 0.622245 0.600532
vt 0.622245 0.600532
vt 0.622245 0.600532
vt 0.574118 0.798626
vt 0.574118 0.798626
vt 0.574118 0.798626
vt 0.691022 0.768477
vt 0.671955 0.759904
vt 0.671955 0.759904
vt 0.671955 0.759904
vt 0.671955 0.759904
vt 0.703766 0.647065
vt 0.703766 0.647065
vt 0.703766 0.647065
vt 0.703766 0.647065
vt 0.692375 0.654456
vt 0.692375 0.654456
vt 0.692375 0.654456
vt 0.628580 0.794275
vt 0.628580 0.794275
vt 0.628580 0.794275
vt 0.509934 0.715097
vt 0.509934 0.715097
vt 0.509934 0.715097
vt 0.601724 0.800995
vt 0.601724 0.800995
vt 0.601724 0.800995
vt 0.601724 0.800995
vt 0.515833 0.745393
vt 0.515833 0.745393
vt 0.515833 0.745393
vt 0.515833 0.745393
vt 0.652974 0.778871
vt 0.652974 0.778871
vt 0.652974 0.778871
vt 0.652974 0.778871
vt 0.513884 0.684846
vt 0.513884 0.684846
vt 0.513884 0.684846
vt 0.513884 0.684846
vt 0.549134 0.624221
vt 0.549134 0.624221
vt 0.549134 0.624221
vt 0.549134 0.624221
vt 0.541878 0.611687
vt 0.541878 0.611687
vt 0.541878 0.611687
vt 0.689356 0.732904
vt 0.689356 0.732904
vt 0.689356 0.732904
vt 0.710037 0.736380
vt 0.710037 0.736380
vt 0.573142 0.607154
vt 0.573142 0.607154
vt 0.573142 0.607154
vt 0.574721 0.590330
vt 0.574721 0.590330
vt 0.718373 0.704470
vt 0.718373 0.704470
vt 0.699165 0.705298
vt 0.699165 0.705298
vt 0.699165 0.705298
vt 0.699165 0.705298
vt 0.661852 0.617607
vt 0.661852 0.617607
vt 0.661852 0.617607
vt 0.661852 0.617607
vt 0.668532 0.609402
vt 0.668532 0.609402
vt 0.668532 0.609402
vt 0.668532 0.609402
vt 0.648304 0.596077
vt 0.648304 0.596077
vt 0.642942 0.606633
vt 0.642942 0.606633
vt 0.642942 0.606633
vt 0.688386 0.626396
vt 0.688386 0.626396
vt 0.688386 0.626396
vt 0.679580 0.633615
vt 0.679580 0.633615
vt 0.679580 0.633615
vt 0.597715 0.599987
vt 0.597715 0.599987
vt 0.597715 0.599987
vt 0.602835 0.584180
vt 0.602835 0.584180
vt 0.602835 0.584180
vt 0.714487 0.671309
vt 0.714487 0.671309
vt 0.699509 0.677887
vt 0.699509 0.677887
vt 0.699509 0.677887
vt 0.305429 0.525893
vt 0.963761 0.560070
vt 0.272240 0.532360
vt 0.272240 0.532360
vt 0.272240 0.532360
vt 0.232344 0.532607
vt 0.232344 0.532607
vt 0.232344 0.532607
vt 0.170025 0.524833
vt 0.170025 0.524833
vt 0.123937 0.515131
vt 0.123937 0.515131
vt 0.123937 0.515131
vt 0.064722 0.473441
vt 0.064722 0.473441
vt 0.013721 0.493479
vt 0.540014 0.373737
vt 0.540014 0.373737
vt 0.013721 0.493479
vt 0.061605 0.503705
vt 0.061605 0.503705
vt 0.061605 0.503705
vt 0.166417 0.579991
vt 0.166417 0.579991
vt 0.223506 0.587603
vt 0.223506 0.587603
vt 0.223506 0.587603
vt 0.267093 0.557635
vt 0.267093 0.557635
vt 0.948691 0.543868
vt 0.311590 0.545037
vt 0.948691 0.543868
vt 0.311590 0.545037
vt 0.787360 0.702273
vt 0.787360 0.702273
vt 0.787360 0.702273
vt 0.815359 0.661753
vt 0.815359 0.661753
vt 0.815359 0.661753
vt 0.693771 0.561765
vt 0.693771 0.561765
vt 0.693771 0.561765
vt 0.591868 0.522909
vt 0.591868 0.522909
vt 0.761922 0.618588
vt 0.761922 0.618588
vt 0.612011 0.448595
vt 0.612011 0.448595
vt 0.612011 0.448595
vt 0.612011 0.448595
vt 0.718922 0.501340
vt 0.718922 0.501340
vt 0.662980 0.474615
vt 0.662980 0.474615
vt 0.817085 0.571146
vt 0.817085 0.571146
vt 0.817085 0.571146
vt 0.786615 0.574112
vt 0.786615 0.574112
vt 0.786615 0.574112
vt 0.709007 0.521289
vt 0.709007 0.521289
vt 0.609939 0.486864
vt 0.609939 0.486864
vt 0.558587 0.469582
vt 0.558587 0.469582
vt 0.558587 0.469582
vt 0.562660 0.414052
vt 0.562660 0.414052
vt 0.562660 0.414052
vt 0.805396 0.450235
vt 0.805396 0.450235
vt 0.805396 0.450235
vt 0.805396 0.450235
vt 0.799610 0.554174
vt 0.799610 0.554174
vt 0.787993 0.527960
vt 0.787993 0.527960
vt 0.787993 0.527960
vt 0.737943 0.463899
vt 0.737943 0.463899
vt 0.784546 0.501960
vt 0.784546 0.501960
vt 0.784546 0.501960
vt 0.784546 0.501960
vt 0.784546 0.501960
vt 0.791390 0.470338
vt 0.791390 0.470338
vt 0.791390 0.470338
vt 0.791390 0.470338
vt 0.354335 0.641393
vt 0.922998 0.410410
vt 0.354335 0.641393
vt 0.355913 0.627725
vt 0.918764 0.422133
vt 0.918764 0.422133
vt 0.355913 0.627725
vt 0.355913 0.627725
vt 0.918764 0.422133
vt 0.323956 0.639595
vt 0.326586 0.627835
vt 0.326586 0.627835
vt 0.326586 0.627835
vt 0.824183 0.435946
vt 0.824183 0.435946
vt 0.824183 0.435946
vt 0.837697 0.581576
vt 0.837697 0.581576
vt 0.717079 0.139026
vt 0.717079 0.139026
vt 0.678884 0.117833
vt 0.004975 0.804953
vt 0.678884 0.117833
vt 0.759230 0.163875
vt 0.759230 0.163875
vt 0.759230 0.163875
vt 0.836362 0.198371
vt 0.836362 0.198371
vt 0.836362 0.198371
vt 0.798444 0.184387
vt 0.798444 0.184387
vt 0.913759 0.217237
vt 0.913759 0.217237
vt 0.874672 0.208943
vt 0.874672 0.208943
vt 0.874672 0.208943
vt 0.265260 0.817069
vt 0.265260 0.817069
vt 0.265260 0.817069
vt 0.988364 0.235569
vt 0.335981 0.831380
vt 0.335981 0.831380
vt 0.951424 0.225084
vt 0.951424 0.225084
vt 0.299252 0.824940
vt 0.299252 0.824940
vt 0.058673 0.852105
vt 0.058673 0.852105
vt 0.058673 0.852105
vt 0.106757 0.830781
vt 0.106757 0.830781
vt 0.147646 0.828495
vt 0.147646 0.828495
vt 0.147646 0.828495
vt 0.198228 0.833628
vt 0.198228 0.833628
vt 0.198228 0.833628
vt 0.225036 0.840597
vt 0.225036 0.840597
vt 0.225036 0.840597
vt 0.225036 0.840597
vt 0.744585 0.097388
vt 0.744585 0.097388
vt 0.744585 0.097388
vt 0.015533 0.863458
vt 0.712849 0.072266
vt 0.783431 0.127240
vt 0.783431 0.127240
vt 0.845900 0.169237
vt 0.845900 0.169237
vt 0.845900 0.169237
vt 0.811482 0.154896
vt 0.811482 0.154896
vt 0.811482 0.154896
vt 0.921486 0.172206
vt 0.921486 0.172206
vt 0.921486 0.172206
vt 0.921486 0.172206
vt 0.881965 0.178181
vt 0.881965 0.178181
vt 0.253681 0.860887
vt 0.253681 0.860887
vt 0.253681 0.860887
vt 0.318368 0.889279
vt 0.995306 0.176889
vt 0.958036 0.174669
vt 0.958036 0.174669
vt 0.958036 0.174669
vt 0.285948 0.875102
vt 0.285948 0.875102
vt 0.087569 0.926239
vt 0.087569 0.926239
vt 0.087569 0.926239
vt 0.117135 0.911859
vt 0.117135 0.911859
vt 0.117135 0.911859
vt 0.146532 0.905222
vt 0.146532 0.905222
vt 0.146532 0.905222
vt 0.179968 0.908724
vt 0.179968 0.908724
vt 0.179968 0.908724
vt 0.179968 0.908724
vt 0.198685 0.916328
vt 0.198685 0.916328
vt 0.198685 0.916328
vt 0.198685 0.916328
vt 0.198685 0.916328
vt 0.808523 0.046367
vt 0.808523 0.046367
vt 0.062148 0.948777
vt 0.791664 0.017026
vt 0.829332 0.072038
vt 0.829332 0.072038
vt 0.829332 0.072038
vt 0.869961 0.100018
vt 0.869961 0.100018
vt 0.869961 0.100018
vt 0.869961 0.100018
vt 0.849834 0.089815
vt 0.849834 0.089815
vt 0.922872 0.101637
vt 0.922872 0.101637
vt 0.922872 0.101637
vt 0.895397 0.104267
vt 0.895397 0.104267
vt 0.895397 0.104267
vt 0.220044 0.929583
vt 0.220044 0.929583
vt 0.220044 0.929583
vt 0.220044 0.929583
vt 0.258774 0.965749
vt 0.973492 0.083958
vt 0.258774 0.965749
vt 0.973492 0.083958
vt 0.949012 0.095158
vt 0.949012 0.095158
vt 0.949012 0.095158
vt 0.242083 0.946886
vt 0.242083 0.946886
vt 0.242083 0.946886
vt 0.242083 0.946886
vt 0.145919 0.882064
vt 0.145919 0.882064
vt 0.145919 0.882064
vt 0.070137 0.892552
vt 0.752635 0.038020
vt 0.035798 0.912422
vt 0.775842 0.066764
vt 0.775842 0.066764
vt 0.806373 0.097190
vt 0.806373 0.097190
vt 0.806373 0.097190
vt 0.922791 0.137674
vt 0.922791 0.137674
vt 0.957794 0.135594
vt 0.957794 0.135594
vt 0.294047 0.930365
vt 0.990330 0.129952
vt 0.990330 0.129952
vt 0.294047 0.930365
vt 0.267672 0.912262
vt 0.267672 0.912262
vt 0.267672 0.912262
vt 0.238535 0.896419
vt 0.238535 0.896419
vt 0.238535 0.896419
vt 0.105534 0.947774
vt 0.105534 0.947774
vt 0.105534 0.947774
vt 0.105534 0.947774
vt 0.105534 0.947774
vt 0.124793 0.936374
vt 0.124793 0.936374
vt 0.124793 0.936374
vt 0.124793 0.936374
vt 0.147302 0.931880
vt 0.147302 0.931880
vt 0.147302 0.931880
vt 0.147302 0.931880
vt 0.168579 0.931418
vt 0.168579 0.931418
vt 0.188203 0.940221
vt 0.188203 0.940221
vt 0.188203 0.940221
vt 0.832811 0.034964
vt 0.832811 0.034964
vt 0.832811 0.034964
vt 0.086421 0.969553
vt 0.821677 0.008125
vt 0.086421 0.969553
vt 0.821677 0.008125
vt 0.847445 0.052813
vt 0.847445 0.052813
vt 0.847445 0.052813
vt 0.847445 0.052813
vt 0.879608 0.071759
vt 0.879608 0.071759
vt 0.879608 0.071759
vt 0.863689 0.065380
vt 0.863689 0.065380
vt 0.923456 0.066452
vt 0.923456 0.066452
vt 0.899272 0.073533
vt 0.899272 0.073533
vt 0.899272 0.073533
vt 0.899272 0.073533
vt 0.204077 0.953339
vt 0.204077 0.953339
vt 0.204077 0.953339
vt 0.950007 0.050589
vt 0.223361 0.986638
vt 0.223361 0.986638
vt 0.950007 0.050589
vt 0.216666 0.967794
vt 0.216666 0.967794
vt 0.216666 0.967794
vt 0.132486 0.964943
vt 0.132486 0.964943
vt 0.132486 0.964943
vt 0.132486 0.964943
vt 0.148494 0.953958
vt 0.148494 0.953958
vt 0.178733 0.959294
vt 0.178733 0.959294
vt 0.178733 0.959294
vt 0.862762 0.031054
vt 0.862762 0.031054
vt 0.120055 0.986808
vt 0.859319 0.005653
vt 0.120055 0.986808
vt 0.859319 0.005653
vt 0.875524 0.046391
vt 0.875524 0.046391
vt 0.913727 0.046312
vt 0.913727 0.046312
vt 0.913727 0.046312
vt 0.900248 0.054901
vt 0.900248 0.054901
vt 0.900248 0.054901
vt 0.929255 0.031858
vt 0.195486 0.994328
vt 0.929255 0.031858
vt 0.189015 0.974229
vt 0.189015 0.974229
vt 0.189015 0.974229
vt 0.157995 0.996416
vt 0.896995 0.013892
vt 0.157995 0.996416
vt 0.896995 0.013892
vt 0.886036 0.051792
vt 0.886036 0.051792
vt 0.886036 0.051792
vt 0.890435 0.036161
vt 0.890435 0.036161
vt 0.890435 0.036161
vt 0.890435 0.036161
vt 0.164106 0.952554
vt 0.164106 0.952554
vt 0.164106 0.952554
vt 0.160775 0.966618
vt 0.160775 0.966618
vt 0.640372 0.416485
vt 0.640372 0.416485
vt 0.686207 0.440955
vt 0.686207 0.440955
vt 0.011506 0.524267
vt 0.560740 0.356433
vt 0.593041 0.385886
vt 0.593041 0.385886
vt 0.593041 0.385886
vt 0.285502 0.596812
vt 0.285502 0.596812
vt 0.285502 0.596812
vt 0.285502 0.596812
vt 0.887039 0.402272
vt 0.887039 0.402272
vt 0.880164 0.422105
vt 0.843394 0.428630
vt 0.843394 0.428630
vt 0.843394 0.428630
vt 0.852093 0.396463
vt 0.852093 0.396463
vt 0.309258 0.621948
vt 0.309258 0.621948
vt 0.309258 0.621948
vt 0.309258 0.621948
vt 0.286471 0.636951
vt 0.286471 0.636951
vt 0.286471 0.636951
vt 0.295334 0.611656
vt 0.295334 0.611656
vt 0.285311 0.567165
vt 0.285311 0.567165
vt 0.285311 0.567165
vt 0.285311 0.567165
vt 0.295522 0.553967
vt 0.295522 0.553967
vt 0.295522 0.553967
vt 0.295522 0.553967
vt 0.262844 0.592926
vt 0.262844 0.592926
vt 0.262844 0.592926
vt 0.282150 0.582046
vt 0.282150 0.582046
vt 0.282150 0.582046
vt 0.282150 0.582046
vt 0.948476 0.593920
vt 0.948476 0.593920
vt 0.934708 0.557751
vt 0.934708 0.557751
vt 0.934708 0.557751
vt 0.498395 0.762520
vt 0.498395 0.762520
vt 0.513012 0.746229
vt 0.513012 0.746229
vt 0.516177 0.642404
vt 0.516177 0.642404
vt 0.516177 0.642404
vt 0.513286 0.578511
vt 0.513286 0.578511
vt 0.490263 0.626042
vt 0.490263 0.626042
vt 0.573209 0.545843
vt 0.573209 0.545843
vt 0.650573 0.542738
vt 0.650573 0.542738
vt 0.658645 0.502287
vt 0.658645 0.502287
vt 0.631035 0.578436
vt 0.631035 0.578436
vt 0.730927 0.589669
vt 0.730927 0.589669
vt 0.712337 0.636761
vt 0.712337 0.636761
vt 0.750705 0.546535
vt 0.750705 0.546535
vt 0.750705 0.546535
vt 0.750705 0.546535
vt 0.606259 0.566916
vt 0.606259 0.566916
vt 0.673949 0.601053
vt 0.673949 0.601053
vt 0.673949 0.601053
vt 0.673949 0.601053
vt 0.651661 0.587763
vt 0.651661 0.587763
vt 0.695028 0.618152
vt 0.695028 0.618152
vt 0.695028 0.618152
vt 0.695028 0.618152
vt 0.738024 0.658618
vt 0.738024 0.658618
vt 0.738024 0.658618
vt 0.725990 0.777563
vt 0.725990 0.777563
vt 0.756913 0.739371
vt 0.756913 0.739371
vt 0.749566 0.701103
vt 0.749566 0.701103
vt 0.749566 0.701103
vt 0.749566 0.701103
vt 0.430303 0.471866
vt 0.430303 0.471866
vt 0.413688 0.523197
vt 0.413688 0.523197
vt 0.405243 0.574670
vt 0.405767 0.632068
vt 0.411741 0.689232
vt 0.433001 0.743208
vt 0.433001 0.743208
vt 0.433001 0.743208
vt 0.466753 0.793980
vt 0.466753 0.793980
vt 0.514460 0.836202
vt 0.514460 0.836202
vt 0.570871 0.863091
vt 0.570871 0.863091
vt 0.570871 0.863091
vt 0.632622 0.873978
vt 0.632622 0.873978
vt 0.695351 0.870239
vt 0.695351 0.870239
vt 0.753665 0.854219
vt 0.753665 0.854219
vt 0.804728 0.830145
vt 0.804728 0.830145
vt 0.851453 0.797157
vt 0.851453 0.797157
vt 0.851453 0.797157
vt 0.890161 0.759897
vt 0.890161 0.759897
vt 0.890161 0.759897
vt 0.924701 0.711993
vt 0.924701 0.711993
vt 0.953437 0.666241
vt 0.953437 0.666241
vt 0.953437 0.666241
vt 0.358822 0.456554
vt 0.974728 0.638044
vt 0.020221 0.462226
vt 0.020221 0.462226
vt 0.513041 0.383614
vt 0.061153 0.568190
vt 0.061153 0.568190
vt 0.616955 0.349296
vt 0.616955 0.349296
vt 0.663421 0.380653
vt 0.663421 0.380653
vt 0.707411 0.405222
vt 0.707411 0.405222
vt 0.707411 0.405222
vt 0.707411 0.405222
vt 0.751205 0.426947
vt 0.751205 0.426947
vt 0.751205 0.426947
vt 0.762321 0.524464
vt 0.762321 0.524464
vt 0.790402 0.439428
vt 0.790402 0.439428
vt 0.790402 0.439428
vt 0.776792 0.482730
vt 0.776792 0.482730
vt 0.683670 0.337285
vt 0.683670 0.337285
vt 0.727913 0.359983
vt 0.769368 0.376808
vt 0.769368 0.376808
vt 0.769368 0.376808
vt 0.808265 0.387652
vt 0.808265 0.387652
vt 0.808265 0.387652
vt 0.896957 0.565273
vt 0.896957 0.565273
vt 0.896957 0.565273
vt 0.861985 0.572339
vt 0.861985 0.572339
vt 0.861985 0.572339
vt 0.554716 0.778172
vt 0.554716 0.778172
vt 0.554716 0.778172
vt 0.537936 0.762363
vt 0.537936 0.762363
vt 0.537754 0.658803
vt 0.537754 0.658803
vt 0.619809 0.610860
vt 0.619809 0.610860
vt 0.576778 0.787793
vt 0.662405 0.753059
vt 0.662405 0.753059
vt 0.682894 0.659300
vt 0.682894 0.659300
vt 0.682894 0.659300
vt 0.623722 0.784015
vt 0.623722 0.784015
vt 0.623722 0.784015
vt 0.520967 0.715287
vt 0.600649 0.789831
vt 0.600649 0.789831
vt 0.526393 0.741735
vt 0.526393 0.741735
vt 0.645363 0.770320
vt 0.645363 0.770320
vt 0.524817 0.688755
vt 0.524817 0.688755
vt 0.555982 0.634511
vt 0.555982 0.634511
vt 0.555982 0.634511
vt 0.678071 0.729485
vt 0.678071 0.729485
vt 0.678071 0.729485
vt 0.576417 0.618793
vt 0.576417 0.618793
vt 0.687187 0.704532
vt 0.687187 0.704532
vt 0.687187 0.704532
vt 0.656462 0.625285
vt 0.656462 0.625285
vt 0.656462 0.625285
vt 0.638704 0.615570
vt 0.638704 0.615570
vt 0.672141 0.640095
vt 0.672141 0.640095
vt 0.672141 0.640095
vt 0.597577 0.611560
vt 0.597577 0.611560
vt 0.597577 0.611560
vt 0.688229 0.680453
vt 0.688229 0.680453
vt 0.688229 0.680453
vt 0.688229 0.680453
vt 0.688229 0.680453
vt 0.318642 0.553635
vt 0.318642 0.553635
vt 0.939647 0.535468
vt 0.822584 0.561086
vt 0.822584 0.561086
vt 0.814760 0.459610
vt 0.814760 0.459610
vt 0.809771 0.548822
vt 0.809771 0.548822
vt 0.809771 0.548822
vt 0.809771 0.548822
vt 0.801808 0.525896
vt 0.801808 0.525896
vt 0.801808 0.525896
vt 0.799283 0.504825
vt 0.799283 0.504825
vt 0.804796 0.476200
vt 0.353944 0.615751
vt 0.917102 0.432527
vt 0.917102 0.432527
vt 0.917102 0.432527
vt 0.329129 0.615593
vt 0.942108 0.440262
vt 0.830220 0.446605
vt 0.830220 0.446605
vt 0.839252 0.569913
vt 0.839252 0.569913
vt 0.296965 0.593401
vt 0.963843 0.479391
vt 0.881179 0.433091
vt 0.881179 0.433091
vt 0.881179 0.433091
vt 0.881179 0.433091
vt 0.846813 0.439494
vt 0.846813 0.439494
vt 0.846813 0.439494
vt 0.315099 0.611308
vt 0.315099 0.611308
vt 0.954572 0.451230
vt 0.304636 0.603899
vt 0.304636 0.603899
vt 0.962035 0.463979
vt 0.296011 0.572711
vt 0.957875 0.506430
vt 0.296011 0.572711
vt 0.957875 0.506430
vt 0.304711 0.561967
vt 0.304711 0.561967
vt 0.949796 0.521552
vt 0.304711 0.561967
vt 0.294050 0.583103
vt 0.962530 0.493134
vt 0.962530 0.493134
vt 0.927203 0.548298
vt 0.927203 0.548298
vt 0.927203 0.548298
vt 0.607202 0.697759
vt 0.607202 0.697759
vt 0.607202 0.697759
vt 0.607202 0.697759
vt 0.880614 0.497173
vt 0.880614 0.497173
vt 0.880614 0.497173
vt 0.880614 0.497173
vt 0.116523 0.209198
vt 0.116523 0.209198
vt 0.116523 0.209198
vt 0.124654 0.220814
vt 0.124654 0.220814
vt 0.124654 0.220814
vt 0.124654 0.220814
vt 0.152720 0.140887
vt 0.152720 0.140887
vt 0.152720 0.140887
vt 0.152720 0.140887
vt 0.142873 0.109469
vt 0.142873 0.109469
vt 0.142873 0.109469
vt 0.181470 0.228937
vt 0.181470 0.228937
vt 0.181470 0.228937
vt 0.237868 0.247614
vt 0.237868 0.247614
vt 0.194780 0.218778
vt 0.194780 0.218778
vt 0.206492 0.178329
vt 0.192081 0.152519
vt 0.192081 0.152519
vt 0.192081 0.152519
vt 0.192081 0.152519
vt 0.165194 0.140324
vt 0.165194 0.140324
vt 0.165194 0.140324
vt 0.289164 0.291568
vt 0.289164 0.291568
vt 0.289164 0.291568
vt 0.323294 0.224925
vt 0.323294 0.224925
vt 0.313926 0.167598
vt 0.313926 0.167598
vt 0.313926 0.167598
vt 0.294232 0.159749
vt 0.294232 0.159749
vt 0.294232 0.159749
vt 0.294232 0.159749
vt 0.273652 0.162934
vt 0.273652 0.162934
vt 0.273652 0.162934
vt 0.273652 0.162934
vt 0.184708 0.322307
vt 0.184708 0.322307
vt 0.184708 0.322307
vt 0.184708 0.322307
vt 0.182473 0.230848
vt 0.182473 0.230848
vt 0.196448 0.220214
vt 0.196448 0.220214
vt 0.196448 0.220214
vt 0.204490 0.207295
vt 0.204490 0.207295
vt 0.209013 0.192736
vt 0.209013 0.192736
vt 0.208629 0.177843
vt 0.208629 0.177843
vt 0.203258 0.162058
vt 0.203258 0.162058
vt 0.193646 0.150986
vt 0.193646 0.150986
vt 0.193646 0.150986
vt 0.180613 0.141997
vt 0.180613 0.141997
vt 0.165467 0.138153
vt 0.165467 0.138153
vt 0.152473 0.138724
vt 0.152473 0.138724
vt 0.152473 0.138724
vt 0.137429 0.143627
vt 0.137429 0.143627
vt 0.124776 0.152822
vt 0.124776 0.152822
vt 0.115021 0.167063
vt 0.115021 0.167063
vt 0.110442 0.181498
vt 0.110442 0.181498
vt 0.110628 0.196466
vt 0.114532 0.210198
vt 0.114532 0.210198
vt 0.123028 0.222392
vt 0.123028 0.222392
vt 0.136658 0.232018
vt 0.136658 0.232018
vt 0.151454 0.235937
vt 0.151454 0.235937
vt 0.151454 0.235937
vt 0.151454 0.235937
vt 0.167424 0.235876
vt 0.506301 0.714999
vt 0.510422 0.682754
vt 0.510422 0.682754
vt 0.510422 0.682754
vt 0.525366 0.649512
vt 0.547348 0.621268
vt 0.573259 0.603171
vt 0.573259 0.603171
vt 0.598793 0.596248
vt 0.623216 0.597632
vt 0.623216 0.597632
vt 0.644127 0.604252
vt 0.644127 0.604252
vt 0.644127 0.604252
vt 0.663339 0.615778
vt 0.681591 0.632119
vt 0.681591 0.632119
vt 0.681591 0.632119
vt 0.681591 0.632119
vt 0.694990 0.652933
vt 0.694990 0.652933
vt 0.702909 0.676541
vt 0.702909 0.676541
vt 0.702909 0.676541
vt 0.703541 0.705119
vt 0.694028 0.733722
vt 0.694028 0.733722
vt 0.676322 0.761680
vt 0.676322 0.761680
vt 0.676322 0.761680
vt 0.656483 0.782595
vt 0.656483 0.782595
vt 0.630753 0.798296
vt 0.602470 0.804386
vt 0.602470 0.804386
vt 0.602470 0.804386
vt 0.602470 0.804386
vt 0.573523 0.801362
vt 0.573523 0.801362
vt 0.573523 0.801362
vt 0.546765 0.789770
vt 0.546765 0.789770
vt 0.816250 0.573357
vt 0.837537 0.584009
vt 0.837537 0.584009
vt 0.837537 0.584009
vt 0.864436 0.586505
vt 0.864436 0.586505
vt 0.864436 0.586505
vt 0.903628 0.577957
vt 0.903628 0.577957
vt 0.950318 0.545592
vt 0.310583 0.543199
vt 0.950318 0.545592
vt 0.310583 0.543199
vt 0.950318 0.545592
vt 0.282939 0.566253
vt 0.282939 0.566253
vt 0.279720 0.582016
vt 0.279720 0.582016
vt 0.283267 0.597618
vt 0.293532 0.613255
vt 0.293532 0.613255
vt 0.308098 0.624067
vt 0.308098 0.624067
vt 0.308098 0.624067
vt 0.326125 0.630300
vt 0.918968 0.420043
vt 0.918968 0.420043
vt 0.356027 0.630079
vt 0.918968 0.420043
vt 0.880069 0.419900
vt 0.880069 0.419900
vt 0.880069 0.419900
vt 0.842972 0.426369
vt 0.842972 0.426369
vt 0.823124 0.433680
vt 0.823124 0.433680
vt 0.803594 0.448180
vt 0.788600 0.468823
vt 0.788600 0.468823
vt 0.781370 0.501423
vt 0.781370 0.501423
vt 0.781370 0.501423
vt 0.785166 0.528512
vt 0.785166 0.528512
vt 0.785166 0.528512
vt 0.797885 0.555988
vt 0.797885 0.555988
vt 0.475930 0.299272
vt 0.475930 0.299272
vt 0.881240 0.793172
vt 0.452727 0.354699
vt 0.919085 0.748611
vt 0.452727 0.354699
vt 0.919085 0.748611
vt 0.839309 0.605230
vt 0.774952 0.595402
vt 0.774952 0.595402
vt 0.740601 0.569406
vt 0.740601 0.569406
vt 0.701963 0.542540
vt 0.701963 0.542540
vt 0.655992 0.523522
vt 0.655992 0.523522
vt 0.004600 0.252436
vt 0.397467 0.494308
vt 0.004600 0.252436
vt 0.397467 0.494308
vt 0.004600 0.252436
vt 0.397467 0.494308
vt 0.416815 0.406591
vt 0.950213 0.699584
vt 0.950213 0.699584
vt 0.836329 0.831047
vt 0.483581 0.240977
vt 0.483581 0.240977
vt 0.836329 0.831047
vt 0.476353 0.180664
vt 0.783249 0.860746
vt 0.725471 0.881320
vt 0.453103 0.124577
vt 0.725471 0.881320
vt 0.453103 0.124577
vt 0.321822 0.175133
vt 0.321822 0.175133
vt 0.663226 0.891417
vt 0.415883 0.076236
vt 0.304459 0.162317
vt 0.304459 0.162317
vt 0.304459 0.162317
vt 0.597787 0.887659
vt 0.367757 0.037253
vt 0.597787 0.887659
vt 0.283540 0.159870
vt 0.283540 0.159870
vt 0.283540 0.159870
vt 0.533686 0.867413
vt 0.310627 0.012480
vt 0.476993 0.830190
vt 0.248781 0.003584
vt 0.185416 0.009986
vt 0.185416 0.009986
vt 0.432784 0.779891
vt 0.185416 0.009986
vt 0.126710 0.032093
vt 0.404150 0.724411
vt 0.126710 0.032093
vt 0.388732 0.667353
vt 0.075895 0.069875
vt 0.035067 0.122862
vt 0.382897 0.608038
vt 0.035067 0.122862
vt 0.535502 0.634573
vt 0.535502 0.634573
vt 0.537833 0.637318
vt 0.537833 0.637318
vt 0.537833 0.637318
vt 0.545911 0.645728
vt 0.545911 0.645728
vt 0.011316 0.185689
vt 0.386433 0.549806
vt 0.011316 0.185689
vt 0.386433 0.549806
vt 0.014090 0.321621
vt 0.416469 0.442560
vt 0.416469 0.442560
vt 0.671149 0.741780
vt 0.671149 0.741780
vt 0.671149 0.741780
vt 0.671149 0.741780
vt 0.681449 0.746852
vt 0.681449 0.746852
vt 0.681449 0.746852
vt 0.686083 0.748127
vt 0.686083 0.748127
vt 0.330410 0.194707
vt 0.330410 0.194707
vt 0.328368 0.215731
vt 0.328368 0.215731
vt 0.328368 0.215731
vt 0.316102 0.232613
vt 0.316102 0.232613
vt 0.297385 0.240333
vt 0.297385 0.240333
vt 0.297385 0.240333
vt 0.297385 0.240333
vt 0.276212 0.236993
vt 0.276212 0.236993
vt 0.276212 0.236993
vt 0.258425 0.223951
vt 0.258425 0.223951
vt 0.258425 0.223951
vt 0.250294 0.204927
vt 0.250294 0.204927
vt 0.252723 0.184158
vt 0.252723 0.184158
vt 0.252723 0.184158
vt 0.265011 0.168094
vt 0.265011 0.168094
vt 0.265011 0.168094
vt 0.265011 0.168094
vt 0.247400 0.246228
vt 0.247400 0.246228
vt 0.247400 0.246228
vt 0.247400 0.246228
vt 0.266896 0.251487
vt 0.266896 0.251487
vt 0.282329 0.264374
vt 0.282329 0.264374
vt 0.282329 0.264374
vt 0.289346 0.282065
vt 0.289346 0.282065
vt 0.289346 0.282065
vt 0.286874 0.301220
vt 0.286874 0.301220
vt 0.286874 0.301220
vt 0.286874 0.301220
vt 0.286874 0.301220
vt 0.275525 0.317014
vt 0.275525 0.317014
vt 0.258367 0.325657
vt 0.239592 0.325480
vt 0.239592 0.325480
vt 0.239592 0.325480
vt 0.239592 0.325480
vt 0.216197 0.431684
vt 0.216197 0.431684
vt 0.216197 0.431684
vt 0.212352 0.453319
vt 0.212352 0.453319
vt 0.212352 0.453319
vt 0.207924 0.481520
vt 0.207924 0.481520
vt 0.201387 0.529758
vt 0.201387 0.529758
vt 0.201387 0.529758
vt 0.201387 0.529758
vt 0.172486 0.797533
vt 0.172486 0.797533
vt 0.160262 0.904583
vt 0.160262 0.904583
vt 0.160262 0.904583
vt 0.160262 0.904583
vt 0.222712 0.316663
vt 0.222712 0.316663
vt 0.222712 0.316663
vt 0.222712 0.316663
vt 0.211312 0.300456
vt 0.211312 0.300456
vt 0.184016 0.312198
vt 0.184016 0.312198
vt 0.184016 0.312198
vt 0.208604 0.280928
vt 0.208604 0.280928
vt 0.174296 0.294184
vt 0.174296 0.294184
vt 0.215198 0.263405
vt 0.215198 0.263405
vt 0.215198 0.263405
vt 0.229135 0.250977
vt 0.229135 0.250977
vt 0.156529 0.283392
vt 0.156529 0.283392
vt 0.156529 0.283392
vt 0.136659 0.283617
vt 0.136659 0.283617
vt 0.136659 0.283617
vt 0.120874 0.292542
vt 0.120874 0.292542
vt 0.120874 0.292542
vt 0.111548 0.308288
vt 0.111548 0.308288
vt 0.111548 0.308288
vt 0.111942 0.326779
vt 0.111942 0.326779
vt 0.111942 0.326779
vt 0.111942 0.326779
vt 0.120708 0.343190
vt 0.120708 0.343190
vt 0.120708 0.343190
vt 0.136798 0.353827
vt 0.136798 0.353827
vt 0.136798 0.353827
vt 0.136798 0.353827
vt 0.156160 0.355281
vt 0.156160 0.355281
vt 0.173051 0.346925
vt 0.173051 0.346925
vt 0.182858 0.331626
vt 0.325475 0.226701
vt 0.330982 0.216804
vt 0.330982 0.216804
vt 0.333492 0.205652
vt 0.333135 0.194315
vt 0.333135 0.194315
vt 0.329816 0.183380
vt 0.323989 0.173460
vt 0.323989 0.173460
vt 0.315515 0.165375
vt 0.315515 0.165375
vt 0.305378 0.159714
vt 0.294441 0.156975
vt 0.282929 0.157101
vt 0.272331 0.160474
vt 0.272331 0.160474
vt 0.272331 0.160474
vt 0.263294 0.165854
vt 0.263294 0.165854
vt 0.255640 0.173490
vt 0.250159 0.182987
vt 0.250159 0.182987
vt 0.247499 0.194212
vt 0.247475 0.205347
vt 0.247475 0.205347
vt 0.250744 0.215849
vt 0.256008 0.225463
vt 0.256008 0.225463
vt 0.264845 0.233499
vt 0.264845 0.233499
vt 0.275341 0.239506
vt 0.286964 0.242804
vt 0.286964 0.242804
vt 0.298097 0.243191
vt 0.298097 0.243191
vt 0.308412 0.240249
vt 0.308412 0.240249
vt 0.317896 0.234924
vt 0.317896 0.234924
vt 0.284305 0.311351
vt 0.289518 0.302216
vt 0.289518 0.302216
vt 0.289518 0.302216
vt 0.291907 0.291861
vt 0.291907 0.291861
vt 0.292246 0.281745
vt 0.289404 0.271861
vt 0.284797 0.262988
vt 0.277276 0.255261
vt 0.277276 0.255261
vt 0.268103 0.249139
vt 0.268103 0.249139
vt 0.257626 0.245075
vt 0.257626 0.245075
vt 0.247092 0.243351
vt 0.236910 0.244959
vt 0.236910 0.244959
vt 0.227771 0.248563
vt 0.227771 0.248563
vt 0.219522 0.254327
vt 0.212802 0.261853
vt 0.212802 0.261853
vt 0.208488 0.270767
vt 0.208488 0.270767
vt 0.205830 0.280352
vt 0.206110 0.290947
vt 0.208763 0.301412
vt 0.214057 0.311039
vt 0.221057 0.318912
vt 0.229889 0.324421
vt 0.229889 0.324421
vt 0.238981 0.328221
vt 0.238981 0.328221
vt 0.238981 0.328221
vt 0.238981 0.328221
vt 0.249048 0.329443
vt 0.249048 0.329443
vt 0.259010 0.328386
vt 0.259010 0.328386
vt 0.268476 0.324597
vt 0.277347 0.319157
vt 0.277347 0.319157
vt 0.187445 0.322828
vt 0.187445 0.322828
vt 0.187445 0.322828
vt 0.186749 0.311792
vt 0.186749 0.311792
vt 0.182570 0.301245
vt 0.182570 0.301245
vt 0.182570 0.301245
vt 0.176251 0.292108
vt 0.167867 0.285747
vt 0.167867 0.285747
vt 0.167867 0.285747
vt 0.157202 0.280797
vt 0.145526 0.279569
vt 0.135756 0.281023
vt 0.127131 0.284878
vt 0.127131 0.284878
vt 0.119005 0.290421
vt 0.119005 0.290421
vt 0.113027 0.297952
vt 0.113027 0.297952
vt 0.108812 0.307534
vt 0.108812 0.307534
vt 0.107907 0.317627
vt 0.109284 0.327358
vt 0.109284 0.327358
vt 0.109284 0.327358
vt 0.112778 0.336494
vt 0.112778 0.336494
vt 0.112778 0.336494
vt 0.118659 0.344943
vt 0.118659 0.344943
vt 0.126295 0.351744
vt 0.126295 0.351744
vt 0.136082 0.356410
vt 0.136082 0.356410
vt 0.146318 0.358452
vt 0.156902 0.357955
vt 0.156902 0.357955
vt 0.166577 0.354430
vt 0.166577 0.354430
vt 0.166577 0.354430
vt 0.175057 0.348953
vt 0.181304 0.341360
vt 0.181304 0.341360
vt 0.181304 0.341360
vt 0.181304 0.341360
vt 0.185401 0.332747
vt 0.185401 0.332747
vt 0.185401 0.332747
vt 0.326096 0.251319
vt 0.346924 0.226059
vt 0.346924 0.226059
vt 0.368061 0.211720
vt 0.368061 0.211720
vt 0.314527 0.275913
vt 0.304286 0.306913
vt 0.304286 0.306913
vt 0.304286 0.306913
vt 0.188254 0.401548
vt 0.188254 0.401548
vt 0.220117 0.411042
vt 0.220117 0.411042
vt 0.220117 0.411042
vt 0.220117 0.411042
vt 0.250315 0.412642
vt 0.250315 0.412642
vt 0.285322 0.408605
vt 0.285322 0.408605
vt 0.285322 0.408605
vt 0.309090 0.360731
vt 0.309090 0.360731
vt 0.301209 0.335910
vt 0.301209 0.335910
vt 0.027775 0.402640
vt 0.461681 0.399898
vt 0.461681 0.399898
vt 0.906197 0.592753
vt 0.906197 0.592753
vt 0.906197 0.592753
vt 0.313689 0.499548
vt 0.975567 0.584930
vt 0.313689 0.499548
vt 0.975567 0.584930
vt 0.447501 0.431488
vt 0.447501 0.431488
vt 0.447501 0.431488
vt 0.276643 0.275873
vt 0.276643 0.275873
vt 0.276643 0.275873
vt 0.276643 0.275873
vt 0.273805 0.303364
vt 0.273805 0.303364
vt 0.320382 0.203503
vt 0.320382 0.203503
vt 0.320382 0.203503
vt 0.320382 0.203503
vt 0.287858 0.229655
vt 0.287858 0.229655
vt 0.287858 0.229655
vt 0.224750 0.303496
vt 0.224750 0.303496
vt 0.224750 0.303496
vt 0.224750 0.303496
vt 0.228310 0.264534
vt 0.228310 0.264534
vt 0.228310 0.264534
vt 0.255020 0.257687
vt 0.255020 0.257687
vt 0.263092 0.312773
vt 0.263092 0.312773
vt 0.219290 0.290216
vt 0.219290 0.290216
vt 0.219290 0.290216
vt 0.171006 0.306937
vt 0.273123 0.223713
vt 0.267989 0.264384
vt 0.267989 0.264384
vt 0.267989 0.264384
vt 0.235596 0.312782
vt 0.235596 0.312782
vt 0.235596 0.312782
vt 0.235596 0.312782
vt 0.249336 0.316183
vt 0.160349 0.342856
vt 0.220622 0.276150
vt 0.220622 0.276150
vt 0.123957 0.305625
vt 0.123957 0.305625
vt 0.123957 0.305625
vt 0.121151 0.318204
vt 0.121151 0.318204
vt 0.121151 0.318204
vt 0.124654 0.330903
vt 0.124654 0.330903
vt 0.133800 0.341090
vt 0.133800 0.341090
vt 0.133251 0.296286
vt 0.133251 0.296286
vt 0.133251 0.296286
vt 0.161314 0.296421
vt 0.161314 0.296421
vt 0.161314 0.296421
vt 0.161314 0.296421
vt 0.170339 0.333730
vt 0.170339 0.333730
vt 0.146945 0.345679
vt 0.146945 0.345679
vt 0.145611 0.292666
vt 0.145611 0.292666
vt 0.142718 0.155170
vt 0.142718 0.155170
vt 0.133654 0.162148
vt 0.133654 0.162148
vt 0.133654 0.162148
vt 0.126409 0.172811
vt 0.126409 0.172811
vt 0.126409 0.172811
vt 0.123329 0.194659
vt 0.123329 0.194659
vt 0.123329 0.194659
vt 0.165716 0.223275
vt 0.165716 0.223275
vt 0.142864 0.220609
vt 0.142864 0.220609
vt 0.142864 0.220609
vt 0.142864 0.220609
vt 0.263166 0.211549
vt 0.193328 0.201624
vt 0.193328 0.201624
vt 0.193328 0.201624
vt 0.266032 0.182143
vt 0.266032 0.182143
vt 0.191704 0.168618
vt 0.191704 0.168618
vt 0.174321 0.153440
vt 0.174321 0.153440
vt 0.174321 0.153440
vt 0.153775 0.223523
vt 0.153775 0.223523
vt 0.153775 0.223523
vt 0.123134 0.183571
vt 0.123134 0.183571
vt 0.196416 0.190892
vt 0.196416 0.190892
vt 0.196416 0.190892
vt 0.260737 0.196376
vt 0.260737 0.196376
vt 0.317622 0.188037
vt 0.317622 0.188037
vt 0.303186 0.227661
vt 0.126359 0.204705
vt 0.126359 0.204705
vt 0.126359 0.204705
vt 0.132764 0.213452
vt 0.132764 0.213452
vt 0.132764 0.213452
vt 0.132764 0.213452
vt 0.153767 0.151317
vt 0.153767 0.151317
vt 0.153767 0.151317
vt 0.176939 0.219464
vt 0.176939 0.219464
vt 0.240664 0.257878
vt 0.187231 0.211281
vt 0.187231 0.211281
vt 0.187231 0.211281
vt 0.195945 0.180098
vt 0.195945 0.180098
vt 0.195945 0.180098
vt 0.184377 0.159720
vt 0.184377 0.159720
vt 0.163326 0.150743
vt 0.163326 0.150743
vt 0.278781 0.289973
vt 0.278781 0.289973
vt 0.278781 0.289973
vt 0.315107 0.218087
vt 0.315107 0.218087
vt 0.315107 0.218087
vt 0.307602 0.175823
vt 0.307602 0.175823
vt 0.307602 0.175823
vt 0.307602 0.175823
vt 0.293014 0.170194
vt 0.293014 0.170194
vt 0.293014 0.170194
vt 0.277882 0.172625
vt 0.277882 0.172625
vt 0.277882 0.172625
vt 0.277882 0.172625
vt 0.174379 0.320725
vt 0.174379 0.320725
vt 0.174379 0.320725
vt 0.174379 0.320725
vt 0.313514 0.181142
vt 0.313514 0.181142
vt 0.313514 0.181142
vt 0.300544 0.171954
vt 0.300544 0.171954
vt 0.300544 0.171954
vt 0.285129 0.170328
vt 0.285129 0.170328
vt 0.285129 0.170328
vt 0.285129 0.170328
vt 0.320070 0.195687
vt 0.320070 0.195687
vt 0.320070 0.195687
vt 0.318767 0.211260
vt 0.318767 0.211260
vt 0.318767 0.211260
vt 0.309804 0.223828
vt 0.309804 0.223828
vt 0.295665 0.229685
vt 0.295665 0.229685
vt 0.295665 0.229685
vt 0.280101 0.227610
vt 0.267256 0.218240
vt 0.260880 0.204028
vt 0.260880 0.204028
vt 0.262270 0.188695
vt 0.262270 0.188695
vt 0.271367 0.176649
vt 0.271367 0.176649
vt 0.271367 0.176649
vt 0.247747 0.256811
vt 0.247747 0.256811
vt 0.261885 0.260316
vt 0.261885 0.260316
vt 0.261885 0.260316
vt 0.273260 0.269598
vt 0.273260 0.269598
vt 0.273260 0.269598
vt 0.278649 0.282840
vt 0.278649 0.282840
vt 0.278649 0.282840
vt 0.277207 0.297060
vt 0.277207 0.297060
vt 0.269016 0.308813
vt 0.269016 0.308813
vt 0.269016 0.308813
vt 0.256377 0.315398
vt 0.256377 0.315398
vt 0.256377 0.315398
vt 0.242215 0.315360
vt 0.242215 0.315360
vt 0.242215 0.315360
vt 0.229538 0.308808
vt 0.229538 0.308808
vt 0.221127 0.297153
vt 0.221127 0.297153
vt 0.173765 0.313555
vt 0.173765 0.313555
vt 0.173765 0.313555
vt 0.218943 0.282969
vt 0.218943 0.282969
vt 0.166662 0.301058
vt 0.166662 0.301058
vt 0.223735 0.269755
vt 0.223735 0.269755
vt 0.233996 0.260278
vt 0.233996 0.260278
vt 0.153575 0.293121
vt 0.153575 0.293121
vt 0.153575 0.293121
vt 0.153575 0.293121
vt 0.139193 0.293597
vt 0.127769 0.300493
vt 0.127769 0.300493
vt 0.127769 0.300493
vt 0.127769 0.300493
vt 0.121517 0.311582
vt 0.122110 0.324787
vt 0.122110 0.324787
vt 0.128641 0.336726
vt 0.128641 0.336726
vt 0.128641 0.336726
vt 0.140229 0.344283
vt 0.140229 0.344283
vt 0.140229 0.344283
vt 0.153969 0.345222
vt 0.153969 0.345222
vt 0.153969 0.345222
vt 0.153969 0.345222
vt 0.166105 0.339038
vt 0.166105 0.339038
vt 0.166105 0.339038
vt 0.166105 0.339038
vt 0.173272 0.327583
vt 0.173272 0.327583
vt 0.159219 0.187064
vt 0.290421 0.199992
vt 0.290421 0.199992
vt 0.290421 0.199992
vt 0.290421 0.199992
vt 0.248733 0.286455
vt 0.147083 0.319382
vt 0.147083 0.319382
vt 0.147083 0.319382
vt 0.250698 0.395268
vt 0.250698 0.395268
vt 0.192144 0.388008
vt 0.192144 0.388008
vt 0.192144 0.388008
vt 0.101282 0.246820
vt 0.101282 0.246820
vt 0.101282 0.246820
vt 0.581537 0.326868
vt 0.010253 0.565827
vt 0.120732 0.574153
vt 0.120732 0.574153
vt 0.196012 0.584101
vt 0.196012 0.584101
vt 0.196012 0.584101
vt 0.303672 0.038132
vt 0.303672 0.038132
vt 0.297609 0.060944
vt 0.297609 0.060944
vt 0.297609 0.060944
vt 0.140360 0.055638
vt 0.140360 0.055638
vt 0.140360 0.055638
vt 0.151307 0.076940
vt 0.151307 0.076940
vt 0.151307 0.076940
vt 0.199070 0.059926
vt 0.199070 0.059926
vt 0.199070 0.059926
vt 0.199070 0.059926
vt 0.192873 0.034831
vt 0.192873 0.034831
vt 0.192873 0.034831
vt 0.249321 0.055052
vt 0.249321 0.055052
vt 0.249321 0.055052
vt 0.249044 0.029934
vt 0.249044 0.029934
vt 0.249044 0.029934
vt 0.249044 0.029934
vt 0.342214 0.079516
vt 0.342214 0.079516
vt 0.342214 0.079516
vt 0.342214 0.079516
vt 0.354218 0.058918
vt 0.354218 0.058918
vt 0.354218 0.058918
vt 0.380746 0.108686
vt 0.380746 0.108686
vt 0.380746 0.108686
vt 0.380746 0.108686
vt 0.397746 0.092499
vt 0.397746 0.092499
vt 0.397746 0.092499
vt 0.397746 0.092499
vt 0.397746 0.092499
vt 0.093624 0.090074
vt 0.093624 0.090074
vt 0.093624 0.090074
vt 0.109508 0.106956
vt 0.109508 0.106956
vt 0.109508 0.106956
vt 0.430101 0.134829
vt 0.430101 0.134829
vt 0.430101 0.134829
vt 0.430101 0.134829
vt 0.409881 0.145246
vt 0.409881 0.145246
vt 0.409881 0.145246
vt 0.077761 0.146658
vt 0.077761 0.146658
vt 0.077761 0.146658
vt 0.077761 0.146658
vt 0.057860 0.136511
vt 0.057860 0.136511
vt 0.057860 0.136511
vt 0.451263 0.185024
vt 0.451263 0.185024
vt 0.451263 0.185024
vt 0.451263 0.185024
vt 0.428267 0.190580
vt 0.428267 0.190580
vt 0.026487 0.377264
vt 0.026487 0.377264
vt 0.443353 0.409358
vt 0.443353 0.409358
vt 0.481054 0.393219
vt 0.025829 0.426082
vt 0.491723 0.471124
vt 0.491723 0.471124
vt 0.491723 0.471124
vt 0.466460 0.448880
vt 0.961529 0.582764
vt 0.961529 0.582764
vt 0.961529 0.582764
vt 0.961529 0.582764
vt 0.340408 0.472299
vt 0.340408 0.472299
vt 0.977218 0.618121
vt 0.977218 0.618121
vt 0.963288 0.632578
vt 0.963288 0.632578
vt 0.324450 0.487188
vt 0.324450 0.487188
vt 0.977508 0.599382
vt 0.967222 0.599395
vt 0.967222 0.599395
vt 0.293290 0.510170
vt 0.293290 0.510170
vt 0.293290 0.510170
vt 0.293290 0.510170
vt 0.308965 0.510467
vt 0.971235 0.574431
vt 0.308965 0.510467
vt 0.971235 0.574431
vt 0.324419 0.448019
vt 0.324419 0.448019
vt 0.300754 0.469543
vt 0.300754 0.469543
vt 0.925670 0.583431
vt 0.925670 0.583431
vt 0.933051 0.608832
vt 0.933051 0.608832
vt 0.354160 0.443141
vt 0.354160 0.443141
vt 0.354160 0.443141
vt 0.354160 0.443141
vt 0.332694 0.461269
vt 0.312435 0.478777
vt 0.312435 0.478777
vt 0.299618 0.492459
vt 0.299618 0.492459
vt 0.124961 0.490296
vt 0.124961 0.490296
vt 0.124961 0.490296
vt 0.171348 0.500310
vt 0.171348 0.500310
vt 0.204315 0.506117
vt 0.204315 0.506117
vt 0.236263 0.508635
vt 0.236263 0.508635
vt 0.277056 0.509966
vt 0.277056 0.509966
vt 0.461174 0.472044
vt 0.449449 0.521419
vt 0.437940 0.574951
vt 0.437940 0.574951
vt 0.437940 0.574951
vt 0.437940 0.574951
vt 0.433819 0.628711
vt 0.433819 0.628711
vt 0.436228 0.680328
vt 0.436228 0.680328
vt 0.454690 0.732281
vt 0.482943 0.778281
vt 0.482943 0.778281
vt 0.482943 0.778281
vt 0.482943 0.778281
vt 0.527268 0.818460
vt 0.527268 0.818460
vt 0.578467 0.844367
vt 0.578467 0.844367
vt 0.578467 0.844367
vt 0.634218 0.854300
vt 0.634218 0.854300
vt 0.634218 0.854300
vt 0.694749 0.850272
vt 0.694749 0.850272
vt 0.750371 0.831877
vt 0.750371 0.831877
vt 0.750371 0.831877
vt 0.797959 0.807658
vt 0.797959 0.807658
vt 0.797959 0.807658
vt 0.839355 0.777407
vt 0.839355 0.777407
vt 0.876425 0.736936
vt 0.906483 0.690275
vt 0.933006 0.647725
vt 0.933006 0.647725
vt 0.947116 0.622145
vt 0.293704 0.552367
vt 0.293704 0.552367
vt 0.293704 0.552367
vt 0.290153 0.528560
vt 0.290153 0.528560
vt 0.936165 0.559733
vt 0.952957 0.567999
vt 0.952957 0.567999
vt 0.952957 0.567999
vt 0.941383 0.576549
vt 0.046642 0.403896
vt 0.046642 0.403896
vt 0.046642 0.403896
vt 0.043988 0.376722
vt 0.035746 0.344084
vt 0.035746 0.344084
vt 0.041565 0.311273
vt 0.041565 0.311273
vt 0.041565 0.311273
vt 0.063716 0.301277
vt 0.063716 0.301277
vt 0.063716 0.301277
vt 0.020056 0.284679
vt 0.020056 0.284679
vt 0.020056 0.284679
vt 0.020056 0.284679
vt 0.027909 0.316374
vt 0.027909 0.316374
vt 0.030234 0.253170
vt 0.030234 0.253170
vt 0.053801 0.249950
vt 0.053801 0.249950
vt 0.067122 0.442633
vt 0.067122 0.442633
vt 0.067122 0.442633
vt 0.067122 0.442633
vt 0.126960 0.465559
vt 0.126960 0.465559
vt 0.126960 0.465559
vt 0.126960 0.465559
vt 0.089927 0.570611
vt 0.089927 0.570611
vt 0.089927 0.570611
vt 0.089791 0.508698
vt 0.089791 0.508698
vt 0.091640 0.481071
vt 0.091640 0.481071
vt 0.094436 0.455267
vt 0.098667 0.430187
vt 0.107666 0.405885
vt 0.119825 0.385715
vt 0.061347 0.528767
vt 0.061347 0.528767
vt 0.090105 0.533627
vt 0.122846 0.538290
vt 0.122846 0.538290
vt 0.169086 0.547630
vt 0.169086 0.547630
vt 0.199204 0.552430
vt 0.199204 0.552430
vt 0.228429 0.555992
vt 0.228429 0.555992
vt 0.267235 0.454346
vt 0.267235 0.454346
vt 0.267235 0.454346
vt 0.268911 0.430121
vt 0.268911 0.430121
vt 0.268911 0.430121
vt 0.218127 0.627424
vt 0.218127 0.627424
vt 0.191822 0.623990
vt 0.191822 0.623990
vt 0.162934 0.620471
vt 0.162934 0.620471
vt 0.162934 0.620471
vt 0.117658 0.616282
vt 0.117658 0.616282
vt 0.259998 0.633469
vt 0.259998 0.633469
vt 0.259998 0.633469
vt 0.059884 0.612633
vt 0.059884 0.612633
vt 0.008940 0.611357
vt 0.598921 0.289898
vt 0.637673 0.309912
vt 0.637673 0.309912
vt 0.637673 0.309912
vt 0.260180 0.839663
vt 0.260180 0.839663
vt 0.260180 0.839663
vt 0.168934 0.829390
vt 0.168934 0.829390
vt 0.168934 0.829390
vt 0.054287 0.827130
vt 0.054287 0.827130
vt 0.694986 0.093689
vt 0.009242 0.836116
vt 0.694986 0.093689
vt 0.730201 0.117129
vt 0.730201 0.117129
vt 0.770727 0.145131
vt 0.770727 0.145131
vt 0.770727 0.145131
vt 0.918648 0.194375
vt 0.918648 0.194375
vt 0.955829 0.199482
vt 0.955829 0.199482
vt 0.955829 0.199482
vt 0.955829 0.199482
vt 0.993488 0.206531
vt 0.328746 0.860962
vt 0.293748 0.850868
vt 0.293748 0.850868
vt 0.246411 0.878892
vt 0.246411 0.878892
vt 0.246411 0.878892
vt 0.216684 0.867922
vt 0.216684 0.867922
vt 0.216684 0.867922
vt 0.216684 0.867922
vt 0.193042 0.861543
vt 0.165852 0.857250
vt 0.165852 0.857250
vt 0.165852 0.857250
vt 0.146407 0.856755
vt 0.146407 0.856755
vt 0.146407 0.856755
vt 0.146407 0.856755
vt 0.109954 0.860111
vt 0.109954 0.860111
vt 0.063992 0.872596
vt 0.063992 0.872596
vt 0.063992 0.872596
vt 0.023765 0.888370
vt 0.731720 0.054201
vt 0.023765 0.888370
vt 0.023765 0.888370
vt 0.731720 0.054201
vt 0.759530 0.081393
vt 0.759530 0.081393
vt 0.794350 0.111839
vt 0.823944 0.130767
vt 0.823944 0.130767
vt 0.823944 0.130767
vt 0.823944 0.130767
vt 0.854743 0.145113
vt 0.854743 0.145113
vt 0.854743 0.145113
vt 0.854743 0.145113
vt 0.854743 0.145113
vt 0.887478 0.151787
vt 0.887478 0.151787
vt 0.922458 0.154864
vt 0.922458 0.154864
vt 0.922458 0.154864
vt 0.958721 0.155115
vt 0.958721 0.155115
vt 0.958721 0.155115
vt 0.993974 0.153305
vt 0.307464 0.910467
vt 0.993974 0.153305
vt 0.277559 0.894097
vt 0.277559 0.894097
vt 0.277559 0.894097
vt 0.230164 0.912920
vt 0.230164 0.912920
vt 0.208067 0.892991
vt 0.208067 0.892991
vt 0.208067 0.892991
vt 0.187197 0.886306
vt 0.187197 0.886306
vt 0.187197 0.886306
vt 0.162914 0.882366
vt 0.162914 0.882366
vt 0.113131 0.886524
vt 0.113131 0.886524
vt 0.113131 0.886524
vt 0.077984 0.909305
vt 0.077984 0.909305
vt 0.047082 0.931002
vt 0.047082 0.931002
vt 0.771008 0.026617
vt 0.791240 0.055937
vt 0.791240 0.055937
vt 0.817142 0.084527
vt 0.817142 0.084527
vt 0.817142 0.084527
vt 0.817142 0.084527
vt 0.836396 0.109812
vt 0.836396 0.109812
vt 0.836396 0.109812
vt 0.862648 0.123024
vt 0.862648 0.123024
vt 0.862648 0.123024
vt 0.892311 0.127733
vt 0.892311 0.127733
vt 0.892311 0.127733
vt 0.923303 0.120060
vt 0.923303 0.120060
vt 0.954646 0.115576
vt 0.954646 0.115576
vt 0.954646 0.115576
vt 0.277698 0.949418
vt 0.983666 0.106280
vt 0.277698 0.949418
vt 0.983666 0.106280
vt 0.256145 0.929908
vt 0.256145 0.929908
vt 0.256145 0.929908
vt 0.256145 0.929908
vt 0.256145 0.929908
vt 0.865624 0.638095
vt 0.865624 0.638095
vt 0.865624 0.638095
vt 0.838801 0.687221
vt 0.806726 0.728616
vt 0.772337 0.761434
vt 0.772337 0.761434
vt 0.939239 0.689005
vt 0.939239 0.689005
vt 0.920006 0.669054
vt 0.920006 0.669054
vt 0.920006 0.669054
vt 0.901511 0.647461
vt 0.901511 0.647461
vt 0.901511 0.647461
vt 0.871796 0.600571
vt 0.871796 0.600571
vt 0.910621 0.613331
vt 0.910621 0.613331
vt 0.884693 0.622927
vt 0.884693 0.622927
vt 0.827835 0.635641
vt 0.852400 0.663593
vt 0.873612 0.690520
vt 0.873612 0.690520
vt 0.892094 0.714016
vt 0.907868 0.736050
vt 0.907868 0.736050
vt 0.801711 0.682386
vt 0.801711 0.682386
vt 0.823802 0.708629
vt 0.823802 0.708629
vt 0.842984 0.735489
vt 0.842984 0.735489
vt 0.842984 0.735489
vt 0.858971 0.758242
vt 0.858971 0.758242
vt 0.871220 0.778982
vt 0.871220 0.778982
vt 0.871220 0.778982
vt 0.750946 0.639162
vt 0.750946 0.639162
vt 0.750946 0.639162
vt 0.764363 0.680660
vt 0.764363 0.680660
vt 0.764363 0.680660
vt 0.777328 0.660700
vt 0.789341 0.639986
vt 0.789341 0.639986
vt 0.801969 0.615392
vt 0.812157 0.592080
vt 0.812157 0.592080
vt 0.812157 0.592080
vt 0.524998 0.421882
vt 0.524998 0.421882
vt 0.526421 0.469632
vt 0.526421 0.469632
vt 0.526421 0.469632
vt 0.513731 0.520781
vt 0.513731 0.520781
vt 0.312027 0.418472
vt 0.318132 0.434217
vt 0.318132 0.434217
vt 0.342482 0.420308
vt 0.342482 0.420308
vt 0.342482 0.420308
vt 0.091982 0.377318
vt 0.113460 0.395605
vt 0.113460 0.395605
vt 0.138577 0.413359
vt 0.138577 0.413359
vt 0.086267 0.348212
vt 0.086267 0.348212
vt 0.086267 0.348212
vt 0.073341 0.357856
vt 0.073341 0.357856
vt 0.066844 0.362663
vt 0.066844 0.362663
vt 0.066844 0.362663
vt 0.059055 0.368376
vt 0.059055 0.368376
vt 0.566086 0.566818
vt 0.566086 0.566818
vt 0.708589 0.772890
vt 0.708589 0.772890
vt 0.729099 0.738308
vt 0.729099 0.738308
vt 0.681958 0.808929
vt 0.681958 0.808929
vt 0.681958 0.808929
vt 0.403931 0.386241
vt 0.403931 0.386241
vt 0.403931 0.386241
vt 0.405895 0.150968
vt 0.405895 0.150968
vt 0.415299 0.169130
vt 0.430676 0.215751
vt 0.430676 0.215751
vt 0.423991 0.192011
vt 0.423991 0.192011
vt 0.374470 0.175067
vt 0.400835 0.171462
vt 0.408701 0.202248
vt 0.408701 0.202248
vt 0.567499 0.520567
vt 0.588526 0.478259
vt 0.045935 0.433499
vt 0.045935 0.433499
vt 0.042303 0.467799
vt 0.042303 0.467799
vt 0.042303 0.467799
vt 0.038105 0.498828
vt 0.038105 0.498828
vt 0.038105 0.498828
vt 0.037053 0.526209
vt 0.037053 0.526209
vt 0.037053 0.526209
vt 0.035703 0.566700
vt 0.034378 0.611812
vt 0.034378 0.611812
vt 0.028012 0.803787
vt 0.242638 0.590030
vt 0.247225 0.557063
vt 0.247225 0.557063
vt 0.247225 0.557063
vt 0.251808 0.533156
vt 0.251808 0.533156
vt 0.251808 0.533156
vt 0.256621 0.509532
vt 0.256621 0.509532
vt 0.256621 0.509532
vt 0.261537 0.485278
vt 0.261537 0.485278
vt 0.261537 0.485278
vt 0.409293 0.548819
vt 0.443098 0.547468
vt 0.443098 0.547468
vt 0.443098 0.547468
vt 0.476459 0.548622
vt 0.476459 0.548622
vt 0.476459 0.548622
vt 0.507674 0.549518
vt 0.538453 0.549331
vt 0.538453 0.549331
vt 0.538453 0.549331
vt 0.772253 0.720885
vt 0.772253 0.720885
vt 0.772253 0.720885
vt 0.790173 0.744950
vt 0.790173 0.744950
vt 0.807123 0.770389
vt 0.807123 0.770389
vt 0.807123 0.770389
vt 0.819424 0.793502
vt 0.819424 0.793502
vt 0.828548 0.814225
vt 0.828548 0.814225
vt 0.355233 0.103983
vt 0.355233 0.103983
vt 0.315562 0.084652
vt 0.315562 0.084652
vt 0.274648 0.074562
vt 0.274648 0.074562
vt 0.225900 0.075273
vt 0.225900 0.075273
vt 0.225900 0.075273
vt 0.335251 0.137802
vt 0.204102 0.116649
vt 0.244279 0.113365
vt 0.277196 0.115488
vt 0.277196 0.115488
vt 0.305048 0.122245
vt 0.305048 0.122245
vt 0.172165 0.120173
vt 0.131752 0.132029
vt 0.131752 0.132029
vt 0.149059 0.125667
vt 0.149059 0.125667
vt 0.461647 0.069691
vt 0.806848 0.875732
vt 0.444007 0.076705
vt 0.797928 0.875732
vt 0.426041 0.073848
vt 0.789342 0.875732
vt 0.412084 0.062560
vt 0.883795 0.875732
vt 0.405589 0.045909
vt 0.875409 0.875732
vt 0.407818 0.027815
vt 0.866828 0.875732
vt 0.418675 0.013444
vt 0.858364 0.875732
vt 0.435194 0.006607
vt 0.849959 0.875732
vt 0.454838 0.009537
vt 0.840572 0.875732
vt 0.468414 0.020439
vt 0.832391 0.875732
vt 0.474937 0.036534
vt 0.824234 0.875732
vt 0.472448 0.055752
vt 0.815098 0.875732
vt 0.434794 0.076769
vt 0.793638 0.875732
vt 0.453432 0.074447
vt 0.802445 0.875732
vt 0.418199 0.069132
vt 0.785079 0.875732
vt 0.887957 0.875732
vt 0.407626 0.054587
vt 0.879560 0.875732
vt 0.405448 0.036579
vt 0.871062 0.875732
vt 0.412237 0.019772
vt 0.862551 0.875732
vt 0.426561 0.008743
vt 0.854106 0.875732
vt 0.445341 0.006620
vt 0.845216 0.875732
vt 0.462450 0.014055
vt 0.836443 0.875732
vt 0.472860 0.028145
vt 0.828262 0.875732
vt 0.475080 0.046436
vt 0.819611 0.875732
vt 0.467951 0.063389
vt 0.810976 0.875732
vt 0.806848 0.895105
vt 0.797928 0.895105
vt 0.789342 0.895105
vt 0.883795 0.895105
vt 0.875409 0.895105
vt 0.866828 0.895105
vt 0.858364 0.895105
vt 0.849959 0.895105
vt 0.840572 0.895105
vt 0.832391 0.895105
vt 0.824234 0.895105
vt 0.815098 0.895105
vt 0.793638 0.895105
vt 0.802445 0.895105
vt 0.785079 0.895105
vt 0.887957 0.895105
vt 0.879560 0.895105
vt 0.871062 0.895105
vt 0.862551 0.895105
vt 0.854106 0.895105
vt 0.845216 0.895105
vt 0.836443 0.895105
vt 0.828262 0.895105
vt 0.819611 0.895105
vt 0.810976 0.895105
vt 0.413633 0.037918
vt 0.413812 0.045132
vt 0.415392 0.051795
vt 0.418761 0.057770
vt 0.423358 0.062734
vt 0.429334 0.066328
vt 0.436066 0.068607
vt 0.443183 0.068501
vt 0.450314 0.066787
vt 0.456453 0.063233
vt 0.461264 0.058493
vt 0.464701 0.052605
vt 0.466790 0.045474
vt 0.466642 0.037891
vt 0.465068 0.031399
vt 0.461729 0.025599
vt 0.457224 0.020781
vt 0.451351 0.017333
vt 0.444067 0.015050
vt 0.436302 0.015098
vt 0.429643 0.016727
vt 0.423732 0.020255
vt 0.418889 0.025012
vt 0.415538 0.031124
vt 0.440199 0.041761
vt 0.704120 0.066401
vt 0.917033 0.875686
vt 0.686417 0.073254
vt 0.908114 0.875686
vt 0.668479 0.070234
vt 0.899527 0.875686
vt 0.654624 0.058820
vt 0.993980 0.875686
vt 0.648281 0.042110
vt 0.985594 0.875686
vt 0.650674 0.024037
vt 0.977013 0.875686
vt 0.661661 0.009766
vt 0.968549 0.875686
vt 0.678242 0.003079
vt 0.960145 0.875686
vt 0.697856 0.006188
vt 0.950757 0.875686
vt 0.711324 0.017228
vt 0.942576 0.875686
vt 0.717712 0.033366
vt 0.934420 0.875686
vt 0.715048 0.052561
vt 0.925283 0.875686
vt 0.677204 0.073235
vt 0.903824 0.875686
vt 0.695863 0.071082
vt 0.912631 0.875686
vt 0.660680 0.065447
vt 0.895265 0.875686
vt 0.998142 0.875686
vt 0.650239 0.050807
vt 0.989745 0.875686
vt 0.648225 0.032780
vt 0.981247 0.875686
vt 0.655167 0.016035
vt 0.972736 0.875686
vt 0.669590 0.005137
vt 0.964291 0.875686
vt 0.688388 0.003185
vt 0.955401 0.875686
vt 0.705445 0.010763
vt 0.946629 0.875686
vt 0.715711 0.024956
vt 0.938447 0.875686
vt 0.717765 0.043269
vt 0.929796 0.875686
vt 0.710482 0.060156
vt 0.921162 0.875686
vt 0.917033 0.895059
vt 0.908114 0.895059
vt 0.899527 0.895059
vt 0.993980 0.895059
vt 0.985594 0.895059
vt 0.977013 0.895059
vt 0.968549 0.895059
vt 0.960145 0.895059
vt 0.950757 0.895059
vt 0.942576 0.895059
vt 0.934420 0.895059
vt 0.925283 0.895059
vt 0.903824 0.895059
vt 0.912631 0.895059
vt 0.895265 0.895059
vt 0.998142 0.895059
vt 0.989745 0.895059
vt 0.981247 0.895059
vt 0.972736 0.895059
vt 0.964291 0.895059
vt 0.955401 0.895059
vt 0.946629 0.895059
vt 0.938447 0.895059
vt 0.929796 0.895059
vt 0.921162 0.895059
vt 0.656397 0.034193
vt 0.656510 0.041408
vt 0.658030 0.048086
vt 0.661344 0.054091
vt 0.665896 0.059096
vt 0.671839 0.062744
vt 0.678550 0.065085
vt 0.685668 0.065043
vt 0.692813 0.063394
vt 0.698985 0.059896
vt 0.703839 0.055200
vt 0.707329 0.049344
vt 0.709483 0.042232
vt 0.709404 0.034648
vt 0.707890 0.028143
vt 0.704590 0.022321
vt 0.700151 0.017440
vt 0.694302 0.013952
vt 0.687038 0.011603
vt 0.679273 0.011580
vt 0.672599 0.013148
vt 0.666656 0.016623
vt 0.661771 0.021335
vt 0.658364 0.027416
vt 0.682880 0.038282
vn 0.092239 0.322197 -0.942168
vn 0.013201 -0.880923 -0.473075
vn -0.164934 0.323883 -0.931610
vn 0.442589 0.290501 -0.848365
vn 0.428991 -0.808705 -0.402446
vn 0.972698 0.014638 -0.231611
vn 0.801847 -0.546768 -0.241009
vn 0.994288 -0.096748 -0.045067
vn 0.841875 -0.498973 -0.205601
vn -0.549209 0.276565 -0.788594
vn -0.413982 -0.800165 -0.433998
vn -0.991627 -0.129120 -0.002122
vn -0.858539 -0.471097 -0.202433
vn -0.982873 -0.017065 -0.183490
vn -0.802350 -0.512406 -0.306062
vn -0.914651 0.102995 -0.390903
vn -0.768881 -0.529224 -0.358808
vn -0.761421 0.204972 -0.614999
vn -0.537273 -0.744632 -0.396058
vn 0.673017 0.238837 -0.700003
vn 0.579978 -0.746857 -0.325316
vn 0.866496 0.148642 -0.476540
vn 0.705433 -0.634034 -0.316805
vn 0.895983 -0.257351 0.361918
vn 0.871432 -0.489646 -0.029207
vn -0.944203 -0.235873 0.229879
vn -0.833215 -0.536493 -0.133899
vn 0.724996 -0.367626 0.582437
vn 0.827753 -0.554436 0.086175
vn -0.826697 -0.332357 0.453995
vn -0.818063 -0.575120 -0.003206
vn -0.396006 -0.483139 0.780868
vn -0.482543 -0.867921 -0.117753
vn -0.632580 -0.424034 0.648103
vn -0.664412 -0.745355 -0.054796
vn 0.495085 -0.446388 0.745405
vn 0.722880 -0.690637 -0.021563
vn -0.157492 -0.773319 -0.614145
vn -0.157280 -0.856892 -0.490916
vn -0.316104 -0.877079 -0.361679
vn -0.320720 -0.824375 -0.466416
vn -0.316956 -0.759525 -0.568032
vn 0.971580 -0.178935 0.154967
vn 0.862848 -0.485521 -0.140583
vn 0.310907 -0.742370 -0.593485
vn 0.449178 -0.834932 -0.318006
vn 0.474217 -0.781920 -0.404622
vn 0.494637 -0.727589 -0.475341
vn 0.062184 -0.936348 -0.345521
vn 0.076787 -0.864240 -0.497185
vn 0.075054 -0.762963 -0.642070
vn 0.061367 -0.507101 0.859699
vn 0.127232 -0.991084 -0.039550
vn -0.165620 -0.508179 0.845177
vn -0.216145 -0.974490 -0.060415
vn -0.162384 -0.920086 -0.356474
vn -0.289436 0.315364 -0.903754
vn -0.219987 -0.848238 -0.481765
vn 0.278510 -0.485441 0.828722
vn 0.476202 -0.879317 -0.005723
vn 0.286015 -0.836612 -0.467200
vn 0.268359 -0.905524 -0.328647
vn 0.204464 0.317579 -0.925925
vn 0.236432 -0.859833 -0.452533
vn 0.163156 -0.957840 -0.236481
vn 0.285742 -0.930578 -0.228857
vn 0.398912 -0.885536 -0.238107
vn 0.456127 -0.859546 -0.230496
vn 0.555506 -0.782880 -0.280200
vn 0.594228 -0.729670 -0.338340
vn 0.631970 -0.674309 -0.381996
vn 0.678735 -0.642551 -0.355596
vn 0.599845 -0.673359 -0.432173
vn 0.477617 -0.669870 -0.568468
vn 0.276375 -0.725458 -0.630339
vn 0.077998 -0.751917 -0.654627
vn -0.093383 -0.759390 -0.643899
vn -0.240119 -0.751180 -0.614875
vn -0.353346 -0.744996 -0.565798
vn -0.441821 -0.726435 -0.526390
vn -0.436776 -0.750855 -0.495423
vn -0.438506 -0.788447 -0.431352
vn -0.412204 -0.829790 -0.376214
vn -0.401629 -0.859288 -0.316732
vn -0.300373 -0.911146 -0.282116
vn -0.233083 -0.934480 -0.269108
vn -0.105104 -0.960580 -0.257368
vn 0.025522 -0.969588 -0.243410
vn 0.993899 -0.101186 -0.043898
vn 0.966899 -0.001756 -0.255154
vn 0.874817 0.124899 -0.468076
vn 0.698414 0.229793 -0.677800
vn 0.482224 0.287437 -0.827551
vn 0.238489 0.319507 -0.917081
vn 0.106546 0.326113 -0.939307
vn -0.152844 0.320188 -0.934943
vn -0.277665 0.309287 -0.909530
vn -0.526270 0.263455 -0.808475
vn -0.731989 0.188216 -0.654803
vn -0.888234 0.088976 -0.450691
vn -0.971715 -0.024105 -0.234924
vn -0.991326 -0.130672 -0.014088
vn -0.949862 -0.230292 0.211489
vn -0.842415 -0.323551 0.430873
vn -0.674568 -0.405173 0.617084
vn -0.462311 -0.464568 0.755278
vn -0.223403 -0.497607 0.838140
vn 0.030013 -0.508681 0.860432
vn 0.276767 -0.493177 0.824728
vn 0.516355 -0.450729 0.728162
vn 0.723738 -0.385185 0.572569
vn 0.874323 -0.301880 0.380037
vn 0.963006 -0.202905 0.177341
vn 0.020595 -0.935292 -0.353278
vn 0.185536 -0.918979 -0.347929
vn 0.346228 -0.876891 -0.333449
vn 0.499130 -0.807558 -0.314197
vn 0.614540 -0.725044 -0.310889
vn 0.703568 -0.661350 -0.260014
vn 0.751645 -0.603577 -0.265940
vn 0.783205 -0.574159 -0.238603
vn 0.800602 -0.575448 -0.167019
vn 0.766013 -0.637952 -0.079003
vn 0.627183 -0.742137 -0.236376
vn 0.389980 -0.873936 -0.290089
vn 0.101423 -0.938168 -0.330990
vn -0.156963 -0.930853 -0.329964
vn -0.373431 -0.868570 -0.325785
vn -0.543418 -0.800953 -0.251339
vn -0.696972 -0.682445 -0.220226
vn -0.701177 -0.651937 -0.288669
vn -0.717118 -0.625633 -0.307123
vn -0.652577 -0.671922 -0.350234
vn -0.628462 -0.691412 -0.356349
vn -0.422477 -0.831874 -0.359859
vn -0.321968 -0.868834 -0.376118
vn -0.156314 -0.913889 -0.374663
vn -0.765003 0.603682 0.224362
vn -0.523749 0.762734 0.379373
vn -0.541849 0.752903 0.373546
vn -0.760343 0.601689 0.244639
vn 0.187256 -0.239530 -0.952660
vn -0.074124 -0.291155 -0.953800
vn -0.039847 -0.355895 -0.933676
vn 0.223105 -0.312407 -0.923378
vn 0.178857 0.880934 0.438139
vn -0.097760 0.876717 0.470966
vn 0.331369 0.864010 0.379052
vn 0.334764 0.859684 0.385845
vn 0.189687 0.882418 0.430531
vn -0.096630 0.879798 0.465423
vn -0.342028 -0.281805 -0.896439
vn -0.595023 -0.217831 -0.773626
vn -0.579130 -0.277085 -0.766702
vn -0.315249 -0.349590 -0.882273
vn -0.795830 -0.093032 -0.598331
vn -0.919490 0.064242 -0.387830
vn -0.928703 0.031340 -0.369498
vn -0.791815 -0.154720 -0.590839
vn -0.954592 0.245435 -0.168867
vn -0.903448 0.426928 0.038918
vn -0.907630 0.416547 0.051924
vn -0.962673 0.224159 -0.151703
vn -0.236111 0.856373 0.459213
vn -0.253136 0.855898 0.450955
vn 0.814151 0.141220 -0.563219
vn 0.660901 -0.033097 -0.749743
vn 0.689606 -0.071266 -0.720670
vn 0.835374 0.115651 -0.537378
vn 0.879469 0.324640 -0.348057
vn 0.890035 0.308114 -0.336012
vn 0.429867 -0.164833 -0.887719
vn 0.470687 -0.217915 -0.854966
vn 0.856865 0.496703 -0.138087
vn 0.870241 0.474107 -0.133805
vn 0.754194 0.653368 0.065591
vn 0.768946 0.636529 0.059596
vn 0.574584 0.780220 0.247204
vn 0.584113 0.777189 0.234072
vn 0.109482 0.990055 0.088346
vn -0.112784 0.986912 0.115262
vn 0.223217 0.973887 0.041456
vn 0.421414 0.905030 -0.057710
vn 0.565201 0.801744 -0.194302
vn 0.646428 0.675604 -0.354527
vn 0.669778 0.532441 -0.517595
vn 0.619977 0.382833 -0.684885
vn 0.500137 0.237032 -0.832874
vn 0.324468 0.124715 -0.937639
vn 0.112862 0.054538 -0.992113
vn -0.090159 0.030729 -0.995453
vn -0.303352 0.042899 -0.951913
vn -0.507691 0.102703 -0.855396
vn -0.663302 0.204081 -0.719987
vn -0.764963 0.332265 -0.551754
vn -0.793954 0.473165 -0.381775
vn -0.752011 0.622389 -0.217052
vn -0.642473 0.763060 -0.070490
vn -0.451236 0.890930 0.051270
vn -0.219462 0.970115 0.103501
vn 0.160769 0.932384 0.323749
vn -0.104941 0.928324 0.356654
vn 0.305004 0.911485 0.275984
vn 0.538722 0.831545 0.135322
vn 0.709532 0.704134 -0.027566
vn 0.806506 0.551021 -0.214299
vn 0.827886 0.388542 -0.404524
vn 0.775663 0.209250 -0.595451
vn 0.635606 0.032461 -0.771331
vn 0.430791 -0.106705 -0.896121
vn 0.193865 -0.194753 -0.961503
vn -0.054820 -0.232996 -0.970931
vn -0.316617 -0.227410 -0.920890
vn -0.564695 -0.159865 -0.809668
vn -0.765505 -0.042640 -0.642016
vn -0.893466 0.129162 -0.430157
vn -0.925786 0.304593 -0.223927
vn -0.873105 0.486670 -0.028978
vn -0.735015 0.661078 0.150763
vn -0.522008 0.805516 0.280448
vn -0.250610 0.904668 0.344630
vn -0.671282 0.741122 -0.010951
vn -0.477344 0.871698 0.110837
vn -0.233036 0.960281 0.153475
vn 0.114685 0.985285 0.126728
vn -0.113289 0.980445 0.160916
vn 0.237830 0.968045 0.079532
vn 0.443936 0.895538 -0.030538
vn 0.592330 0.787690 -0.169382
vn 0.674919 0.657690 -0.334557
vn 0.699309 0.509329 -0.501549
vn 0.650722 0.354230 -0.671627
vn 0.528941 0.198675 -0.825076
vn 0.350360 0.076163 -0.933513
vn 0.136186 0.000164 -0.990683
vn -0.080627 -0.027872 -0.996355
vn -0.307351 -0.023206 -0.951313
vn -0.523741 0.036346 -0.851102
vn -0.695350 0.140599 -0.704784
vn -0.806493 0.281172 -0.520107
vn -0.837346 0.428702 -0.339214
vn -0.790852 0.588989 -0.166271
vn -0.787348 0.355962 0.503363
vn -0.103259 -0.638484 0.762677
vn -0.044539 -0.597696 0.800485
vn -0.536950 0.527675 0.658212
vn 0.233577 0.023281 0.972060
vn 0.014290 0.025565 0.999571
vn 0.401827 0.646606 0.648411
vn 0.180608 -0.581397 0.793321
vn -0.132590 -0.785420 0.604596
vn -0.957608 -0.236211 -0.164900
vn -0.996366 -0.037022 0.076713
vn -0.147853 -0.738411 0.657942
vn -0.939182 0.159421 0.304175
vn -0.137013 -0.689721 0.710994
vn 0.033113 -0.574919 0.817540
vn -0.224100 0.631487 0.742296
vn -0.213493 -0.554667 0.804217
vn 0.169258 -0.901715 0.397821
vn 0.104027 -0.841071 0.530828
vn 0.109911 -0.550253 -0.827732
vn 0.146499 -0.445768 0.883079
vn 0.084455 -0.448215 0.889927
vn -0.034504 -0.845328 0.533132
vn -0.597646 -0.537111 -0.595257
vn -0.026535 -0.920459 0.389938
vn -0.308709 -0.585424 -0.749652
vn 0.033238 -0.853930 0.519325
vn -0.220503 -0.848243 0.481521
vn -0.826392 -0.402716 -0.393569
vn -0.096398 -0.823279 0.559391
vn -0.290230 -0.709261 0.642429
vn -0.004599 -0.453817 0.891083
vn 0.912508 -0.110380 -0.393885
vn 0.264368 -0.768628 0.582513
vn 0.229515 -0.802688 0.550468
vn 0.749372 -0.298058 -0.591273
vn 0.393939 -0.765568 0.508643
vn 0.982521 0.089283 -0.163344
vn 0.276946 -0.730904 0.623764
vn 0.416527 -0.697173 0.583486
vn 0.479816 -0.463763 -0.744782
vn 0.177744 -0.826027 0.534871
vn 0.960098 0.271466 0.067224
vn 0.272951 -0.692637 0.667646
vn 0.409702 -0.629220 0.660475
vn 0.262372 -0.651059 0.712238
vn 0.852475 0.436634 0.287466
vn 0.380291 -0.560482 0.735690
vn 0.230768 -0.614065 0.754765
vn 0.659997 0.565161 0.494971
vn 0.317096 -0.503972 0.803407
vn -0.723679 0.140530 0.675677
vn 0.187258 0.427873 0.884228
vn 0.024764 0.419922 0.907222
vn 0.184010 -0.032121 0.982399
vn 0.063285 -0.041661 0.997126
vn -0.929001 -0.245241 0.277155
vn -0.627580 -0.394041 0.671472
vn -0.208871 0.394297 0.894932
vn -0.111987 -0.057015 0.992073
vn 0.904573 -0.416019 -0.093148
vn 0.708393 -0.662895 0.242385
vn 0.598896 -0.792850 0.112751
vn 0.971059 -0.205915 0.121012
vn 0.757915 -0.514737 0.400762
vn 0.945347 -0.014331 0.325751
vn 0.744577 -0.370858 0.555040
vn 0.836963 0.155653 0.524657
vn 0.667243 -0.241088 0.704744
vn 0.647844 0.298268 0.700952
vn 0.529300 -0.132814 0.837975
vn 0.521593 -0.745153 -0.415557
vn 0.247081 -0.967867 -0.046735
vn -0.457920 0.888312 0.034800
vn -0.538347 0.748141 0.387902
vn 0.222387 -0.394503 -0.891578
vn 0.228552 0.971276 0.066242
vn 0.340109 0.842074 0.418614
vn -0.616178 -0.299341 -0.728505
vn -0.368205 -0.389617 -0.844170
vn -0.298757 -0.843867 -0.445683
vn -0.934531 0.024728 -0.355021
vn -0.771006 -0.618571 -0.151394
vn -0.907421 0.416655 0.054647
vn 0.540676 0.191668 -0.819105
vn 0.711522 -0.135648 -0.689446
vn 0.683447 0.657586 -0.316988
vn 0.354877 0.065948 -0.932584
vn -0.111054 -0.030837 -0.993336
vn -0.113691 0.366203 -0.923563
vn 0.091369 0.954884 -0.282573
vn 0.026885 0.903915 -0.426866
vn -0.091888 0.746043 -0.659527
vn -0.044358 0.911590 -0.408701
vn -0.089605 0.745665 -0.660269
vn -0.089898 0.910464 -0.403699
vn -0.530803 0.068784 -0.844700
vn -0.366043 0.414891 -0.832994
vn -0.770701 0.327548 -0.546564
vn -0.508137 0.564467 -0.650518
vn -0.741691 0.632528 -0.223166
vn -0.489832 0.745464 -0.452049
vn 0.279918 0.493713 -0.823343
vn 0.349811 0.582227 -0.733924
vn 0.191878 0.661422 -0.725055
vn -0.096177 0.749866 -0.654561
vn 0.213456 0.728911 -0.650480
vn -0.095397 0.750105 -0.654402
vn 0.165086 0.425086 -0.889971
vn 0.304604 0.854015 -0.421753
vn 0.164994 0.837724 -0.520573
vn -0.094785 0.747257 -0.657740
vn -0.175140 -0.984343 -0.019851
vn -0.538675 -0.819410 0.195947
vn -0.276163 0.548136 -0.789482
vn -0.091085 0.752462 -0.652307
vn -0.198872 0.523465 -0.828513
vn -0.091621 0.752418 -0.652283
vn 0.073215 0.559743 -0.825425
vn -0.091637 0.753095 -0.651499
vn 0.110319 -0.670617 -0.733555
vn -0.487304 -0.608046 -0.626750
vn -0.911494 -0.312736 -0.267162
vn -0.978277 0.099256 0.181994
vn 0.657941 -0.469564 -0.588748
vn -0.880735 0.294075 0.371248
vn -0.992030 -0.116759 -0.047369
vn -0.735110 -0.485075 -0.473620
vn -0.663593 0.490425 0.564914
vn 0.077769 -0.420287 -0.904052
vn 0.241997 0.683374 0.688794
vn -0.496353 -0.351842 -0.793625
vn -0.888732 -0.063226 -0.454047
vn -0.943664 0.329033 -0.035149
vn -0.087404 0.691008 0.717543
vn 0.857960 -0.291850 -0.422763
vn 0.977565 -0.076384 -0.196294
vn 0.610761 -0.222951 -0.759778
vn 0.990980 0.131868 0.023860
vn 0.915535 0.321946 0.241138
vn 0.759043 0.486110 0.433071
vn 0.524142 0.608903 0.595409
vn 0.390675 -0.606158 -0.692780
vn -0.405150 0.610981 0.680114
vn -0.845431 0.515692 0.138952
vn -0.960333 0.128627 -0.247418
vn -0.727680 -0.228723 -0.646659
vn -0.205565 -0.673731 -0.709809
vn -0.425805 -0.178730 0.886987
vn 0.243359 -0.039825 0.969118
vn -0.654166 -0.465040 0.596493
vn 0.005351 -0.042692 0.999074
vn 0.659687 -0.731074 0.174194
vn 0.742122 -0.587931 0.321856
vn 0.759123 -0.443257 0.476713
vn 0.712696 -0.301509 0.633370
vn 0.607583 -0.185530 0.772284
vn 0.443196 -0.089099 0.891986
vn 0.341978 -0.939329 -0.026678
vn -0.229606 -0.082654 0.969768
vn -0.374836 0.865945 -0.331115
vn -0.033736 0.371460 -0.927836
vn -0.308301 0.391814 -0.866852
vn -0.489337 0.520485 -0.699747
vn -0.508623 0.702595 -0.497658
vn 0.315447 0.531358 -0.786227
vn 0.232168 0.459380 -0.857361
vn 0.337851 0.816714 -0.467797
vn 0.095608 0.399521 -0.911725
vn -0.460200 0.788607 -0.407817
vn -0.518431 0.613061 -0.596142
vn -0.419398 0.445456 -0.790996
vn -0.186314 0.368435 -0.910792
vn -0.125697 -0.489511 0.862890
vn -0.170249 -0.524307 0.834337
vn 0.065058 -0.918672 0.389628
vn 0.115078 -0.915657 0.385136
vn 0.232774 -0.457831 0.858025
vn 0.176290 -0.452908 0.873954
vn -0.129509 -0.895256 0.426314
vn -0.074437 -0.910506 0.406741
vn -0.270467 -0.786615 0.555054
vn -0.244633 -0.820602 0.516495
vn -0.272562 -0.632919 0.724654
vn -0.282865 -0.673816 0.682613
vn 0.056649 -0.451715 0.890362
vn 0.338988 -0.825553 0.451165
vn 0.366260 -0.797544 0.479351
vn 0.407059 -0.731040 0.547617
vn 0.258857 -0.875508 0.408017
vn 0.298424 -0.852909 0.428357
vn 0.414357 -0.665607 0.620706
vn 0.396390 -0.594883 0.699278
vn 0.352660 -0.535028 0.767709
vn 0.277037 -0.481790 0.831341
vn 0.209849 -0.890898 0.402819
vn -0.063667 -0.470895 0.879889
vn -0.244623 -0.595573 0.765148
vn -0.281701 -0.748404 0.600446
vn -0.175239 -0.873866 0.453485
vn 0.027552 -0.921201 0.388110
vn -0.610376 0.230500 0.757833
vn -0.495335 0.299059 0.815602
vn 0.265007 0.415968 0.869909
vn 0.407893 0.390949 0.825095
vn -0.912945 -0.144757 0.381546
vn -0.878950 -0.053932 0.473854
vn -0.052503 0.418028 0.906916
vn 0.838747 -0.509973 -0.190870
vn 0.755233 -0.594044 -0.277010
vn 0.950684 -0.309784 0.015291
vn 0.968827 -0.108299 0.222814
vn 0.900308 0.074959 0.428749
vn 0.754163 0.229952 0.615110
vn 0.531180 0.352268 0.770555
vn 0.398874 -0.794148 -0.458506
vn 0.274847 -0.829404 -0.486362
vn -0.361058 0.353841 0.862806
vn -0.546195 0.837369 -0.022027
vn -0.753803 0.615781 0.229336
vn -0.650560 0.689634 0.318083
vn -0.053086 -0.683435 -0.728079
vn 0.260326 -0.641884 -0.721259
vn 0.130793 -0.857322 -0.497888
vn 0.108003 0.990281 0.087630
vn 0.113283 0.886156 0.449326
vn -0.038027 0.884199 0.465559
vn 0.192210 0.873007 0.448234
vn -0.615207 -0.555464 -0.559447
vn -0.350350 -0.647084 -0.677154
vn -0.432696 -0.808702 -0.398466
vn -0.961343 -0.222554 -0.162138
vn -0.837629 -0.399962 -0.372032
vn -0.843272 -0.534933 -0.052335
vn -0.941577 0.191541 0.277029
vn -0.997419 -0.003657 0.071709
vn -0.124655 0.987492 0.096538
vn -0.259393 0.853944 0.451104
vn -0.111964 0.880958 0.459758
vn 0.603361 0.255494 -0.755433
vn 0.865168 0.041625 -0.499751
vn 0.793584 -0.054641 -0.606002
vn 0.698473 0.431709 -0.570756
vn 0.925749 0.259666 -0.274886
vn 0.911061 0.155749 -0.381719
vn 0.525232 -0.551194 -0.648318
vn 0.769769 -0.378627 -0.513904
vn 0.646546 -0.675596 -0.354328
vn 0.705767 0.582891 -0.402655
vn 0.895077 0.441094 -0.065368
vn 0.920562 0.350459 -0.172465
vn 0.640546 0.732132 -0.231697
vn 0.777619 0.615031 0.130557
vn 0.845599 0.532431 0.038475
vn 0.514288 0.852852 -0.090287
vn 0.584709 0.754189 0.298853
vn 0.691924 0.688757 0.216460
vn 0.333473 0.942361 0.027413
vn 0.467664 0.803894 0.367485
vn 0.240830 0.021675 -0.970325
vn 0.482776 -0.306203 -0.820467
vn 0.347605 -0.361765 -0.865042
vn -0.351138 0.933581 0.071620
vn -0.405488 0.806807 0.429699
vn -0.781433 0.405493 0.474276
vn -0.819851 0.038143 0.571304
vn -0.922622 -0.350817 0.160301
vn -0.672653 -0.696705 -0.249279
vn -0.231259 -0.023265 -0.972614
vn -0.084869 -0.429575 -0.899034
vn -0.233328 -0.416372 -0.878745
vn -0.621757 0.778335 -0.087255
vn 0.022965 -0.022908 -0.999474
vn 0.139659 -0.003994 -0.990192
vn 0.019524 0.963852 -0.265723
vn -0.020045 0.910122 -0.413855
vn -0.089591 0.746778 -0.659012
vn -0.017117 0.965028 -0.261586
vn -0.086591 0.963019 -0.255139
vn -0.436123 0.027336 -0.899472
vn -0.336260 -0.003112 -0.941764
vn -0.737596 0.254678 -0.625373
vn -0.688369 0.187541 -0.700697
vn -0.772559 0.562107 -0.295276
vn -0.787342 0.489918 -0.374263
vn -0.119020 0.958840 -0.257800
vn -0.185814 0.946637 -0.263348
vn 0.661048 0.337515 -0.670149
vn 0.373492 0.638789 -0.672646
vn 0.207762 0.699035 -0.684240
vn -0.095788 0.751491 -0.652752
vn 0.381551 0.685562 -0.620019
vn 0.461963 0.128301 -0.877570
vn 0.378561 0.727347 -0.572414
vn 0.364033 0.772376 -0.520495
vn 0.583601 0.796594 -0.157634
vn 0.264052 0.886394 -0.380239
vn 0.138680 0.858885 -0.493036
vn -0.093361 0.746999 -0.658237
vn 0.212044 0.915867 -0.340918
vn 0.154595 0.938598 -0.308438
vn -0.254587 0.926618 -0.276704
vn -0.202898 0.886131 -0.416660
vn -0.088381 0.746311 -0.659703
vn -0.320513 0.898544 -0.299817
vn -0.690280 0.706758 -0.154939
vn -0.787947 0.409746 -0.459617
vn -0.617882 0.123782 -0.776466
vn -0.543549 0.551722 0.632580
vn 0.161815 0.699499 0.696072
vn -0.008685 0.693528 0.720377
vn 0.393263 0.650086 0.650179
vn -0.821214 -0.146148 -0.551588
vn -0.962143 0.235139 -0.137806
vn -0.248608 0.661052 0.707958
vn 0.929751 -0.192645 -0.313769
vn 0.995818 0.033565 -0.084975
vn 0.964534 0.227420 0.133993
vn 0.847327 0.408240 0.339671
vn 0.646930 0.555574 0.522321
vn -0.160229 -0.864835 -0.475801
vn 0.027354 -0.998156 -0.054184
vn 0.136670 -0.988952 -0.057406
vn -0.375736 -0.924576 0.063106
vn -0.277842 -0.960510 0.015001
vn -0.632651 -0.693208 0.345275
vn -0.593061 -0.759036 0.268594
vn 0.430808 -0.902429 0.005183
vn 0.520346 -0.852259 0.053808
vn -0.507162 -0.248599 0.825218
vn -0.579170 -0.323743 0.748167
vn -0.663078 -0.540267 0.518111
vn -0.656619 -0.618706 0.431340
vn -0.465059 -0.876360 0.125354
vn -0.072422 -0.996495 -0.041861
vn -0.337447 -0.122364 0.933358
vn 0.351602 -0.056646 0.934434
vn -0.019940 -0.870152 -0.492380
vn -0.557393 -0.760294 -0.333565
vn -0.892532 -0.448409 0.048114
vn -0.285879 0.845208 -0.451548
vn -0.088999 0.746670 -0.659214
vn -0.420379 0.829948 -0.366698
vn 0.035149 0.383526 -0.922861
vn 0.044373 0.994997 0.089508
vn -0.068003 0.992575 0.100848
vn -0.237690 0.532956 -0.812072
vn -0.090781 0.752054 -0.652820
vn -0.249352 0.376593 -0.892189
vn -0.461494 0.481088 -0.745371
vn -0.374890 0.734902 -0.565135
vn -0.087207 0.747263 -0.658781
vn -0.517971 0.659505 -0.544756
vn -0.237019 0.967338 0.089888
vn 0.710328 0.512007 -0.482993
vn 0.117064 0.582781 -0.804153
vn -0.089417 0.751725 -0.653387
vn 0.185663 0.813678 -0.550870
vn -0.094847 0.748139 -0.656728
vn 0.428024 0.903402 -0.025695
vn 0.028182 0.541343 -0.840329
vn -0.093391 0.753009 -0.651350
vn -0.342417 0.793504 -0.503093
vn -0.086774 0.748114 -0.657872
vn -0.311541 0.568126 -0.761692
vn -0.093378 0.750319 -0.654448
vn -0.157543 0.518768 -0.840274
vn -0.092886 0.752157 -0.652405
vn -0.091106 0.748976 -0.656304
vn -0.316241 0.821256 -0.474899
vn -0.087049 0.747047 -0.659048
vn -0.248187 0.867018 -0.432069
vn -0.088263 0.746002 -0.660068
vn -0.088960 0.745860 -0.660135
vn -0.156795 0.899654 -0.407477
vn 0.105091 0.878334 -0.466353
vn -0.093980 0.746521 -0.658691
vn 0.201950 0.784833 -0.585879
vn -0.095387 0.747778 -0.657061
vn 0.147821 0.604163 -0.783030
vn -0.094386 0.750708 -0.653857
vn -0.011051 0.530359 -0.847701
vn -0.092741 0.752495 -0.652035
vn -0.109454 0.518670 -0.847939
vn -0.092483 0.752619 -0.651930
vn -0.339085 0.590518 -0.732332
vn -0.087956 0.749724 -0.655880
vn -0.372140 0.643376 -0.669013
vn -0.085893 0.748043 -0.658069
vn -0.380717 0.706355 -0.596756
vn -0.086364 0.748372 -0.657633
vn -0.362322 0.764031 -0.533834
vn -0.086303 0.747563 -0.658560
vn -0.088357 0.746170 -0.659867
vn -0.091739 0.746275 -0.659286
vn -0.093967 0.750632 -0.654005
vn -0.091785 0.752785 -0.651836
vn -0.092459 0.752478 -0.652095
vn -0.091086 0.752114 -0.652708
vn -0.086213 0.748131 -0.657927
vn -0.086548 0.747607 -0.658478
vn -0.089764 0.745985 -0.659886
vn -0.112150 0.907760 -0.404221
vn 0.211352 0.755484 -0.620140
vn -0.093077 0.748377 -0.656710
vn 0.068045 0.893393 -0.444094
vn -0.092933 0.747360 -0.657887
vn -0.056407 0.523031 -0.850445
vn -0.092052 0.752525 -0.652099
vn -0.358486 0.614708 -0.702582
vn -0.087935 0.746722 -0.659298
vn 0.170325 0.627588 -0.759686
vn -0.095672 0.748251 -0.656480
vn -0.379988 0.675816 -0.631571
vn -0.085817 0.749270 -0.656681
vn -0.091726 0.752279 -0.652428
vn -0.092613 0.752438 -0.652120
vn -0.095930 0.749908 -0.654550
vn -0.095111 0.749941 -0.654632
vn -0.095077 0.747964 -0.656895
vn -0.094532 0.747362 -0.657658
vn -0.093737 0.746677 -0.658549
vn -0.089705 0.745872 -0.660022
vn -0.089015 0.746001 -0.659969
vn -0.087306 0.747124 -0.658926
vn -0.086571 0.748282 -0.657708
vn -0.088474 0.749577 -0.655978
vn -0.969919 0.216252 0.111770
vn -0.725907 -0.672607 0.143734
vn -0.694399 -0.707092 0.133533
vn -0.660873 -0.737571 0.138694
vn -0.677078 -0.728863 0.101608
vn -0.714866 -0.697319 -0.052091
vn -0.762225 -0.643306 -0.071908
vn -0.967060 0.213289 -0.138933
vn -0.936812 0.307305 -0.167175
vn -0.930595 0.341731 -0.131200
vn -0.922682 0.383054 0.043912
vn -0.907674 0.399000 0.130103
vn -0.941346 0.299923 0.154644
vn -0.972442 0.129676 0.193754
vn -0.981918 -0.031362 0.186693
vn -0.992705 0.058173 -0.105609
vn -0.702520 -0.711188 0.026012
vn -0.758548 -0.650510 0.037976
vn -0.999047 -0.028302 0.033219
vn -0.978642 0.204400 -0.021910
vn -0.928959 0.364258 -0.065962
vn -0.976152 -0.111102 0.186506
vn -0.985232 -0.156641 -0.069149
vn -0.926782 -0.315395 0.203965
vn -0.930553 -0.307890 0.198178
vn -0.957524 -0.281221 0.063737
vn -0.949653 -0.309002 -0.051732
vn -0.854380 -0.478301 0.203132
vn -0.884181 -0.463931 -0.054697
vn -0.765719 -0.622635 0.161246
vn -0.828005 -0.525718 0.195008
vn -0.862376 -0.502514 0.061541
vn -0.812207 -0.578838 -0.072564
vn -0.974636 0.177854 -0.135839
vn -0.993684 -0.035087 -0.106588
vn -0.962094 -0.266918 -0.055953
vn -0.872677 -0.484288 -0.062452
vn -0.781985 -0.620723 -0.056593
vn -0.719324 -0.688799 -0.090162
vn -0.202553 0.632580 -0.747539
vn -0.120279 0.385801 -0.914708
vn -0.084707 0.294982 -0.951741
vn -0.072710 0.286769 -0.955237
vn -0.054158 0.242487 -0.968642
vn -0.008052 0.087387 -0.996142
vn 0.079301 -0.233395 -0.969143
vn 0.193810 -0.827394 -0.527121
vn 0.133226 -0.451247 -0.882399
vn 0.194093 -0.879300 -0.434925
vn 0.187956 -0.957912 -0.216974
vn 0.174080 -0.983287 0.053319
vn 0.152298 -0.924486 0.349472
vn 0.110783 -0.766595 0.632503
vn 0.057144 -0.560360 0.826276
vn 0.017630 -0.393519 0.919147
vn 0.020390 -0.300280 0.953633
vn 0.020462 -0.187830 0.981988
vn -0.034110 0.023665 0.999138
vn -0.172385 0.419236 0.891361
vn -0.301362 0.777513 0.551955
vn -0.343398 0.918941 0.193970
vn -0.340124 0.938831 -0.053961
vn -0.321108 0.921789 -0.217244
vn -0.279319 0.848317 -0.449822
vn -0.948486 -0.123470 -0.291770
vn -0.069405 0.294593 -0.953099
vn -0.081089 0.314118 -0.945914
vn -0.941353 0.106460 -0.320188
vn -0.105707 0.380213 -0.918839
vn -0.869568 0.364267 -0.333407
vn -0.173014 0.599482 -0.781465
vn -0.802895 0.566492 -0.185598
vn -0.260233 0.855348 -0.447949
vn -0.742850 0.665694 -0.070882
vn -0.305270 0.938529 -0.161165
vn -0.762469 0.646151 -0.033601
vn -0.337934 0.941147 0.006598
vn -0.780657 0.623583 -0.041463
vn -0.343207 0.908972 0.236597
vn -0.796272 0.604433 -0.024720
vn -0.276175 0.767407 0.578630
vn -0.815961 0.572442 0.080731
vn -0.129936 0.366336 0.921365
vn -0.853103 0.432456 0.291886
vn -0.020307 -0.019359 0.999606
vn -0.884319 0.091474 0.457835
vn 0.014998 -0.230992 0.972840
vn -0.853641 -0.242104 0.461175
vn 0.021536 -0.335022 0.941964
vn -0.817354 -0.436101 0.376496
vn 0.028253 -0.404540 0.914084
vn -0.752457 -0.590231 0.292295
vn 0.056203 -0.552813 0.831408
vn -0.666182 -0.711838 0.222460
vn 0.112406 -0.759844 0.640314
vn -0.593140 -0.796371 0.118231
vn 0.160888 -0.924128 0.346559
vn -0.586958 -0.809606 -0.004355
vn 0.180261 -0.982788 0.040428
vn -0.613277 -0.788930 -0.038488
vn 0.192501 -0.953677 -0.231177
vn -0.609630 -0.792569 -0.013635
vn 0.199160 -0.870641 -0.449800
vn -0.571723 -0.820421 0.006413
vn 0.198575 -0.831751 -0.518419
vn -0.550969 -0.832484 -0.058345
vn 0.133223 -0.451243 -0.882401
vn -0.595136 -0.767429 -0.238465
vn 0.068791 -0.175731 -0.982032
vn -0.722389 -0.589035 -0.362204
vn -0.010993 0.105587 -0.994349
vn -0.862887 -0.352029 -0.362631
vn -0.052150 0.238590 -0.969719
vn -0.953606 0.260840 -0.150328
vn -0.993852 0.010909 -0.110181
vn -0.974600 -0.209791 -0.078374
vn -0.901617 -0.414599 -0.123269
vn -0.783368 -0.601287 -0.157443
vn -0.665147 -0.738354 -0.111413
vn -0.600114 -0.799910 0.002695
vn -0.613267 -0.788448 0.047476
vn -0.649787 -0.760110 0.002957
vn -0.653557 -0.755484 -0.045911
vn -0.637623 -0.769776 -0.029686
vn -0.667070 -0.742624 0.059390
vn -0.741072 -0.660617 0.119990
vn -0.824008 -0.543187 0.161114
vn -0.895206 -0.396416 0.203618
vn -0.940464 -0.222266 0.257149
vn -0.965626 0.034569 0.257625
vn -0.931215 0.325896 0.163188
vn -0.883662 0.468101 -0.004732
vn -0.859433 0.506552 -0.069142
vn -0.848978 0.525860 -0.052026
vn -0.832529 0.553979 -0.001305
vn -0.816994 0.576644 0.001626
vn -0.879735 0.470342 -0.069595
vn -0.995727 -0.063277 0.067255
vn -0.834564 0.219478 0.505303
vn -0.453802 0.430896 0.779995
vn 0.051980 0.526951 0.848304
vn 0.535483 0.477023 0.696927
vn 0.868766 0.319325 0.378519
vn 0.995872 0.060404 -0.067757
vn 0.838926 -0.225378 -0.495387
vn 0.461616 -0.434617 -0.773317
vn -0.041896 -0.530991 -0.846341
vn -0.526177 -0.491658 -0.693837
vn -0.875891 -0.320662 -0.360542
vn -0.952973 0.079042 0.292566
vn -0.060065 0.518581 0.852916
vn -0.341390 0.467879 0.815194
vn 0.301970 0.519567 0.799290
vn 0.968834 0.194669 0.153182
vn 0.955312 -0.079597 -0.284680
vn 0.207982 -0.500135 -0.840600
vn -0.284589 -0.529071 -0.799433
vn -0.970064 -0.194634 -0.145238
vn -0.939298 0.111515 -0.324475
vn -0.973320 -0.185580 -0.134935
vn -0.960823 0.240744 -0.137338
vn -0.995618 -0.059140 0.072433
vn -0.928426 0.365010 0.069226
vn -0.953846 0.080006 0.289442
vn -0.831517 0.463267 0.306533
vn -0.838641 0.218890 0.498767
vn -0.442390 0.679982 0.584736
vn -0.446657 0.431798 0.783612
vn -0.208188 0.771814 0.600800
vn -0.060369 0.518647 0.852855
vn -0.330500 0.466825 0.820271
vn 0.024710 0.797335 0.603030
vn 0.047597 0.527032 0.848511
vn 0.249353 0.786938 0.564404
vn 0.287827 0.523360 0.802029
vn 0.484193 0.713195 0.506863
vn 0.522248 0.483013 0.702819
vn 0.815125 0.553600 0.170586
vn 0.871016 0.316246 0.375925
vn 0.878623 0.473589 -0.061110
vn 0.969134 0.192134 0.154477
vn 0.900029 0.349328 -0.260609
vn 0.996000 0.062291 -0.064057
vn 0.863614 0.226435 -0.450443
vn 0.958438 -0.071468 -0.276204
vn 0.777764 0.050085 -0.626558
vn 0.845515 -0.216302 -0.488178
vn 0.399925 -0.162847 -0.901965
vn 0.452925 -0.439052 -0.775946
vn 0.165010 -0.178574 -0.969991
vn 0.199075 -0.503528 -0.840731
vn -0.059186 -0.212200 -0.975432
vn -0.044767 -0.530954 -0.846217
vn -0.276492 -0.213852 -0.936920
vn -0.283395 -0.527231 -0.801071
vn -0.509200 -0.225419 -0.830603
vn -0.523757 -0.489964 -0.696860
vn -0.864198 -0.039473 -0.501601
vn -0.883868 -0.311066 -0.349308
vn 0.119281 0.991804 0.045799
vn 0.279574 0.960090 0.008122
vn 0.499199 0.842076 -0.204226
vn 0.531056 0.771754 -0.349821
vn 0.537553 0.693642 -0.479477
vn 0.516640 0.613451 -0.597295
vn 0.467538 0.505826 -0.724947
vn 0.226217 0.363836 -0.903576
vn 0.067594 0.348773 -0.934766
vn -0.076269 0.336579 -0.938561
vn -0.215077 0.335333 -0.917221
vn -0.375835 0.335319 -0.863892
vn -0.610025 0.452606 -0.650398
vn -0.649229 0.550251 -0.525095
vn -0.658727 0.634408 -0.404481
vn -0.640531 0.716841 -0.275425
vn -0.590220 0.797692 -0.123807
vn -0.335721 0.939690 0.065383
vn -0.174531 0.981865 0.074030
vn -0.023814 0.997387 0.068208
vn -0.063954 0.829169 -0.555327
vn 0.407557 0.910239 -0.073234
vn 0.673648 0.635236 0.377721
vn 0.714493 0.415221 0.563109
vn 0.717895 0.412220 0.560982
vn -0.485158 0.874411 -0.005168
vn -0.664545 0.569507 0.483778
vn -0.665419 0.337690 0.665720
vn -0.665329 0.336436 0.666445
vn 0.370195 0.418082 -0.829556
vn 0.620741 -0.088486 -0.779006
vn 0.673860 -0.340423 -0.655763
vn 0.672779 -0.342473 -0.655805
vn -0.510189 0.372134 -0.775386
vn -0.708769 -0.170433 -0.684543
vn -0.724716 -0.419131 -0.546915
vn -0.718876 -0.423156 -0.551504
vn -0.717074 0.587005 -0.375806
vn -0.718217 0.548502 -0.428147
vn -0.920263 0.339105 -0.195253
vn -0.673633 0.704111 -0.224603
vn -0.712418 0.618433 -0.331666
vn -0.876806 0.480556 -0.016632
vn -0.652970 0.736235 -0.177733
vn -0.773040 0.614163 0.158785
vn -0.837905 0.539139 0.085114
vn -0.614265 0.733423 0.291153
vn -0.574896 0.817026 0.044318
vn -0.414013 0.878708 0.237626
vn -0.511273 0.793458 0.330189
vn -0.472551 0.872015 0.127613
vn -0.396779 0.884926 0.243869
vn -0.332477 0.878346 0.343464
vn -0.281394 0.958332 0.049174
vn -0.124374 0.992093 0.016827
vn -0.244586 0.956392 0.159661
vn -0.246042 0.968861 0.027781
vn 0.133791 0.990249 -0.038826
vn 0.261554 0.965092 -0.013653
vn 0.486909 0.873437 -0.005334
vn 0.605712 0.793057 0.064601
vn 0.701221 0.704100 0.111947
vn 0.641071 0.750177 -0.162057
vn 0.808941 0.584109 0.066565
vn 0.696509 0.654016 -0.295192
vn 0.802623 0.571273 -0.171592
vn 0.810904 0.521956 -0.264568
vn 0.861854 0.495509 -0.108070
vn 0.739667 0.436619 -0.512111
vn 0.866972 0.376726 -0.326248
vn 0.909964 0.144078 -0.388854
vn 0.948167 0.188023 -0.256178
vn 0.698808 0.301090 -0.648854
vn 0.734903 0.390752 -0.554284
vn 0.897420 0.054468 -0.437801
vn 0.676675 0.035165 -0.735442
vn 0.612851 0.265604 -0.744223
vn 0.720673 -0.171107 -0.671828
vn 0.583800 0.270850 -0.765387
vn 0.810925 -0.124120 -0.571835
vn 0.419648 0.160198 -0.893438
vn 0.612085 -0.241836 -0.752906
vn 0.287257 -0.033739 -0.957259
vn 0.299198 -0.368678 -0.880089
vn 0.204320 -0.349217 -0.914495
vn 0.096052 0.084091 -0.991818
vn 0.000883 -0.168534 -0.985695
vn -0.108005 -0.230328 -0.967101
vn -0.143735 0.040470 -0.988788
vn -0.284087 0.128249 -0.950183
vn -0.358242 0.136546 -0.923590
vn -0.356848 -0.354907 -0.864119
vn -0.569052 -0.300590 -0.765392
vn -0.524153 0.137539 -0.840445
vn -0.518554 -0.261340 -0.814128
vn -0.624442 -0.204050 -0.753947
vn -0.568198 0.257968 -0.781411
vn -0.699833 -0.158627 -0.696470
vn -0.743834 -0.127978 -0.655997
vn -0.637055 0.388657 -0.665662
vn -0.889349 0.036216 -0.455793
vn -0.834407 -0.065511 -0.547241
vn -0.723121 0.465488 -0.510311
vn -0.917187 0.176649 -0.357160
vn -0.909431 0.118388 -0.398647
vn -0.928446 0.205066 -0.309737
vn -0.921398 -0.382231 0.070184
vn -0.845275 -0.515045 -0.142266
vn -0.866585 -0.030067 -0.498122
vn -0.699833 -0.158627 -0.696470
vn -0.772881 -0.101490 -0.626382
vn -0.757208 -0.590582 -0.279014
vn -0.676002 -0.652647 -0.342159
vn -0.616251 -0.221980 -0.755618
vn -0.518554 -0.261340 -0.814128
vn -0.580637 -0.707276 -0.403263
vn -0.479043 -0.745800 -0.462927
vn -0.242639 -0.813187 -0.529012
vn -0.411867 -0.347300 -0.842466
vn -0.355943 -0.795536 -0.490334
vn -0.301577 -0.363609 -0.881385
vn -0.108805 -0.349707 -0.930519
vn -0.040292 -0.827710 -0.559708
vn 0.210768 -0.338768 -0.916958
vn 0.203067 -0.829096 -0.520925
vn 0.058630 -0.376603 -0.924517
vn 0.391131 -0.789473 -0.473022
vn 0.391107 -0.370395 -0.842522
vn 0.474699 -0.758050 -0.447237
vn 0.552490 -0.282151 -0.784312
vn 0.582492 -0.745856 -0.323113
vn 0.699328 -0.661601 -0.270599
vn 0.674960 -0.209039 -0.707623
vn 0.825723 -0.527526 -0.199745
vn 0.810925 -0.124120 -0.571835
vn 0.764562 -0.595418 -0.246824
vn 0.747613 -0.180150 -0.639235
vn 0.896470 0.030139 -0.442079
vn 0.935479 -0.351768 -0.033739
vn 0.890970 -0.443304 -0.098255
vn 0.949834 0.183590 -0.253198
vn 0.960316 -0.253508 0.116304
vn 0.934002 0.357267 0.000493
vn 0.968204 0.236866 -0.080469
vn 0.940276 0.337686 0.043001
vn 0.965772 -0.099930 0.239372
vn 0.890855 0.413931 0.187185
vn 0.886023 0.410921 0.214725
vn 0.937279 0.098619 0.334339
vn 0.769848 0.613152 0.177140
vn 0.645524 0.750235 0.142992
vn 0.768795 0.603816 0.210620
vn 0.308058 0.950072 0.049636
vn 0.623069 0.780178 0.055746
vn -0.008906 0.999934 0.007205
vn 0.194536 0.980801 0.013634
vn -0.260199 0.953419 0.152605
vn -0.257712 0.910120 0.324448
vn -0.454317 0.691497 0.561630
vn -0.451240 0.839867 0.301673
vn -0.509645 0.764745 0.394243
vn -0.538962 0.702433 0.464875
vn -0.544551 0.281281 0.790155
vn -0.611447 0.728946 0.307846
vn -0.652726 0.183194 0.735111
vn -0.757540 0.014724 0.652623
vn -0.796322 0.584318 0.156347
vn -0.899740 0.435310 -0.031177
vn -0.852706 0.026753 0.521706
vn -0.852104 0.520827 0.051549
vn -0.895374 -0.084759 0.437173
vn -0.918695 0.375258 -0.123211
vn -0.936633 0.281508 -0.208498
vn -0.935870 -0.211314 0.281946
vn -0.483197 0.699448 -0.526586
vn -0.714972 0.571855 -0.402239
vn -0.666307 0.556177 -0.496691
vn -0.687625 0.494160 -0.531957
vn -0.575794 0.420652 -0.701080
vn -0.581545 0.439306 -0.684701
vn -0.641014 0.412454 -0.647289
vn -0.547433 0.243782 -0.800554
vn -0.534453 0.378230 -0.755845
vn -0.387310 0.407770 -0.826870
vn -0.551525 0.167976 -0.817071
vn -0.319933 0.141423 -0.936826
vn -0.254865 0.420076 -0.870965
vn -0.105543 0.042933 -0.993488
vn -0.136370 0.430430 -0.892263
vn -0.126603 0.040003 -0.991147
vn -0.249025 0.146163 -0.957404
vn -0.240273 0.411001 -0.879401
vn -0.062343 0.423270 -0.903856
vn 0.017883 0.047943 -0.998690
vn -0.084606 0.419587 -0.903764
vn 0.064355 0.442059 -0.894674
vn 0.092936 0.447663 -0.889360
vn 0.215848 0.097275 -0.971569
vn 0.118721 0.513458 -0.849862
vn 0.488861 0.180432 -0.853498
vn 0.173286 0.545128 -0.820249
vn 0.350526 0.119691 -0.928873
vn 0.279110 0.535822 -0.796864
vn 0.530339 0.206523 -0.822246
vn 0.583800 0.270850 -0.765387
vn 0.553200 0.482648 -0.678985
vn 0.395886 0.697009 -0.597873
vn 0.645452 0.518964 -0.560418
vn 0.311985 0.787835 -0.531019
vn 0.716491 0.636369 -0.285789
vn 0.735677 0.595471 -0.322791
vn 0.257102 0.865081 -0.430737
vn 0.279327 0.863338 -0.420267
vn 0.546797 0.819113 -0.173400
vn 0.638782 0.747595 -0.181821
vn 0.227790 0.897231 -0.378271
vn 0.293953 0.914479 -0.278063
vn 0.466415 0.877231 -0.113677
vn 0.158902 0.943221 -0.291693
vn 0.011010 0.963604 -0.267107
vn 0.171291 0.968371 -0.181432
vn 0.183079 0.974850 -0.127082
vn -0.160637 0.938105 -0.306845
vn -0.183064 0.982977 0.015599
vn -0.214118 0.917118 -0.336226
vn -0.295159 0.953740 0.057097
vn -0.368518 0.900864 -0.229433
vn -0.381750 0.923976 0.023149
vn -0.471436 0.881646 -0.021167
vn -0.391492 0.849215 -0.354355
vn -0.517035 0.853881 -0.059674
vn -0.568105 0.804585 -0.172916
vn -0.466618 0.808576 -0.358430
vn -0.590158 0.778036 -0.215345
vn -0.678705 0.703341 -0.211355
vn -0.628384 0.696924 -0.345587
vn -0.406442 0.766888 -0.496677
vn -0.549406 0.709037 -0.442063
vn -0.319809 0.791697 -0.520517
vn -0.431351 0.778921 -0.455212
vn -0.231731 0.836312 -0.496873
vn -0.236713 0.809387 -0.537456
vn -0.373686 0.848586 -0.374514
vn -0.275332 0.819086 -0.503280
vn -0.296982 0.890086 -0.345757
vn -0.219485 0.844230 -0.488980
vn -0.323130 0.922244 -0.212255
vn -0.411880 0.877517 -0.245600
vn -0.291373 0.767935 -0.570419
vn -0.286388 0.764582 -0.577405
vn -0.460381 0.708988 -0.534214
vn -0.472624 0.675156 -0.566384
vn -0.346682 0.728779 -0.590502
vn -0.276813 0.747659 -0.603640
vn 0.793840 0.592045 0.138929
vn 0.337152 0.834486 -0.435847
vn 0.700047 -0.103710 -0.706525
vn 0.019108 0.744287 -0.667586
vn 0.482342 0.401304 -0.778654
vn 0.911143 0.259661 -0.319991
vn -0.072036 0.745675 -0.662404
vn -0.193495 0.696482 -0.690994
vn -0.142229 -0.421005 -0.895838
vn -0.214936 0.692528 -0.688627
vn -0.852812 -0.141971 -0.502550
vn -0.213261 0.755752 -0.619159
vn -0.793191 -0.198300 -0.575782
vn -0.762632 0.539894 0.356240
vn -0.389803 0.881253 -0.267296
vn 0.254484 0.821351 0.510510
vn -0.029885 0.997924 -0.057051
vn 0.322855 -0.302731 -0.896727
vn -0.071673 0.715331 -0.695100
vn 0.222364 0.258079 -0.940186
vn -0.985160 0.100451 -0.139174
vn -0.954446 -0.007736 -0.298283
vn -0.208635 0.778718 -0.591667
vn 0.504468 0.835413 -0.218166
vn -0.595177 -0.342584 -0.726912
vn -0.204454 0.713984 -0.669646
vn -0.222021 0.714155 -0.663844
vn -0.209372 0.710190 -0.672156
vn 0.471679 0.780222 0.410820
vn 0.203177 0.942363 -0.265842
vn -0.192964 0.719672 -0.666961
vn -0.434122 0.108455 -0.894302
vn -0.026616 -0.368559 -0.929223
vn -0.164207 0.704770 -0.690171
vn 0.187897 0.806835 -0.560100
vn 0.086586 0.826821 -0.555761
vn 0.274610 0.852728 -0.444348
vn 0.130992 0.921381 -0.365920
vn 0.056006 0.888354 -0.455731
vn -0.444962 0.474720 -0.759374
vn -0.322200 0.617187 -0.717821
vn -0.489445 0.464363 -0.738113
vn -0.492577 0.457565 -0.740272
vn -0.069474 0.587225 -0.806437
vn -0.074279 0.657751 -0.749564
vn 0.096489 0.470514 -0.877101
vn 0.008050 0.651032 -0.759007
vn 0.083548 0.630691 -0.771524
vn 0.279036 0.535749 -0.796939
vn 0.291233 0.580395 -0.760476
vn -0.091692 0.731168 -0.676007
vn 0.330610 0.587307 -0.738761
vn 0.209138 0.674124 -0.708391
vn 0.036499 0.809483 -0.586008
vn 0.131241 0.742810 -0.656513
vn 0.392376 0.628320 -0.671756
vn 0.332714 0.308714 -0.891065
vn 0.138742 0.397316 -0.907133
vn -0.206907 0.800459 -0.562543
vn -0.800532 0.582711 -0.139987
vn -0.830673 0.508899 0.225840
vn -0.073223 0.825084 -0.560245
vn -0.278607 0.878485 -0.388128
vn -0.942065 0.236093 -0.238274
vn -0.950893 0.295880 -0.090872
vn -0.022379 0.844910 -0.534439
vn -0.022168 0.837523 -0.545952
vn 0.001033 0.841655 -0.540015
vn 0.104926 0.869761 -0.482189
vn 0.085208 0.879340 -0.468510
vn 0.234805 0.888087 -0.395180
vn -0.660800 0.395377 -0.637981
vn 0.024948 0.855234 -0.517641
vn -0.013013 0.851583 -0.524058
vn 0.031612 0.911831 -0.409347
vn 0.007763 0.861843 -0.507116
vn -0.413536 0.268546 -0.869983
vn -0.428087 0.699968 0.571651
vn -0.421277 0.899809 0.113442
vn -0.132325 0.863217 -0.487182
vn 0.271617 0.962400 0.003250
vn 0.440797 0.519434 -0.732042
vn 0.718376 -0.083781 -0.690592
vn -0.039084 0.824676 -0.564253
vn -0.025360 -0.278178 -0.960195
vn -0.161086 -0.234424 -0.958695
vn -0.040137 0.998932 -0.022880
vn -0.197909 0.766333 0.611200
vn -0.099430 0.869697 -0.483468
vn -0.057359 0.735824 -0.674739
vn -0.357653 0.741628 0.567514
vn -0.076302 0.721363 -0.688341
vn -0.609100 0.632732 0.478172
vn -0.009701 0.713885 -0.700196
vn -0.545139 0.810548 -0.214091
vn -0.639711 0.644893 0.418190
vn -0.830207 0.483478 0.277499
vn -0.953603 0.292664 0.070635
vn -0.013603 0.722754 -0.690972
vn -0.956209 0.013144 -0.292391
vn -0.338599 0.697092 -0.631992
vn -0.039283 0.748125 -0.662394
vn -0.041507 0.172973 -0.984052
vn 0.327625 -0.424128 -0.844261
vn -0.024395 0.641760 -0.766518
vn -0.394328 -0.442412 -0.805467
vn -0.212665 0.570684 -0.793154
vn -0.848970 -0.183649 -0.495503
vn -0.490007 0.592687 -0.639230
vn -0.547568 0.536120 -0.642452
vn 0.818808 -0.136748 -0.557542
vn 0.467542 0.499322 -0.729440
vn 0.643151 0.373920 -0.668237
vn -0.749993 0.573553 0.329464
vn -0.212888 0.745032 -0.632144
vn -0.844017 0.479754 0.239732
vn 0.790686 0.588648 0.168253
vn 0.044932 0.790028 -0.611422
vn 0.274489 0.782388 0.559039
vn -0.039586 0.823813 -0.565478
vn 0.487074 0.728849 0.481184
vn -0.057117 0.801274 -0.595566
vn 0.002801 -0.476977 -0.878912
vn -0.203631 0.259469 -0.944039
vn -0.977940 0.208658 -0.009789
vn -0.063052 0.743669 -0.665568
vn 0.574531 0.597231 -0.559669
vn 0.928146 0.039690 -0.370093
vn -0.868386 0.414950 -0.271518
vn -0.208508 0.742808 -0.636208
vn 0.601148 0.744672 -0.289974
vn 0.797073 0.598341 0.081629
vn -0.067064 0.787839 -0.612218
vn -0.166460 0.687266 -0.707077
vn 0.315555 -0.228563 -0.920969
vn -0.323895 0.765118 -0.556494
vn -0.462535 0.730251 -0.502787
vn -0.549406 0.709037 -0.442063
vn -0.387094 0.820651 -0.420345
vn -0.259943 0.774871 -0.576198
vn -0.196286 0.763591 -0.615142
vn -0.327881 0.764689 -0.554748
vn -0.253318 0.770776 -0.584581
vn -0.244225 0.795934 -0.553935
vn -0.280587 0.750476 -0.598378
vn -0.251356 0.798006 -0.547728
vn -0.238255 0.761607 -0.602652
vn -0.266689 0.817633 -0.510248
vn -0.294754 0.811130 -0.505161
vn -0.257800 0.776772 -0.574599
vn -0.255140 0.784406 -0.565342
vn -0.259395 0.795760 -0.547248
vn -0.325528 0.777203 -0.538505
vn -0.340533 0.778937 -0.526587
vn -0.326231 0.767687 -0.551570
vn -0.306888 0.776423 -0.550442
vn -0.292493 0.784771 -0.546426
vn -0.333193 0.783825 -0.524024
vn -0.303646 0.778815 -0.548859
vn -0.280223 0.775597 -0.565619
vn -0.276373 0.785607 -0.553570
vn -0.272810 0.771571 -0.574676
vn -0.224255 0.762944 -0.606322
vn -0.289404 0.787771 -0.543748
vn -0.218687 0.794138 -0.567028
vn -0.256980 0.788941 -0.558152
vn -0.294366 0.779018 -0.553606
vn -0.340533 0.778937 -0.526587
vn -0.268518 0.762744 -0.588319
vn -0.225887 0.769025 -0.597976
vn -0.196286 0.763591 -0.615142
vn -0.258655 0.777618 -0.573070
vn 0.863967 0.490529 0.113766
vn 0.862924 0.504489 0.029223
vn 0.948659 0.307282 0.074987
vn 0.718112 0.693089 0.062797
vn 0.134704 0.990298 0.034114
vn 0.527180 0.849682 0.011013
vn 0.546098 0.834431 0.074178
vn -0.235184 0.971514 0.029123
vn -0.582112 0.812714 0.025320
vn -0.573451 0.819060 0.017191
vn -0.789850 0.613048 0.017560
vn -0.728237 -0.637350 0.251903
vn -0.739504 -0.562363 0.369975
vn -0.783753 -0.588822 0.197535
vn -0.816435 -0.493114 0.300453
vn -0.549244 -0.821730 0.151958
vn -0.709808 -0.687495 0.153373
vn -0.449904 -0.882724 0.135587
vn -0.416830 -0.908872 -0.014293
vn -0.569247 -0.822167 -0.000411
vn -0.675181 -0.737651 -0.000929
vn -0.280045 -0.957863 -0.063825
vn -0.371563 -0.928231 0.018120
vn -0.364793 -0.918031 -0.155386
vn -0.416830 -0.908872 -0.014293
vn -0.482448 -0.872205 -0.080644
vn -0.209824 -0.970844 -0.115914
vn -0.227220 -0.944026 -0.239135
vn 0.106780 -0.974904 -0.195345
vn 0.115808 -0.942465 -0.313605
vn -0.109988 -0.964599 -0.239691
vn 0.307395 -0.944132 -0.118837
vn 0.440059 -0.863643 -0.245905
vn 0.469567 -0.882108 -0.037319
vn 0.536969 -0.820110 -0.197699
vn 0.561929 -0.826318 -0.037878
vn 0.688426 -0.716228 -0.114404
vn 0.660784 -0.747340 -0.069622
vn 0.776872 -0.627579 0.051131
vn 0.793286 -0.603413 0.081175
vn 0.839958 -0.525363 0.135886
vn 0.860005 -0.456963 0.227103
vn 0.889952 -0.368445 0.268765
vn 0.908062 -0.314073 0.277097
vn 0.926619 -0.208810 0.312693
vn 0.952600 -0.064601 0.297289
vn 0.954521 -0.215107 0.206440
vn -0.591206 0.119602 0.797603
vn -0.579596 -0.134889 0.803663
vn -0.613680 0.053855 0.787716
vn -0.530886 -0.214726 0.819788
vn -0.665093 -0.012242 0.746660
vn -0.643186 -0.361633 0.674932
vn -0.710117 -0.167041 0.683982
vn -0.685484 -0.459870 0.564475
vn -0.710574 -0.490382 0.504590
vn -0.812370 -0.309133 0.494460
vn -0.823119 -0.364552 0.435405
vn -0.303687 -0.944811 0.122908
vn -0.287824 -0.954547 0.077437
vn -0.324304 -0.945743 -0.019941
vn 0.111963 -0.974967 -0.192103
vn 0.203178 -0.973263 -0.107138
vn 0.356803 -0.933748 -0.028393
vn 0.313731 -0.948534 0.043082
vn 0.464783 -0.885420 -0.002831
vn 0.821618 -0.491790 0.288246
vn 0.008892 -0.335914 0.941851
vn -0.441694 -0.216586 0.870630
vn 0.016477 -0.307997 0.951245
vn 0.008224 -0.273569 0.961817
vn -0.385624 -0.247225 0.888917
vn -0.282181 -0.319187 0.904706
vn 0.123512 -0.112842 0.985906
vn 0.023647 -0.999154 -0.033657
vn -0.293158 -0.150994 0.944065
vn 0.148153 -0.981333 -0.122624
vn -0.306981 -0.132479 0.942450
vn -0.019435 -0.194936 0.980623
vn -0.865822 -0.405220 0.293510
vn 0.430858 -0.898914 -0.079473
vn 0.376401 -0.926417 -0.008586
vn 0.481624 -0.522836 0.703336
vn 0.510965 -0.859437 -0.016789
vn -0.467179 0.134746 -0.873835
vn 0.303106 -0.909636 -0.284060
vn -0.446756 0.238964 -0.862152
vn -0.632211 0.044622 -0.773510
vn 0.406386 -0.887282 -0.218132
vn 0.269780 -0.103482 0.957345
vn 0.271062 -0.106414 0.956662
vn 0.122682 -0.951387 0.282512
vn -0.318417 -0.940220 0.120817
vn 0.942442 -0.274107 0.191488
vn 0.236360 -0.961076 0.143065
vn 0.945960 -0.297241 0.129646
vn -0.192317 -0.977544 0.086145
vn -0.458073 -0.880811 0.119755
vn -0.653314 -0.602988 0.457805
vn -0.506959 -0.533105 0.677342
vn -0.331759 -0.874569 -0.353645
vn 0.423859 0.059817 -0.903751
vn -0.326600 -0.921576 -0.209833
vn -0.383000 -0.890042 -0.247259
vn 0.747969 -0.144248 0.647869
vn 0.520714 -0.745630 0.415804
vn -0.232562 -0.957755 0.169177
vn -0.537009 -0.165498 0.827183
vn -0.740954 -0.241051 0.626803
vn 0.332040 -0.943089 0.018233
vn 0.749034 -0.163859 0.641949
vn 0.529855 -0.117906 0.839852
vn -0.102113 -0.988130 0.114772
vn -0.157103 -0.987158 -0.028953
vn -0.306981 -0.132479 0.942450
vn 0.202975 -0.973384 -0.106415
vn -0.528822 -0.176309 0.830218
vn 0.259227 -0.962942 -0.074461
vn 0.891747 -0.191678 0.409936
vn 0.889853 -0.209426 0.405342
vn 0.432688 -0.868777 0.240845
vn -0.234751 -0.956721 0.171980
vn -0.846584 -0.320765 0.424742
vn -0.739009 -0.260270 0.621390
vn 0.370343 -0.927176 0.056481
vn 0.360399 -0.932453 0.025387
vn -0.876746 -0.439161 -0.196095
vn -0.876636 -0.479223 -0.043066
vn 0.465109 -0.862388 -0.199902
vn 0.456278 -0.878814 -0.139627
vn 0.291804 -0.956465 -0.004933
vn 0.554048 -0.828416 -0.082201
vn 0.682898 -0.722600 -0.107231
vn 0.832110 -0.497460 -0.245206
vn 0.934024 -0.342964 -0.099877
vn -0.310127 -0.949709 -0.043297
vn -0.268412 -0.957457 0.105980
vn -0.443694 -0.894780 0.050041
vn -0.741945 -0.292674 -0.603208
vn -0.848017 -0.393961 -0.354488
vn 0.497710 -0.846243 -0.190150
vn 0.539124 -0.821603 -0.185238
vn 0.770507 -0.632760 0.077025
vn -0.475988 -0.878706 -0.036203
vn -0.631432 -0.763093 0.137778
vn 0.847109 -0.413720 -0.333531
vn -0.369649 -0.925892 -0.077996
vn -0.410720 -0.896179 -0.167845
vn 0.685767 -0.388081 -0.615725
vn 0.064049 -0.929826 -0.362384
vn 0.066304 0.352009 -0.933645
vn -0.197910 -0.334867 -0.921247
vn 0.069462 -0.948059 -0.310418
vn 0.084779 -0.928339 -0.361938
vn -0.022556 -0.405637 0.913756
vn 0.181185 -0.408445 0.894620
vn -0.130760 -0.928984 -0.346252
vn 0.314179 -0.865590 0.389929
vn 0.084779 -0.928339 -0.361938
vn -0.238026 0.308853 -0.920844
vn 0.147142 -0.932185 -0.330726
vn -0.446756 0.238964 -0.862152
vn -0.331759 -0.874569 -0.353645
vn -0.172095 -0.489019 0.855128
vn -0.146857 -0.939680 -0.308926
vn -0.159345 -0.714396 -0.681357
vn 0.362644 0.208610 -0.908279
vn -0.119591 -0.926146 -0.357704
vn -0.632211 0.044622 -0.773510
vn -0.711440 -0.155336 -0.685364
vn 0.434574 -0.869737 -0.233886
vn 0.690227 -0.657772 0.301533
vn 0.448966 -0.859462 -0.244449
vn 0.769607 -0.582804 0.260855
vn -0.466767 -0.872388 -0.145148
vn -0.640904 -0.684581 0.347262
vn -0.223678 -0.837512 -0.498540
vn 0.698456 -0.259356 -0.667004
vn -0.390623 -0.888492 -0.240823
vn -0.771987 0.354786 0.527412
vn -0.734141 0.341311 0.586978
vn -0.628881 0.728980 0.270364
vn -0.693238 0.598967 0.400822
vn -0.810737 0.459887 0.362229
vn -0.230866 0.962120 0.145007
vn -0.307123 0.950296 0.051111
vn -0.506794 0.850476 0.140892
vn -0.022975 0.999576 0.017861
vn 0.392614 0.919693 0.004289
vn 0.380919 0.924002 0.033480
vn 0.781831 0.621372 0.051352
vn 0.787573 0.615696 0.025448
vn 0.786099 0.597915 0.156671
vn 0.910324 0.381910 0.159549
vn 0.982283 0.121114 0.143011
vn 0.978853 -0.112663 0.170745
vn 0.989462 -0.133389 0.056330
vn 0.991641 0.096341 0.085827
vn 0.826514 0.557292 0.079376
vn 0.932473 0.345482 0.105529
vn 0.937675 0.343033 0.055632
vn -0.030682 0.999391 0.016596
vn 0.419352 0.907799 0.006690
vn -0.297762 0.954143 0.030813
vn -0.314653 0.949040 0.017772
vn -0.509498 0.859521 0.040445
vn -0.660789 0.719429 0.213962
vn -0.808857 0.571064 0.140126
vn -0.552244 -0.117229 0.825399
vn -0.206919 -0.651467 0.729914
vn -0.000056 -0.441193 0.897412
vn -0.759385 -0.029185 0.649987
vn -0.586416 -0.540998 0.602857
vn -0.626950 -0.473046 0.619001
vn -0.723963 -0.467276 0.507475
vn -0.364226 -0.397165 0.842378
vn -0.540281 -0.380989 0.750296
vn -0.565390 -0.254107 0.784706
vn 0.016371 -0.382182 0.923942
vn 0.168034 -0.375512 0.911458
vn 0.161662 -0.421497 0.892303
vn 0.493895 -0.591325 0.637497
vn 0.712996 -0.535789 0.452291
vn -0.307446 -0.388550 0.868623
vn -0.258992 -0.595673 0.760327
vn 0.547846 -0.818515 0.172909
vn 0.835749 -0.465020 0.292027
vn 0.874509 -0.483977 0.031624
vn 0.790750 -0.559622 0.248066
vn -0.076218 -0.997029 0.011139
vn -0.025236 -0.886487 0.462065
vn 0.208964 -0.947038 0.243830
vn 0.492245 -0.862271 0.119098
vn -0.066590 -0.106689 0.992060
vn -0.254455 -0.246837 0.935053
vn -0.483031 -0.414073 0.771508
vn -0.373739 -0.452272 0.809796
vn -0.314085 -0.610876 0.726761
vn -0.511849 -0.555324 0.655459
vn -0.030108 -0.887831 0.459185
vn 0.029785 -0.656051 0.754128
vn 0.482523 -0.807432 0.339448
vn 0.579857 -0.677534 0.452453
vn 0.790750 -0.559622 0.248066
vn 0.789738 -0.502804 0.351430
vn 0.866666 -0.410888 0.282952
vn 0.835749 -0.465020 0.292027
vn 0.869126 -0.492579 0.044557
vn 0.966333 -0.214583 0.141967
vn -0.833842 -0.545658 -0.083460
vn -0.825511 -0.557104 -0.090368
vn -0.390384 0.611302 -0.688411
vn -0.492282 0.802754 -0.336519
vn -0.558685 -0.348817 0.752461
vn -0.386505 -0.238551 0.890903
vn -0.404345 0.781885 0.474512
vn -0.685966 -0.561790 0.462433
vn -0.302845 0.516230 0.801119
vn 0.075790 -0.980760 -0.179905
vn -0.135749 -0.988979 -0.059092
vn -0.755074 -0.533355 0.381308
vn -0.834487 -0.537431 0.121656
vn -0.428610 0.822711 0.373416
vn -0.760392 -0.522258 0.386072
vn -0.497463 0.860484 0.109993
vn -0.834487 -0.537431 0.121656
vn -0.882631 -0.449660 -0.136998
vn -0.939596 0.315474 0.132801
vn -0.468162 0.807453 -0.358949
vn -0.988446 0.149003 -0.027785
vn -0.979466 -0.198807 -0.033506
vn -0.988065 0.149866 -0.035616
vn -0.976494 0.152094 -0.152728
vn -0.976853 -0.168396 -0.131912
vn -0.972326 -0.158706 -0.171449
vn -0.236992 0.158328 -0.958523
vn -0.261901 0.186943 -0.946816
vn -0.236013 0.234900 -0.942931
vn -0.974572 0.222927 -0.022657
vn -0.907429 0.227478 -0.353309
vn -0.330014 -0.077602 -0.940781
vn -0.316856 -0.117304 -0.941192
vn -0.861163 -0.494276 -0.118701
vn -0.378080 0.524409 -0.762923
vn -0.308839 0.374589 -0.874243
vn -0.016576 -0.227837 0.973558
vn -0.274085 -0.302570 0.912868
vn 0.938144 -0.341911 0.054616
vn 0.980885 -0.191306 0.035583
vn 0.979069 -0.190833 0.070752
vn 0.996691 0.053479 0.061217
vn 0.980885 -0.191306 0.035583
vn 0.746159 -0.664266 0.044692
vn 0.902131 -0.426698 0.063944
vn 0.903458 -0.427222 0.035285
vn 0.179414 -0.983574 0.019810
vn -0.423614 -0.905313 -0.030979
vn -0.260809 -0.961964 0.081260
vn 0.166190 -0.984952 0.047443
vn 0.659046 -0.750088 0.055006
vn -0.773152 -0.634219 0.001538
vn -0.920332 -0.391136 0.001166
vn -0.423614 -0.905313 -0.030979
vn -0.569759 -0.818621 0.072344
vn -0.772123 -0.635298 -0.014935
vn -0.797656 0.603090 0.005258
vn -0.938621 0.343885 -0.027091
vn -0.938568 0.343830 0.029507
vn -0.981677 -0.190337 -0.009078
vn -0.988184 0.152696 0.013305
vn -0.988756 0.149340 -0.007718
vn -0.921764 -0.387277 0.019158
vn -0.965629 -0.259546 -0.014014
vn -0.939187 0.343405 -0.000788
vn -0.988291 0.152382 -0.007777
vn 0.867579 0.459070 0.191209
vn 0.867795 0.456225 0.196953
vn 0.956291 0.222515 0.189724
vn 0.556750 0.819284 0.137121
vn 0.869389 0.471157 0.148910
vn 0.135101 0.982085 0.131366
vn 0.556928 0.812345 0.172996
vn 0.563174 0.824785 0.050634
vn -0.231584 0.963340 0.135445
vn -0.552345 0.832131 0.049728
vn -0.553338 0.818712 0.153386
vn -0.534447 0.825543 0.181232
vn -0.552345 0.832131 0.049728
vn -0.769967 0.612624 0.178444
vn -0.779034 0.620673 0.088720
vn 0.885177 -0.433584 0.168720
vn 0.928099 -0.288514 0.235354
vn 0.969545 -0.172395 0.173961
vn 0.958370 0.187449 0.215384
vn 0.963939 -0.180313 0.195724
vn 0.647934 -0.749919 0.133431
vn 0.804933 -0.556026 0.207166
vn 0.200168 -0.970766 0.132465
vn -0.396015 -0.900720 0.178535
vn -0.402206 -0.911274 0.088373
vn 0.188273 -0.971069 0.146895
vn 0.643767 -0.757893 0.105653
vn 0.635966 -0.748994 0.185894
vn -0.709570 -0.684045 0.169096
vn -0.758179 -0.637063 0.138983
vn -0.720865 -0.647828 0.246317
vn -0.895966 -0.413364 0.162403
vn -0.418842 -0.896172 0.146445
vn -0.743615 -0.649896 0.157071
vn -0.778745 0.608817 0.151321
vn -0.770360 0.611605 0.180235
vn -0.924303 0.350177 0.151789
vn -0.981205 0.121483 0.149928
vn -0.970506 -0.195101 0.141609
vn -0.893971 -0.418962 0.159017
vn -0.951867 -0.283566 0.116361
vn -0.967260 -0.201162 0.154730
vn -0.918356 0.361925 0.160100
vn -0.966481 0.220310 0.131825
vn 0.740242 0.095433 0.665533
vn 0.705649 0.366592 0.606358
vn 0.846676 0.102062 0.522228
vn 0.420164 0.515619 0.746725
vn 0.636853 0.349794 0.687068
vn 0.654726 0.519127 0.549400
vn 0.210296 0.674589 0.707606
vn 0.421981 0.511235 0.748713
vn 0.509202 0.643287 0.571747
vn -0.176396 0.803159 0.569052
vn -0.143038 0.698114 0.701553
vn -0.380454 0.664899 0.642778
vn -0.301097 0.556029 0.774708
vn -0.404444 0.710028 0.576442
vn -0.301097 0.556029 0.774708
vn -0.512127 0.421452 0.748401
vn -0.621324 0.534844 0.572623
vn -0.506976 0.422530 0.751295
vn 0.744487 -0.230700 0.626512
vn 0.743126 -0.439241 0.504807
vn 0.801907 0.103675 0.588384
vn 0.801429 -0.145826 0.580040
vn 0.465960 -0.605356 0.645311
vn 0.619126 -0.389988 0.681610
vn 0.734488 -0.416579 0.535714
vn 0.161414 -0.812749 0.559808
vn -0.054586 -0.722379 0.689339
vn -0.252291 -0.598051 0.760713
vn -0.405267 -0.731341 0.548542
vn 0.134018 -0.737627 0.661775
vn 0.466719 -0.617266 0.633369
vn -0.494025 -0.467519 0.733052
vn -0.677844 -0.353069 0.644879
vn -0.681483 -0.489101 0.544391
vn -0.251856 -0.598508 0.760497
vn -0.415236 -0.690387 0.592406
vn -0.601682 -0.638202 0.480289
vn -0.564601 0.467516 0.680187
vn -0.632578 0.272267 0.725063
vn -0.688706 0.301516 0.659373
vn -0.755762 0.315590 0.573783
vn -0.682481 0.043728 0.729594
vn -0.677643 -0.149788 0.719975
vn -0.849521 0.067980 0.523157
vn -0.842424 -0.163752 0.513329
vn -0.650284 -0.236754 0.721857
vn -0.798055 -0.290848 0.527747
vn -0.842424 -0.163752 0.513329
vn -0.628112 0.274826 0.727974
vn -0.688613 0.035240 0.724272
vn -0.804250 0.221432 0.551498
vn -0.849521 0.067980 0.523157
vn 0.158986 0.845364 0.509983
vn 0.553437 0.732582 0.396271
vn 0.508504 0.645092 0.570333
vn 0.893578 0.285441 0.346470
vn 0.922403 -0.153982 0.354207
vn 0.923099 0.113121 0.367549
vn 0.922450 -0.153229 0.354410
vn 0.830222 -0.437769 0.345095
vn 0.589486 -0.714532 0.376762
vn 0.597306 -0.702076 0.387704
vn 0.819789 -0.434416 0.373134
vn -0.638591 -0.697724 0.324629
vn -0.854374 -0.412114 0.316556
vn -0.854242 -0.416728 0.310820
vn -0.934879 -0.174603 0.309056
vn -0.931577 0.078994 0.354857
vn -0.923686 -0.167751 0.344475
vn -0.932027 -0.164933 0.322681
vn -0.941333 0.077694 0.328415
vn -0.870938 0.357934 0.336675
vn -0.949034 0.082230 0.304258
vn -0.943656 0.089356 0.318636
vn -0.744920 0.587331 0.316443
vn -0.804005 0.452548 0.385715
vn -0.887922 0.360443 0.285788
vn 0.465977 0.150665 0.871875
vn 0.609591 0.358665 0.706936
vn 0.740242 0.095433 0.665533
vn 0.660181 0.341644 0.668910
vn 0.744372 0.101573 0.659995
vn 0.320248 0.355008 0.878300
vn 0.332559 0.329554 0.883628
vn 0.417861 0.521119 0.744196
vn 0.554201 0.327269 0.765347
vn 0.070416 0.421939 0.903885
vn 0.113724 0.572210 0.812184
vn 0.320248 0.355008 0.878300
vn 0.420147 0.515661 0.746706
vn -0.057641 0.415652 0.907695
vn -0.125973 0.582296 0.803158
vn -0.257649 0.363556 0.895234
vn -0.295327 0.555799 0.777090
vn -0.512127 0.421452 0.748401
vn 0.476498 -0.139850 0.867982
vn 0.509231 -0.113048 0.853173
vn 0.619616 -0.283923 0.731754
vn 0.495509 0.079230 0.864982
vn 0.509231 -0.113048 0.853173
vn 0.744372 0.101573 0.659995
vn 0.734115 -0.146815 0.662964
vn 0.275489 -0.382871 0.881768
vn 0.398098 -0.549478 0.734570
vn 0.380910 -0.319882 0.867515
vn 0.600336 -0.395688 0.695002
vn 0.088479 -0.556130 0.826372
vn -0.108747 -0.431007 0.895772
vn -0.251568 -0.598811 0.760355
vn 0.091292 -0.545310 0.833248
vn 0.337122 -0.482781 0.808252
vn -0.359966 -0.359169 0.861059
vn -0.533688 -0.281957 0.797294
vn -0.144989 -0.453489 0.879390
vn -0.218236 -0.530351 0.819207
vn -0.359966 -0.359169 0.861059
vn -0.495792 -0.462339 0.735141
vn -0.383141 0.259825 0.886394
vn -0.509469 0.422011 0.749899
vn -0.632578 0.272267 0.725063
vn -0.438788 -0.123150 0.890112
vn -0.532431 0.033015 0.845830
vn -0.682481 0.043728 0.729594
vn -0.609070 -0.166683 0.775404
vn -0.438490 0.046990 0.897507
vn -0.550320 0.244426 0.798376
vn -0.698842 0.020768 0.714975
vn 0.147610 0.051528 0.987702
vn 0.266625 0.281124 0.921890
vn 0.481580 0.059683 0.874368
vn 0.474817 0.186892 0.860012
vn 0.073661 0.371300 0.925587
vn 0.265329 0.288864 0.919869
vn -0.163449 0.190343 0.968015
vn -0.212763 0.342745 0.915018
vn -0.355080 0.273074 0.894063
vn 0.203873 -0.209851 0.956242
vn 0.465652 -0.194226 0.863392
vn 0.151778 0.047842 0.987256
vn 0.154457 -0.085468 0.984296
vn 0.509421 0.099179 0.854783
vn 0.494367 -0.125350 0.860168
vn 0.054765 -0.304949 0.950793
vn 0.183729 -0.360834 0.914354
vn -0.148746 -0.054341 0.987381
vn -0.148002 -0.157636 0.976343
vn -0.413586 -0.214129 0.884927
vn -0.133678 -0.262308 0.955680
vn -0.241120 -0.414880 0.877346
vn -0.355453 -0.314589 0.880163
vn -0.134362 -0.068961 0.988530
vn -0.301207 0.037372 0.952826
vn -0.438788 -0.123150 0.890112
vn -0.135026 0.024892 0.990529
vn -0.268051 0.179573 0.946521
vn -0.431455 0.055102 0.900450
vn -0.122192 0.039282 0.991729
vn -0.141441 -0.061777 0.988017
vn 0.148151 0.051050 0.987646
vn 0.164352 -0.076416 0.983437
vn 0.078912 -0.439373 0.894832
vn -0.055832 -0.339788 0.938843
vn -0.168717 -0.425042 0.889311
vn -0.132879 -0.263126 0.955567
vn -0.148746 -0.054341 0.987381
vn 0.117192 -0.266588 0.956659
vn 0.175272 -0.066379 0.982280
vn -0.028475 0.300547 0.953342
vn 0.074654 0.418471 0.905157
vn -0.175810 0.393018 0.902567
vn -0.126922 0.165965 0.977930
vn 0.126597 0.171366 0.977040
vn 0.551959 -0.833449 -0.026557
vn 0.832182 -0.553396 -0.035005
vn 0.239812 -0.968609 -0.065476
vn 0.519636 -0.838422 -0.164397
vn 0.996248 0.071078 0.049370
vn 0.987352 -0.152008 0.045047
vn 0.877945 -0.477655 -0.032527
vn 0.881785 -0.470527 0.032542
vn 0.984828 -0.164086 0.056481
vn -0.973510 0.197844 -0.114616
vn -0.891119 0.452517 -0.033692
vn -0.323799 -0.702314 -0.633962
vn -0.365101 -0.881129 -0.300519
vn -0.949095 -0.313374 -0.031862
vn -0.979362 -0.199549 -0.032106
vn -0.759768 0.005845 -0.650168
vn -0.877872 -0.468759 -0.098005
vn -0.880964 -0.419348 -0.219202
vn -0.636916 0.126257 -0.760524
vn -0.798639 -0.600785 -0.035124
vn -0.897486 -0.440813 -0.014254
vn -0.968271 0.246422 -0.041572
vn -0.325593 -0.409647 -0.852161
vn -0.959190 0.244480 -0.142068
vn -0.316856 -0.117304 -0.941192
vn -0.839484 0.541470 -0.045580
vn -0.942857 0.333015 0.011050
vn -0.947482 0.318199 -0.032055
vn -0.379979 -0.510908 -0.771096
vn -0.920725 0.389893 -0.015787
vn -0.959609 0.083339 0.268710
vn -0.921143 -0.309766 0.235669
vn -0.352709 -0.931602 0.087834
vn -0.285382 -0.883314 0.371905
vn -0.901211 0.050053 0.430479
vn -0.117991 -0.699375 0.704948
vn -0.187853 -0.713410 0.675099
vn -0.285382 -0.883314 0.371905
vn -0.797450 0.601669 0.045471
vn -0.857127 0.512917 0.047437
vn -0.866963 0.498271 0.010071
vn -0.977241 0.196175 0.080717
vn -0.971818 0.227377 -0.062206
vn -0.352709 -0.931602 0.087834
vn -0.378135 -0.902589 -0.205783
vn -0.683666 0.252452 0.684740
vn -0.626499 0.222859 0.746882
vn 0.009164 -0.369600 0.929146
vn -0.445554 -0.178258 0.877329
vn -0.044615 -0.422145 0.905430
vn 0.220426 -0.933123 -0.284065
vn 0.259352 -0.959471 -0.110233
vn 0.203560 -0.973035 -0.108473
vn 0.274693 -0.958326 -0.078454
vn 0.270455 -0.962634 0.013758
vn 0.559308 -0.828622 -0.023675
vn 0.549413 -0.833203 -0.062595
vn 0.720753 -0.691257 0.051750
vn 0.799593 -0.578852 0.159944
vn 0.570010 -0.821196 -0.026932
vn 0.691287 -0.718688 0.074896
vn 0.721337 -0.525294 0.451375
vn 0.798841 -0.536904 0.271268
vn 0.153179 -0.418395 0.895255
vn 0.521252 -0.447892 0.726422
vn 0.130678 -0.802910 0.581601
vn 0.440090 -0.748471 0.496098
vn 0.446318 -0.483201 0.753204
vn 0.592446 -0.440895 0.674255
vn -0.072201 -0.395521 0.915615
vn -0.282870 -0.343849 0.895406
vn -0.271303 -0.380775 0.883971
vn -0.467235 -0.557006 0.686612
vn -0.096106 -0.708834 0.698798
vn -0.166993 -0.865713 0.471863
vn -0.194411 -0.529951 0.825443
vn -0.363676 -0.788069 0.496677
vn 0.597581 -0.412126 0.687786
vn 0.684732 -0.534827 0.495078
vn -0.062198 -0.419835 0.905467
vn -0.014546 -0.342609 0.939365
vn 0.181185 -0.408445 0.894620
vn 0.180546 -0.369525 0.911512
vn 0.181970 -0.400470 0.898059
vn 0.418921 -0.440319 0.794119
vn -0.040319 -0.499621 0.865305
vn 0.004066 -0.358138 0.933660
vn -0.223293 -0.381044 0.897188
vn -0.249977 -0.451039 0.856782
vn -0.482089 -0.337725 0.808413
vn -0.513777 -0.482074 0.709675
vn -0.596434 -0.628217 0.499610
vn -0.539450 -0.824351 0.171580
vn -0.588861 -0.763562 0.264983
vn -0.625262 -0.742677 0.239747
vn -0.702976 -0.600347 0.381324
vn -0.583696 -0.787918 0.196173
vn -0.594448 -0.779655 0.196901
vn -0.641376 -0.627121 0.441990
vn -0.615334 -0.515209 0.596593
vn 0.949549 -0.063751 0.307071
vn 0.953050 -0.179898 0.243581
vn 0.940521 -0.315665 0.125605
vn 0.952446 -0.224609 0.205907
vn 0.890425 -0.454810 -0.017049
vn 0.790495 -0.591641 -0.158365
vn 0.641467 -0.713829 -0.281012
vn 0.436253 -0.815847 -0.379575
vn 0.432214 -0.775037 -0.460987
vn 0.550003 -0.780957 -0.295976
vn 0.201198 -0.862692 -0.463984
vn 0.342235 -0.838131 -0.424749
vn 0.074115 -0.870786 -0.486044
vn -0.126897 -0.873617 -0.469778
vn -0.233920 -0.887212 -0.397664
vn -0.242639 -0.813187 -0.529012
vn -0.368490 -0.808244 -0.459301
vn -0.472461 -0.790338 -0.390060
vn -0.571773 -0.787469 -0.230146
vn -0.603779 -0.736242 -0.305614
vn -0.699095 -0.677060 -0.229905
vn -0.818364 -0.571589 -0.059718
vn -0.881059 -0.462244 -0.100324
vn -0.888408 -0.457245 0.040720
vn -0.904783 -0.402731 0.138474
vn -0.910053 -0.260628 0.322299
vn -0.930430 -0.152496 0.333233
vn -0.937557 -0.189369 0.291763
vn -0.823178 -0.038223 0.566495
vn -0.877105 -0.107693 0.468070
vn -0.901130 -0.043738 0.431336
vn -0.675137 -0.009068 0.737637
vn -0.752489 0.032661 0.657794
vn -0.548794 0.240164 0.800716
vn -0.620618 0.247850 0.743911
vn -0.636529 0.112766 0.762965
vn -0.499565 0.717466 0.485467
vn -0.557907 0.338493 0.757735
vn 0.934030 0.231451 0.272062
vn 0.965873 0.165761 0.199027
vn 0.982074 -0.045284 0.182976
vn 0.838361 0.543908 0.036265
vn 0.949049 0.312635 0.039567
vn 0.902403 -0.430544 0.017356
vn 0.983829 -0.174834 0.038906
vn 0.599973 -0.798029 -0.056402
vn 0.813172 -0.581853 -0.014076
vn 0.085038 -0.977777 -0.191625
vn 0.080823 -0.989370 -0.120892
vn 0.613007 -0.788574 -0.048721
vn 0.519636 -0.838422 -0.164397
vn 0.106194 -0.988444 -0.108169
vn -0.097375 -0.986485 -0.131777
vn -0.445758 -0.890138 -0.094631
vn -0.278160 -0.807453 0.520237
vn -0.418299 -0.901241 0.113100
vn -0.441599 -0.897122 -0.012764
vn -0.584667 -0.809100 -0.059347
vn -0.671296 -0.739769 0.045872
vn -0.313026 -0.944209 0.102391
vn -0.493449 -0.869673 0.013315
vn 0.622800 -0.782381 0.000025
vn 0.859078 -0.511840 0.002239
vn 0.384308 -0.922345 -0.039832
vn 0.111418 -0.992339 -0.053378
vn -0.473648 -0.878044 -0.068537
vn -0.491988 -0.870473 -0.014960
vn -0.484658 -0.873420 -0.047380
vn -0.491988 -0.870473 -0.014960
vn -0.770671 -0.636886 -0.021033
vn 0.009164 -0.369600 0.929146
vn -0.372604 -0.240116 0.896388
vn 0.028864 -0.362380 0.931583
vn 0.016477 -0.307997 0.951245
vn 0.004295 -0.315022 0.949075
vn -0.349677 -0.286943 0.891846
vn 0.269780 -0.103482 0.957345
vn 0.048226 -0.679242 0.732328
vn 0.271062 -0.106414 0.956662
vn 0.013774 -0.556991 0.830404
vn -0.183161 -0.544394 0.818588
vn -0.561149 -0.803300 0.199553
vn -0.839945 -0.383105 0.384348
vn -0.268285 -0.448137 -0.852758
vn -0.632211 0.044622 -0.773510
vn 0.315923 -0.536113 0.782800
vn 0.366920 -0.926388 0.084711
vn 0.809736 -0.561807 0.169410
vn 0.386748 0.234872 -0.891774
vn -0.028066 -0.757001 -0.652810
vn 0.285055 -0.270227 -0.919631
vn 0.465249 -0.700559 0.541074
vn 0.891747 -0.191678 0.409936
vn 0.889853 -0.209426 0.405342
vn -0.426476 -0.608147 0.669533
vn 0.442148 -0.502716 0.742820
vn 0.518657 -0.593583 0.615349
vn -0.135098 -0.697092 0.704139
vn -0.525636 -0.180470 0.831346
vn 0.665974 -0.656189 0.354816
vn 0.942442 -0.274107 0.191488
vn -0.461366 -0.800615 0.382305
vn -0.739009 -0.260270 0.621390
vn -0.619416 -0.713592 -0.327278
vn -0.328450 -0.935645 -0.129187
vn -0.876636 -0.479223 -0.043066
vn 0.329068 -0.901719 -0.280389
vn 0.759359 -0.625512 -0.179189
vn 0.847109 -0.413720 -0.333531
vn -0.485826 -0.760192 -0.431371
vn -0.741945 -0.292674 -0.603208
vn 0.140518 -0.825034 -0.547334
vn 0.652128 -0.682140 -0.330779
vn 0.681896 -0.275213 -0.677699
vn -0.040130 -0.737181 -0.674502
vn 0.066304 0.352009 -0.933645
vn -0.197457 -0.185731 -0.962556
vn -0.169194 -0.366428 -0.914934
vn -0.446756 0.238964 -0.862152
vn 0.049442 0.326563 -0.943881
vn -0.088869 -0.737836 -0.669104
vn 0.323260 0.261796 -0.909377
vn -0.171387 -0.804562 -0.568600
vn -0.385616 -0.467332 -0.795551
vn -0.757040 -0.227775 -0.612379
vn -0.028066 -0.757001 -0.652810
vn 0.464340 -0.079440 -0.882087
vn 0.140518 -0.825034 -0.547334
vn 0.560743 0.003291 -0.827983
vn 0.708385 -0.249555 -0.660237
vn -0.117991 -0.699375 0.704948
vn -0.187853 -0.713410 0.675099
vn -0.411724 -0.310470 0.856792
vn -0.040603 -0.157659 0.986658
vn -0.444680 -0.389804 0.806420
vn -0.427783 0.728505 -0.535053
vn -0.923959 -0.031728 -0.381174
vn -0.066590 -0.106689 0.992060
vn -0.437944 -0.396572 0.806806
vn -0.179042 0.108946 0.977791
vn -0.501552 -0.346256 0.792813
vn -0.219107 0.141170 0.965434
vn -0.481671 0.273645 0.832533
vn -0.755505 -0.183474 0.628927
vn -0.831040 0.156293 0.533802
vn -0.497463 0.860484 0.109993
vn -0.855704 0.505297 -0.111564
vn -0.236992 0.158328 -0.958523
vn -0.250296 0.240108 -0.937924
vn -0.846768 -0.010381 -0.531862
vn -0.820419 0.185663 -0.540779
vn -0.292718 0.051212 -0.954826
vn -0.826817 0.169336 -0.536376
vn -0.355432 0.511064 -0.782612
vn -0.844061 -0.085001 -0.529468
vn 0.007927 -0.274206 0.961638
vn -0.330313 -0.320306 0.887861
vn -0.382124 -0.745168 -0.546540
vn -0.939804 -0.083088 -0.331458
vn -0.273323 0.279748 -0.920345
vn -0.281217 0.262370 -0.923081
vn -0.830849 -0.081629 -0.550479
vn -0.846768 -0.010381 -0.531862
vn -0.295074 0.327677 -0.897529
vn -0.806944 -0.115745 -0.579176
vn -0.830849 -0.081629 -0.550479
vn -0.349157 -0.240001 -0.905809
vn -0.330014 -0.077602 -0.940781
vn -0.852323 0.113863 -0.510471
vn -0.359700 -0.284903 -0.888508
vn -0.363289 -0.524323 -0.770134
vn -0.892834 0.026808 -0.449586
vn -0.379844 -0.923732 0.049367
vn -0.859255 -0.342048 0.380374
vn -0.313471 -0.884041 0.346709
vn -0.952803 -0.295706 0.068730
vn -0.187853 -0.713410 0.675099
vn -0.285382 -0.883314 0.371905
vn -0.792848 -0.319210 0.519131
vn -0.313471 -0.884041 0.346709
vn -0.395998 -0.902711 -0.168222
vn -0.959324 -0.155273 -0.235772
vn -0.952803 -0.295706 0.068730
vn 0.017010 -0.401637 0.915641
vn -0.526071 -0.163780 0.834521
vn -0.506334 -0.135517 0.851623
vn -0.031214 -0.953682 -0.299192
vn 0.039458 -0.947331 0.317816
vn 0.117364 -0.940952 0.317546
vn 0.183908 -0.982220 0.037712
vn -0.957352 -0.136681 -0.254551
vn -0.871120 -0.001026 -0.491070
vn -0.903584 -0.198477 0.379662
vn -0.503775 -0.253081 0.825930
vn -0.779570 -0.242859 -0.577313
vn -0.562967 0.490242 -0.665380
vn -0.060867 0.745209 -0.664047
vn -0.661245 -0.333183 -0.672119
vn -0.131292 0.692778 -0.709099
vn -0.779570 -0.242859 -0.577313
vn -0.153857 0.706165 -0.691128
vn -0.083465 0.787683 0.610401
vn -0.085550 0.791623 -0.604991
vn -0.265871 0.766734 0.584322
vn -0.082847 0.725041 -0.683705
vn -0.000691 0.632867 -0.774260
vn 0.108131 0.551032 -0.827449
vn 0.173286 0.545128 -0.820249
vn 0.313438 -0.452904 -0.834646
vn 0.030274 0.595468 -0.802809
vn 0.605598 -0.338206 -0.720325
vn -0.207376 0.913300 -0.350541
vn -0.342862 0.759967 0.552173
vn 0.602958 -0.347759 -0.717987
vn 0.374814 0.450050 -0.810537
vn 0.621176 0.686263 -0.378397
vn 0.495959 0.719535 0.486100
vn 0.735622 0.591965 0.329299
vn -0.010267 0.800996 -0.598581
vn 0.191850 0.887382 -0.419222
vn -0.004623 0.795741 0.605619
vn -0.068591 0.823693 -0.562872
vn 0.195980 0.784718 0.588056
vn 0.907052 0.168274 -0.385929
vn 0.602641 0.604414 -0.521064
vn 0.067255 0.798525 -0.598193
vn -0.107712 0.703663 -0.702322
vn 0.740306 -0.078093 -0.667719
vn 0.086694 0.911821 -0.401330
vn 0.445286 0.808760 0.384223
vn -0.148330 0.789612 -0.595409
vn -0.017851 0.855001 0.518319
vn -0.196684 0.747822 -0.634096
vn 0.132993 0.857642 0.496753
vn -0.180472 0.766265 -0.616659
vn -0.200314 0.752027 -0.627957
vn -0.482229 0.740944 0.467394
vn -0.211454 0.746619 -0.630752
vn -0.211712 0.747501 -0.629619
vn 0.935158 0.258277 -0.242432
vn 0.125826 0.790795 -0.599008
vn 0.053194 0.833339 -0.550197
vn 0.128688 0.814456 -0.565775
vn 0.030641 0.595635 -0.802671
vn -0.092523 0.758566 -0.644994
vn 0.063281 0.618993 -0.782843
vn 0.117084 0.664259 -0.738276
vn -0.116429 0.763789 -0.634878
vn -0.127654 0.756862 -0.640986
vn 0.051300 0.709604 -0.702731
vn -0.128231 0.747404 -0.651877
vn 0.208143 0.715015 -0.667405
vn -0.129272 0.733813 -0.666939
vn 0.173290 0.781202 -0.599745
vn 0.005910 0.779984 -0.625772
vn -0.137108 0.704616 -0.696217
vn 0.057924 0.843578 -0.533873
vn -0.121996 0.705404 -0.698228
vn -0.124745 0.707300 -0.695820
vn -0.096383 0.694615 -0.712896
vn -0.049120 0.806265 -0.589512
vn -0.076687 0.693889 -0.715987
vn -0.067184 0.821567 -0.566139
vn 0.009133 0.677506 -0.735461
vn -0.048952 0.674177 -0.736945
vn -0.070436 0.761224 -0.644652
vn -0.011211 0.672054 -0.740417
vn -0.084465 0.736073 -0.671611
vn 0.033062 0.654099 -0.755686
vn 0.011380 0.692048 -0.721762
vn -0.009100 0.720985 -0.692891
vn 0.076368 0.690339 -0.719444
vn -0.059833 0.742180 -0.667524
vn 0.072589 0.725178 -0.684724
vn 0.022784 0.749415 -0.661709
vn -0.044632 0.754144 -0.655191
vn 0.036377 0.764480 -0.643620
vn -0.011540 0.771776 -0.635790
vn -0.101680 0.736191 -0.669091
vn -0.108385 0.689732 -0.715906
vn -0.068033 0.764126 -0.641470
vn -0.082063 0.781856 -0.618035
vn -0.104770 0.689216 -0.716941
vn -0.083984 0.550748 -0.830436
vn -0.186314 0.550208 -0.813977
vn -0.073417 0.718738 -0.691394
vn 0.325467 -0.945088 0.029655
vn 0.326238 -0.944293 0.043357
vn 0.356028 -0.931941 0.068768
vn 0.356006 -0.933074 0.051314
vn 0.320807 -0.947143 -0.001899
vn 0.475027 -0.864221 -0.165745
vn 0.499099 -0.844844 -0.192715
vn 0.485586 -0.853523 -0.188954
vn 0.441494 -0.865291 -0.237389
vn 0.316588 -0.899337 -0.301602
vn 0.418019 -0.880689 -0.222816
vn 0.073110 -0.947772 -0.310456
vn 0.064049 -0.929826 -0.362384
vn 0.222543 -0.907593 -0.356019
vn -0.024413 -0.933578 -0.357542
vn -0.128991 -0.944551 -0.301967
vn -0.125986 -0.925529 -0.357105
vn -0.326271 -0.921437 -0.210952
vn -0.244040 -0.910743 -0.333154
vn -0.347677 -0.915951 -0.200387
vn -0.416870 -0.872665 -0.254314
vn -0.459386 -0.876580 -0.143426
vn -0.461909 -0.875581 -0.141416
vn -0.495004 -0.865110 -0.080968
vn -0.434029 -0.897346 -0.079930
vn -0.370888 -0.925797 -0.073089
vn -0.347878 -0.937417 0.015156
vn -0.226607 -0.966333 0.121862
vn -0.201885 -0.975361 0.088953
vn -0.259623 -0.956406 0.133730
vn -0.252659 -0.953609 0.163687
vn -0.237035 -0.959445 0.152576
vn -0.254340 -0.960734 0.110911
vn -0.068768 -0.994567 0.078153
vn -0.145369 -0.978310 0.147569
vn -0.256863 -0.962196 -0.090553
vn -0.269993 -0.961402 0.052999
vn -0.101574 -0.983676 -0.148542
vn -0.068768 -0.994567 0.078153
vn -0.147214 -0.988681 -0.028937
vn 0.096331 -0.979613 -0.176292
vn -0.006158 -0.996651 -0.081539
vn -0.506903 -0.471300 0.721752
vn -0.280914 -0.306701 0.909408
vn -0.562413 -0.331325 0.757572
vn -0.533495 -0.433785 0.726095
vn -0.417375 -0.295069 0.859495
vn -0.600798 -0.202687 0.773279
vn -0.623824 -0.282681 0.728653
vn -0.509671 -0.169935 0.843420
vn -0.690250 -0.049069 0.721905
vn -0.545701 -0.097999 0.832230
vn -0.759385 -0.029185 0.649987
vn -0.721065 0.031722 0.692141
vn -0.857047 0.218903 0.466424
vn -0.800365 0.248024 0.545802
vn -0.867826 0.483631 0.113923
vn -0.978368 0.064834 0.196449
vn -0.926677 0.373090 0.045538
vn -0.990850 0.069642 0.115616
vn -0.877180 0.479950 0.014238
vn -0.858938 0.512053 -0.005240
vn -0.926292 0.376535 -0.014296
vn -0.944237 0.328745 0.018495
vn -0.949645 0.311106 -0.037248
vn -0.966065 0.258182 -0.007729
vn -0.979701 0.197444 -0.034670
vn -0.979469 -0.198820 -0.033324
vn -0.976853 -0.168396 -0.131912
vn -0.983818 0.150709 -0.096893
vn -0.979305 -0.199278 -0.035345
vn -0.935602 -0.338443 -0.100527
vn -0.972570 -0.159158 -0.169635
vn -0.979469 -0.198820 -0.033324
vn -0.893570 -0.431058 -0.125384
vn -0.929853 -0.367290 -0.021706
vn -0.798141 -0.601758 -0.029312
vn -0.848920 -0.506794 -0.149983
vn -0.749415 -0.662064 -0.006904
vn -0.512691 -0.856933 0.053044
vn -0.772637 -0.634836 -0.003894
vn -0.569768 -0.812946 0.120346
vn -0.680580 -0.670163 0.296130
vn -0.839150 -0.530119 0.121661
vn -0.516504 -0.837595 0.177930
vn -0.655581 -0.705400 0.269489
vn -0.601241 -0.596250 0.531972
vn -0.490944 -0.643398 0.587378
vn -0.590912 -0.578044 0.562751
vn -0.899740 0.435310 -0.031177
vn -0.901334 0.415199 -0.123315
vn -0.917653 -0.111160 0.381518
vn -0.841442 0.538211 0.048008
vn -0.798894 0.047245 0.599614
vn -0.843087 0.531049 0.084802
vn -0.823127 0.001055 0.567856
vn -0.507698 -0.344373 0.789715
vn -0.226368 -0.472499 0.851764
vn -0.328235 -0.334724 0.883302
vn -0.065297 -0.376587 0.924077
vn -0.092538 -0.529123 0.843484
vn 0.037687 -0.487354 0.872391
vn 0.127579 -0.676084 0.725696
vn 0.296687 -0.561014 0.772813
vn 0.432775 -0.660466 0.613588
vn 0.968204 0.236866 -0.080469
vn 0.969412 -0.131214 0.207422
vn 0.948664 0.242579 -0.202960
vn 0.957307 -0.204963 0.203845
vn 0.950332 0.255208 -0.178153
vn 0.965905 -0.200924 0.163270
vn -0.716989 0.651037 0.249153
vn -0.670903 0.151827 0.725835
vn -0.713940 0.097215 0.693426
vn -0.933864 -0.332282 0.132237
vn -0.936633 0.281508 -0.208498
vn -0.916040 0.260177 -0.305253
vn -0.941456 -0.240687 0.236074
vn -0.901049 0.080418 -0.426196
vn -0.882700 -0.469800 0.011329
vn -0.815588 -0.552227 -0.172804
vn -0.814528 -0.085449 -0.573797
vn -0.768422 -0.612745 -0.184582
vn -0.772881 -0.101490 -0.626382
vn 0.356175 0.922884 -0.146372
vn 0.164812 0.882140 -0.441210
vn -0.613105 -0.716755 -0.332212
vn -0.661527 -0.178313 -0.728414
vn 0.380228 0.825164 0.417769
vn -0.174665 0.767228 -0.617133
vn 0.045855 0.998936 0.004872
vn -0.379665 -0.819066 -0.430099
vn -0.481267 -0.314421 -0.818243
vn -0.479043 -0.745800 -0.462927
vn -0.242981 0.822161 0.514794
vn -0.198487 0.747322 -0.634124
vn -0.200314 0.752027 -0.627957
vn -0.155576 -0.856034 -0.492952
vn -0.225700 -0.362361 -0.904298
vn 0.085528 -0.857847 -0.506739
vn -0.012752 -0.355268 -0.934678
vn 0.210768 -0.338768 -0.916958
vn 0.197263 -0.360530 -0.911650
vn 0.339295 -0.823980 -0.453801
vn 0.297817 -0.368019 -0.880833
vn 0.451496 -0.313489 -0.835390
vn 0.541799 -0.771309 -0.333971
vn 0.505951 -0.302698 -0.807705
vn 0.721317 -0.651446 -0.235202
vn 0.704782 -0.191505 -0.683087
vn 0.817090 -0.090805 -0.569313
vn 0.850599 -0.514239 -0.109723
vn 0.855949 -0.051910 -0.514448
vn 0.283469 -0.958937 -0.009171
vn 0.435036 -0.892933 -0.115820
vn -0.886172 -0.449998 0.110461
vn 0.430858 -0.898914 -0.079473
vn 0.425416 -0.892853 -0.147764
vn -0.319407 -0.947146 -0.029890
vn -0.889074 -0.447542 0.096196
vn 0.912062 0.118281 -0.392623
vn 0.935634 -0.352302 -0.021749
vn 0.943071 0.138404 -0.302425
vn 0.959510 -0.271827 0.073832
vn 0.913311 0.399748 0.077879
vn 0.946581 -0.011822 0.322250
vn 0.958540 -0.060778 0.278402
vn 0.369563 -0.924672 -0.091677
vn 0.718345 -0.690956 0.080992
vn 0.934024 -0.342964 -0.099877
vn 0.911618 -0.386430 -0.140090
vn 0.940375 -0.339976 -0.010571
vn -0.231463 -0.967934 0.097616
vn -0.263607 -0.964614 -0.005656
vn -0.282992 -0.958366 0.038068
vn -0.266383 -0.958298 0.103467
vn 0.842952 0.501574 -0.194566
vn -0.087599 0.770047 -0.631945
vn 0.858213 0.085579 -0.506109
vn -0.103361 0.741490 -0.662955
vn -0.104142 0.727105 -0.678581
vn 0.189981 0.417683 -0.888509
vn 0.457919 -0.280327 -0.843639
vn 0.161892 -0.373268 -0.913489
vn -0.179322 0.681063 -0.709928
vn -0.190527 0.703380 -0.684803
vn -0.140860 0.315466 -0.938424
vn -0.247025 -0.416315 -0.875020
vn -0.202084 0.713765 -0.670598
vn -0.490245 -0.201926 -0.847871
vn -0.629327 0.144158 -0.763653
vn -0.773548 0.084584 -0.628068
vn -0.206261 0.728269 -0.653513
vn -0.943607 0.124345 -0.306829
vn -0.198316 0.737819 -0.645209
vn -0.876123 0.437860 0.201711
vn -0.205991 0.741612 -0.638419
vn -0.944937 0.316942 0.081497
vn -0.580561 0.690864 0.430879
vn -0.211712 0.747501 -0.629619
vn -0.749993 0.573553 0.329464
vn -0.214238 0.745563 -0.631061
vn -0.127846 0.965847 -0.225378
vn -0.212834 0.787284 0.578693
vn -0.173807 0.841090 -0.512209
vn 0.036403 0.821799 0.568613
vn 0.216469 0.971005 0.101443
vn -0.101488 0.881855 -0.460469
vn 0.811538 0.568590 0.134579
vn 0.638700 0.767780 -0.050751
vn 0.241811 0.932373 -0.268714
vn 0.834717 0.456715 -0.307668
vn 0.577680 0.751293 -0.319131
vn 0.020565 0.810441 -0.585459
vn 0.822836 0.025026 -0.567728
vn 0.907052 0.168274 -0.385929
vn 0.022474 0.779433 -0.626082
vn 0.819744 0.001147 -0.572729
vn 0.017313 0.754491 -0.656082
vn 0.517301 -0.217466 -0.827712
vn 0.258159 0.468769 -0.844754
vn 0.031995 0.269213 -0.962549
vn -0.182205 0.729419 -0.659355
vn -0.374368 -0.362195 -0.853618
vn -0.169548 0.722775 -0.669963
vn -0.224553 -0.371241 -0.900975
vn -0.041374 0.949650 -0.310570
vn -0.052124 0.997417 -0.049427
vn -0.122084 0.947686 -0.294937
vn 0.004081 0.999870 -0.015621
vn -0.104264 0.994019 -0.032471
vn -0.122813 0.991981 0.029853
vn -0.014922 0.999524 0.027019
vn -0.201601 0.974269 0.100781
vn -0.036512 0.999127 0.020279
vn -0.028272 0.999078 0.032314
vn -0.302651 0.950605 0.068944
vn -0.305070 0.951627 0.036595
vn 0.126526 0.991433 0.032443
vn -0.241117 0.970082 0.028354
vn -0.050651 0.607718 0.792536
vn -0.176396 0.803159 0.569052
vn 0.187637 0.584817 0.789165
vn 0.194999 0.780647 0.593772
vn -0.741260 -0.231790 -0.629927
vn -0.418446 0.373655 -0.827819
vn -0.186740 0.748202 -0.636648
vn -0.739965 -0.231323 -0.631618
vn -0.702106 0.350635 -0.619759
vn -0.556985 0.586313 -0.588222
vn 0.897870 0.440238 0.004477
vn 0.943136 0.289665 -0.163059
vn 0.056393 0.837448 -0.543600
vn -0.981904 0.187497 -0.026620
vn -0.194346 0.783814 -0.589800
vn 0.299860 0.937143 -0.178459
vn 0.746810 0.611253 0.262001
vn -0.695731 0.711988 -0.095033
vn -0.755363 0.540679 0.370261
vn -0.192667 0.795411 -0.574631
vn -0.409068 0.907259 -0.097698
vn -0.371203 0.731598 0.571816
vn 0.064340 0.751988 0.656030
vn -0.062152 0.874143 -0.481675
vn 0.355654 0.728475 0.585521
vn -0.109556 0.869540 -0.481557
vn -0.342306 0.730497 0.590932
vn -0.176892 0.760195 0.625151
vn -0.607458 0.653582 0.451471
vn -0.683121 0.602978 0.412024
vn -0.101659 0.831898 -0.545537
vn -0.879105 0.460339 0.123541
vn -0.950893 0.295880 -0.090872
vn -0.032713 0.833554 -0.551468
vn -0.914253 0.156267 -0.373795
vn -0.010653 0.849180 -0.527996
vn -0.002526 0.849164 -0.528124
vn 0.001033 0.841655 -0.540015
vn -0.316604 0.595165 -0.738607
vn 0.007763 0.861843 -0.507116
vn -0.800344 0.001198 -0.599540
vn -0.370273 0.131770 -0.919530
vn -0.246425 -0.221928 -0.943410
vn -0.007337 0.857031 -0.515212
vn -0.010279 0.857507 -0.514370
vn 0.054266 -0.276759 -0.959406
vn 0.080078 0.478477 -0.874441
vn 0.475046 0.379645 -0.793852
vn 0.257445 0.432201 -0.864248
vn 0.566433 0.536031 -0.625959
vn -0.177601 0.734255 -0.655231
vn -0.145882 0.736796 -0.660189
vn -0.237094 0.748322 -0.619516
vn -0.161829 0.745037 -0.647094
vn -0.085738 0.770751 -0.631342
vn -0.243731 0.727658 -0.641177
vn -0.164992 0.754478 -0.635248
vn -0.240794 0.697865 -0.674539
vn -0.136238 0.784306 -0.605230
vn -0.196732 0.720314 -0.665165
vn -0.138280 0.795799 -0.589561
vn -0.192989 0.727602 -0.658294
vn -0.185315 0.727602 -0.660495
vn -0.188126 0.720564 -0.667380
vn -0.136620 0.716893 -0.683666
vn -0.182228 0.714698 -0.675277
vn -0.195397 0.747016 -0.635443
vn -0.159077 0.720431 -0.675036
vn -0.174281 0.712777 -0.679393
vn -0.170603 0.729799 -0.662033
vn -0.130516 0.727015 -0.674103
vn -0.177287 0.741995 -0.646539
vn -0.166289 0.745004 -0.646000
vn -0.153008 0.751256 -0.642031
vn -0.198419 0.738181 -0.644763
vn -0.171583 0.746191 -0.643240
vn -0.189357 0.737585 -0.648161
vn -0.154174 0.758553 -0.633110
vn -0.206666 0.721023 -0.661373
vn -0.169437 0.757593 -0.630353
vn -0.190878 0.738756 -0.646379
vn -0.194305 0.694581 -0.692679
vn -0.198938 0.742652 -0.639447
vn -0.194305 0.694581 -0.692679
vn -0.197637 0.740135 -0.642760
vn -0.162672 0.689061 -0.706210
vn -0.218375 0.762250 -0.609334
vn -0.144770 0.710494 -0.688651
vn -0.224353 0.756560 -0.614233
vn -0.118768 0.775150 -0.620513
vn 0.021790 0.772426 -0.634731
vn 0.007933 0.752631 -0.658394
vn -0.234453 0.795355 -0.558966
vn 0.067255 0.798525 -0.598193
vn -0.153758 0.784991 -0.600123
vn -0.118705 0.799710 -0.588535
vn -0.106600 0.809403 -0.577497
vn -0.121520 0.812829 -0.569686
vn -0.003769 0.872413 -0.488755
vn -0.138681 0.809888 -0.569955
vn -0.126662 0.833012 -0.538560
vn -0.172269 0.758629 -0.628336
vn -0.113291 0.888066 -0.445537
vn -0.161001 0.771718 -0.615247
vn -0.159905 0.799553 -0.578917
vn -0.184342 0.852489 -0.489163
vn -0.133421 0.755494 -0.641426
vn -0.206785 0.837303 -0.506126
vn -0.120847 0.758966 -0.639818
vn -0.156509 0.792113 -0.589968
vn -0.101688 0.774482 -0.624370
vn -0.146505 0.786609 -0.599819
vn -0.206907 0.800459 -0.562543
vn -0.136443 0.786495 -0.602336
vn -0.142601 0.788875 -0.597780
vn -0.152683 0.790326 -0.593357
vn -0.146693 0.790172 -0.595071
vn -0.158183 0.786612 -0.596841
vn -0.152334 0.789382 -0.594703
vn -0.149074 0.803633 -0.576152
vn -0.223228 0.724737 -0.651863
vn -0.120310 0.848867 -0.514733
vn -0.165257 0.729285 -0.663953
vn -0.151488 0.842322 -0.517248
vn -0.185175 0.726752 -0.661469
vn -0.174503 0.838500 -0.516204
vn -0.159141 0.761120 -0.628785
vn -0.190121 0.836699 -0.513604
vn -0.129130 0.720983 -0.680814
vn -0.144712 0.777152 -0.612449
vn -0.046679 0.744500 -0.665988
vn -0.163442 0.788222 -0.593290
vn 0.128688 0.814456 -0.565775
vn 0.125310 0.791040 -0.598793
vn -0.113960 0.814904 -0.568283
vn 0.060914 0.835546 -0.546033
vn -0.108966 0.805680 -0.582242
vn 0.072068 0.865687 -0.495370
vn -0.024742 0.819138 -0.573062
vn -0.106044 0.801032 -0.589153
vn -0.040719 0.831324 -0.554294
vn 0.008311 0.887037 -0.461624
vn -0.095631 0.782035 -0.615853
vn -0.097599 0.790363 -0.604815
vn -0.077367 0.827626 -0.555923
vn -0.083211 0.825677 -0.557973
vn -0.080517 0.824515 -0.560081
vn -0.019004 0.786193 -0.617688
vn -0.095686 0.845447 -0.525417
vn -0.065122 0.824011 -0.562819
vn -0.028871 0.807685 -0.588907
vn -0.025602 0.823189 -0.567191
vn 0.069145 0.810741 -0.581307
vn -0.036959 0.839716 -0.541767
vn 0.057667 0.818729 -0.571277
vn 0.037318 0.843292 -0.536159
vn -0.006703 0.848301 -0.529472
vn 0.001033 0.841655 -0.540015
vn 0.111184 0.859320 -0.499206
vn -0.013013 0.851583 -0.524058
vn 0.085208 0.879340 -0.468510
vn 0.049148 0.859526 -0.508723
vn 0.055674 0.875182 -0.480580
vn -0.013013 0.851583 -0.524058
vn 0.006186 0.862392 -0.506204
vn 0.042729 0.885934 -0.461840
vn 0.004461 0.880584 -0.473870
vn 0.017020 0.893466 -0.448809
vn -0.023028 0.872313 -0.488404
vn -0.068578 0.881205 -0.467735
vn -0.032836 0.813848 -0.580150
vn -0.064248 0.842476 -0.534889
vn -0.005585 0.778020 -0.628215
vn -0.101119 0.898786 -0.426566
vn -0.068719 0.824062 -0.562316
vn 0.068558 0.778758 -0.623567
vn 0.050298 0.747210 -0.662682
vn -0.146359 0.850496 -0.505209
vn -0.193339 0.837541 -0.511024
vn 0.116264 0.778118 -0.617264
vn -0.125121 0.849242 -0.512964
vn -0.103213 0.820918 -0.561641
vn -0.261194 0.773557 -0.577398
vn -0.271852 0.775060 -0.570420
vn -0.239879 0.750025 -0.616377
vn -0.236851 0.738990 -0.630710
vn -0.260423 0.750046 -0.607956
vn -0.274183 0.776390 -0.567488
vn -0.272622 0.781319 -0.561443
vn -0.254519 0.787495 -0.561313
vn -0.284277 0.783375 -0.552730
vn -0.016828 0.909757 -0.414799
vn -0.045902 0.849005 -0.526387
vn -0.036671 0.945196 -0.324439
vn -0.085074 0.851950 -0.516666
vn -0.127995 0.944753 -0.301760
vn -0.130442 0.826817 -0.547136
vn -0.157907 0.879176 -0.449572
vn -0.201532 0.927672 -0.314340
vn -0.198191 0.897420 -0.394154
vn -0.182531 0.841163 -0.509046
vn -0.236110 0.913507 -0.331295
vn -0.197356 0.835165 -0.513371
vn -0.215690 0.804070 -0.554030
vn -0.225569 0.798775 -0.557743
vn -0.228718 0.792301 -0.565638
vn 0.890049 0.312230 0.332153
vn 0.938397 0.036427 0.343634
vn 0.965364 -0.001003 0.260906
vn -0.581940 -0.210876 0.785415
vn -0.590954 0.000448 0.806705
vn -0.596827 -0.190157 0.779511
vn -0.396926 0.652606 0.645411
vn -0.527689 0.434569 0.729859
vn -0.590163 0.575299 0.566338
vn -0.662225 0.389826 0.639918
vn 0.930602 0.109023 0.349420
vn 0.948529 -0.059286 0.311093
vn 0.944824 0.025813 0.326560
vn 0.793840 0.592045 0.138929
vn 0.811538 0.568590 0.134579
vn -0.132112 0.804742 -0.578737
vn 0.879045 0.476400 -0.017978
vn 0.580986 0.251319 -0.774141
vn -0.118972 0.795022 -0.594799
vn 0.907142 0.230039 -0.352385
vn 0.912067 0.341007 -0.227701
vn -0.156719 0.736278 -0.658281
vn -0.156128 0.752989 -0.639242
vn -0.190779 0.713197 -0.674502
vn -0.198740 0.712468 -0.672973
vn -0.131033 -0.419699 -0.898155
vn -0.741260 -0.231790 -0.629927
vn -0.820899 -0.170537 -0.545015
vn -0.188443 0.779961 -0.596784
vn -0.167619 0.764615 -0.622308
vn -0.157669 0.812573 -0.561129
vn -0.701090 0.587512 0.404106
vn -0.189652 0.790688 -0.582104
vn 0.036403 0.821799 0.568613
vn 0.013119 0.996099 -0.087263
vn -0.144061 0.772404 -0.618578
vn 0.419293 -0.268226 -0.867322
vn -0.976230 0.066696 -0.206218
vn -0.581485 0.587079 -0.563218
vn -0.181789 0.770448 -0.611034
vn 0.515574 0.825798 -0.228563
vn -0.495383 0.190967 -0.847424
vn 0.548381 0.753476 0.362701
vn -0.147339 0.808959 -0.569101
vn -0.108911 0.794399 -0.597552
vn -0.155946 0.765470 -0.624289
vn -0.374368 -0.362195 -0.853618
vn -0.181146 0.770083 -0.611684
vn -0.494947 -0.329441 -0.804050
vn -0.110888 0.220823 -0.968990
vn 0.231387 0.321108 -0.918341
vn -0.815640 0.567801 -0.111055
vn -0.191498 0.778362 -0.597897
vn -0.115933 0.813423 -0.570002
vn -0.098361 0.831758 -0.546356
vn -0.839099 0.512131 0.183397
vn -0.941296 0.290192 -0.172481
vn -0.923703 0.208875 -0.321162
vn -0.283719 0.785917 -0.549398
vn -0.679244 0.326251 -0.657410
vn -0.112867 0.833423 -0.540987
vn -0.449362 -0.183645 -0.874270
vn -0.338285 0.465046 -0.818105
vn -0.506418 0.687392 0.520608
vn -0.277854 0.924608 -0.260571
vn -0.107031 0.826162 -0.553174
vn 0.648109 0.626388 0.433121
vn 0.098415 0.979079 -0.178099
vn 0.365917 0.720675 0.588839
vn -0.067388 0.840185 -0.538096
vn 0.381744 0.524545 -0.761002
vn 0.836449 -0.004651 -0.548025
vn -0.049530 0.789520 -0.611722
vn -0.089733 -0.283034 -0.954903
vn -0.091111 0.953357 0.287766
vn -0.093597 0.833350 -0.544763
vn -0.111546 0.760898 -0.639212
vn -0.461069 0.866670 0.190521
vn -0.746065 0.566415 0.350087
vn -0.111546 0.760898 -0.639212
vn -0.116703 0.756912 -0.643012
vn -0.117487 0.755723 -0.644266
vn -0.902912 0.392417 0.175382
vn -0.116703 0.756912 -0.643012
vn -0.929917 -0.050982 -0.364219
vn -0.969906 0.064783 -0.234703
vn -0.117271 0.734111 -0.668827
vn 0.119223 -0.472780 -0.873078
vn -0.004200 0.583795 -0.811890
vn -0.271377 -0.466370 -0.841934
vn -0.582545 -0.385422 -0.715606
vn -0.121022 0.722852 -0.680323
vn -0.100595 0.717734 -0.689013
vn -0.695529 0.336178 -0.634999
vn 0.855934 -0.088418 -0.509469
vn 0.926274 0.063789 -0.371414
vn -0.056677 0.735377 -0.675284
vn -0.546133 0.748661 -0.375826
vn -0.684922 0.725248 -0.069978
vn 0.824629 0.526828 0.206007
vn -0.054616 0.760788 -0.646698
vn -0.069298 0.766245 -0.638801
vn 0.344665 0.769194 0.538096
vn -0.062090 0.764749 -0.641329
vn -0.078347 0.722167 -0.687267
vn -0.007635 -0.491322 -0.870944
vn -0.184508 -0.043837 -0.981853
vn -0.977736 0.208612 -0.022650
vn -0.118631 0.749320 -0.651496
vn 0.952077 0.272109 -0.139661
vn 0.707084 0.438987 -0.554366
vn -0.050975 0.745192 -0.664899
vn -0.735522 0.575555 -0.357413
vn -0.732431 0.512042 -0.448728
vn 0.815997 0.575705 0.052081
vn -0.163064 0.759331 -0.629941
vn 0.126712 0.215928 -0.968152
vn -0.865116 -0.151751 -0.478065
vn -0.114779 0.725367 -0.678726
vn -0.116253 0.727161 -0.676552
vn -0.708684 -0.302296 -0.637482
vn -0.582545 -0.385422 -0.715606
vn -0.116253 0.727161 -0.676552
vn -0.100595 0.717734 -0.689013
vn -0.117835 0.758109 -0.641394
vn -0.203749 0.925652 -0.318834
vn -0.202822 0.782358 0.588879
vn 0.601262 -0.353762 -0.716475
vn 0.222532 0.217026 -0.950463
vn -0.293080 0.956050 0.008547
vn 0.494482 0.111154 -0.862051
vn 0.817167 -0.153989 -0.555451
vn -0.062520 0.725113 -0.685786
vn -0.054167 0.760332 -0.647272
vn 0.933409 0.357925 -0.025237
vn -0.050440 0.749899 -0.659626
vn 0.624357 0.664702 0.410304
vn -0.058582 0.763004 -0.643734
vn -0.078226 0.766188 -0.637837
vn 0.018910 0.964573 0.263136
vn 0.925237 0.314871 -0.211645
vn 0.906937 0.169605 -0.385616
vn -0.125231 0.789940 -0.600260
vn 0.720587 -0.098978 -0.686263
vn -0.170045 0.720871 -0.671885
vn 0.210904 0.593324 -0.776844
vn 0.377250 0.826915 0.417005
vn 0.515278 0.784070 0.346009
vn -0.173567 0.763047 -0.622603
vn -0.152305 0.756730 -0.635738
vn -0.186106 0.875975 -0.445008
vn 0.132993 0.857642 0.496753
vn -0.103450 0.848054 0.519715
vn -0.369009 0.784355 0.498617
vn -0.212292 0.753040 -0.622786
vn -0.374195 0.866082 -0.331481
vn -0.582278 0.690821 0.428624
vn 0.924267 0.173887 -0.339844
vn 0.943136 0.289665 -0.163059
vn 0.320434 0.793748 -0.516997
vn -0.028554 0.802859 -0.595484
vn 0.568307 0.761429 0.311853
vn 0.757113 0.638945 0.136119
vn -0.161103 0.761866 -0.627380
vn -0.173567 0.763047 -0.622603
vn 0.262146 0.848817 0.459118
vn -0.170833 0.762822 -0.623634
vn -0.196176 0.760216 -0.619344
vn -0.194407 0.760683 -0.619328
vn -0.194123 0.833695 0.516981
vn -0.369547 0.784409 0.498134
vn 0.901937 0.400187 -0.162359
vn 0.859900 0.509720 -0.027527
vn -0.155712 0.751880 -0.640648
vn 0.859153 0.088297 -0.504043
vn -0.155857 0.738339 -0.656174
vn -0.156719 0.736278 -0.658281
vn 0.064167 0.447888 -0.891784
vn 0.667561 -0.147310 -0.729837
vn -0.182455 0.715526 -0.674338
vn 0.051897 0.164594 -0.984995
vn -0.010045 -0.405100 -0.914217
vn -0.352480 0.151811 -0.923424
vn -0.609310 0.250985 -0.752162
vn -0.975712 0.063120 -0.209768
vn -0.417753 0.633075 -0.651689
vn -0.964011 0.264302 0.028778
vn -0.656960 0.683845 -0.317427
vn -0.582278 0.690821 0.428624
vn -0.216361 0.750261 -0.624737
vn -0.750324 0.573499 0.328804
vn -0.095187 0.813263 0.574058
vn -0.148453 0.811221 -0.565581
vn 0.281809 0.807584 0.518065
vn 0.417843 0.793030 0.443295
vn -0.150995 0.809544 -0.567309
vn 0.731690 0.643872 0.223738
vn -0.141613 0.816647 -0.559494
vn -0.108911 0.794399 -0.597552
vn -0.122191 0.791906 -0.598293
vn 0.911382 0.394163 -0.118397
vn -0.124130 0.798706 -0.588779
vn 0.852713 0.052428 -0.519742
vn 0.135535 0.751864 -0.645238
vn 0.608702 -0.172765 -0.774360
vn -0.127525 0.780076 -0.612551
vn -0.142718 0.769337 -0.622697
vn -0.161006 0.764220 -0.624536
vn -0.034651 0.209020 -0.977297
vn 0.321382 -0.304886 -0.896525
vn -0.155946 0.765470 -0.624289
vn -0.251834 -0.373074 -0.892970
vn -0.173726 0.765674 -0.619324
vn -0.448586 0.495384 -0.743885
vn -0.552856 -0.316046 -0.771016
vn -0.557120 0.484919 -0.674145
vn -0.769028 0.324437 -0.550760
vn 0.931158 0.355375 -0.081566
vn -0.021987 0.811964 -0.583293
vn 0.326882 0.850322 -0.412432
vn -0.982308 0.183006 -0.039758
vn -0.189827 0.788026 -0.585646
vn 0.696772 0.630281 0.342424
vn -0.047841 0.830881 -0.554390
vn -0.183861 0.796752 -0.575658
vn -0.835061 0.468402 0.288571
vn -0.371203 0.731598 0.571816
vn -0.405666 0.885910 -0.224943
vn -0.039131 0.837644 -0.544813
vn 0.275069 0.738067 0.616112
vn -0.067388 0.840185 -0.538096
vn -0.002871 0.785806 0.618466
vn -0.253325 0.964246 0.077819
vn -0.098361 0.831758 -0.546356
vn -0.607458 0.653582 0.451471
vn -0.744165 0.567777 0.351918
vn -0.458069 0.849804 -0.260778
vn -0.657121 0.686463 -0.311385
vn -0.745750 0.405397 -0.528687
vn -0.112867 0.833423 -0.540987
vn -0.570596 0.299291 -0.764752
vn -0.092865 0.802537 -0.589331
vn -0.623738 -0.098972 -0.775342
vn -0.220951 -0.274094 -0.935977
vn -0.364476 -0.201231 -0.909210
vn -0.053867 0.789434 -0.611467
vn 0.033516 -0.295299 -0.954817
vn 0.308013 -0.257433 -0.915891
vn -0.045235 0.789560 -0.612003
vn -0.068287 0.785280 -0.615363
vn 0.566752 -0.184177 -0.803039
vn -0.019208 0.802749 -0.596008
vn 0.718376 -0.083781 -0.690592
vn -0.051240 0.783605 -0.619142
vn 0.836449 -0.004651 -0.548025
vn 0.373937 0.702656 -0.605348
vn -0.085902 0.744117 -0.662503
vn -0.155598 0.744563 -0.649165
vn -0.226001 0.729793 -0.645233
vn -0.191125 0.737775 -0.647425
vn -0.212292 0.753040 -0.622786
vn -0.155991 0.788860 -0.594447
vn -0.024894 0.810035 -0.585852
vn -0.071669 0.827771 -0.556469
vn -0.056925 0.791785 -0.608142
vn -0.165882 0.841343 -0.514417
vn -0.122029 0.838389 -0.531237
vn -0.111120 0.861960 -0.494650
vn -0.082437 0.855332 -0.511480
vn -0.164315 0.845798 -0.507570
vn 0.015866 0.795700 -0.605484
vn 0.001739 0.789751 -0.613425
vn 0.086053 0.755132 -0.649900
vn 0.984470 -0.172457 0.032813
vn 0.997300 0.064273 0.035521
vn 0.567677 0.822986 0.020893
vn 0.803627 0.595018 0.011662
vn -0.033574 0.999232 0.020189
vn -0.034801 0.999377 0.005861
vn -0.302035 0.952872 0.028450
vn -0.234047 0.114072 -0.965510
vn -0.221314 -0.366036 -0.903902
vn -0.250593 0.272127 -0.929059
vn -0.232840 0.403188 -0.885000
vn -0.249025 0.146163 -0.957404
vn 0.311543 0.133015 -0.940876
vn 0.451496 -0.313489 -0.835390
vn 0.528442 -0.273509 -0.803705
vn 0.092936 0.447663 -0.889360
vn 0.122202 0.512737 -0.849804
vn 0.306878 0.115386 -0.944729
vn 0.043503 0.000016 -0.999053
vn -0.036420 0.468316 -0.882810
vn 0.206304 0.045564 -0.977426
vn 0.064355 0.442059 -0.894674
vn 0.197263 -0.360530 -0.911650
vn 0.206304 0.045564 -0.977426
vn 0.154875 -0.104992 -0.982339
vn -0.069209 0.044963 -0.996588
vn -0.111856 0.441049 -0.890485
vn -0.136370 0.430430 -0.892263
vn 0.009657 -0.342802 -0.939358
vn -0.068359 0.046634 -0.996570
vn -0.070564 0.048400 -0.996332
vn -0.063874 -0.352702 -0.933553
vn -0.325508 0.504109 -0.799950
vn -0.369429 0.154769 -0.916280
vn -0.292184 0.471102 -0.832281
vn -0.435716 0.171040 -0.883684
vn -0.369429 0.154769 -0.916280
vn -0.491713 -0.324082 -0.808201
vn -0.432839 0.145297 -0.889685
vn -0.369378 0.547993 -0.750509
vn -0.370253 0.533523 -0.760438
vn -0.581003 0.204618 -0.787761
vn -0.472187 0.451347 -0.757182
vn -0.545053 0.145915 -0.825606
vn -0.558350 0.192460 -0.806972
vn -0.604385 0.217288 -0.766489
vn -0.660952 -0.168358 -0.731299
vn -0.547433 0.243782 -0.800554
vn 0.509479 0.192685 -0.838632
vn 0.677190 -0.202484 -0.707399
vn 0.720673 -0.171107 -0.671828
vn 0.309654 0.392028 -0.866273
vn 0.261324 0.518126 -0.814405
vn 0.538294 0.204560 -0.817554
vn -0.589045 0.299382 -0.750598
vn -0.620973 0.362252 -0.695101
vn -0.610744 0.364996 -0.702688
vn -0.796697 -0.099236 -0.596176
vn -0.511172 0.461158 -0.725284
vn -0.598247 0.381767 -0.704524
vn -0.589514 0.329644 -0.737433
vn 0.296423 0.552812 -0.778802
vn 0.291233 0.580395 -0.760476
vn 0.621426 0.289018 -0.728216
vn 0.330610 0.587307 -0.738761
vn 0.641879 0.277613 -0.714789
vn 0.644350 0.311283 -0.698509
vn 0.848975 -0.048578 -0.526196
vn -0.679899 0.404934 -0.611364
vn -0.702151 0.432785 -0.565404
vn -0.889671 0.071238 -0.451010
vn -0.909263 0.118441 -0.399015
vn -0.635111 0.463579 -0.617842
vn -0.679899 0.404934 -0.611364
vn 0.886157 0.389278 0.251374
vn 0.890761 0.312706 0.329787
vn 0.946547 0.083081 0.311683
vn 0.944557 0.079829 0.318497
vn 0.972363 0.012768 0.233124
vn 0.926937 0.253748 0.276407
vn 0.911474 -0.288201 0.293523
vn 0.908062 -0.314073 0.277097
vn 0.926619 -0.208810 0.312693
vn 0.935735 -0.140483 0.323520
vn -0.591850 0.331739 0.734618
vn -0.662225 0.389826 0.639918
vn -0.673067 0.405256 0.618667
vn -0.686363 0.296777 0.663950
vn -0.418619 0.715609 0.559162
vn -0.462909 0.706653 0.535123
vn -0.534496 0.413786 0.736950
vn -0.555311 0.371686 0.743962
vn -0.552289 0.309511 0.774067
vn -0.584329 0.277324 0.762660
vn -0.396926 0.652606 0.645411
vn -0.459649 0.681571 0.569371
vn -0.528011 0.413913 0.741539
vn -0.533184 0.428517 0.729443
vn -0.573080 0.308940 0.759036
vn -0.554090 0.724978 0.409134
vn -0.606515 0.698830 0.379178
vn -0.617776 0.661918 0.424520
vn -0.677981 0.513675 0.525813
vn -0.670799 0.389297 0.631250
vn -0.662225 0.389826 0.639918
vn -0.695485 0.468292 0.544980
vn -0.673067 0.405256 0.618667
vn -0.403551 0.854959 0.325872
vn -0.431050 0.832180 0.348816
vn -0.380326 0.851784 0.360301
vn -0.433171 0.802547 0.410222
vn -0.600793 0.005851 0.799383
vn -0.674603 0.061799 0.735589
vn -0.591628 0.080427 0.802189
vn -0.609739 0.145785 0.779079
vn -0.476479 0.735062 0.482340
vn -0.457762 0.817717 0.348988
vn -0.529514 0.777103 0.340185
vn -0.538962 0.702433 0.464875
vn -0.439601 0.757308 0.482945
vn -0.465551 0.719492 0.515358
vn -0.425059 0.672238 0.606153
vn -0.504616 0.604202 0.616687
vn -0.539438 0.697151 0.472216
vn 0.363829 0.930346 0.045671
vn 0.762936 0.646279 0.015898
vn 0.759871 0.644408 0.085642
vn 0.164349 0.986366 0.008468
vn 0.362753 0.931096 0.038346
vn -0.007283 0.999666 0.024793
vn -0.255865 0.963084 0.083673
vn -0.203216 0.973972 0.100408
vn -0.372574 0.911271 0.175425
vn -0.500390 0.786294 0.362424
vn -0.594388 0.720837 0.356506
vn 0.926277 -0.241288 0.289465
vn 0.914087 -0.334745 0.228889
vn 0.803677 -0.593553 0.042396
vn 0.834074 -0.550977 -0.027307
vn 0.860271 -0.495113 0.121641
vn 0.889419 -0.450512 0.077284
vn 0.688413 -0.716314 -0.113942
vn 0.794803 -0.602561 -0.072163
vn 0.603808 -0.775256 -0.185456
vn 0.659757 -0.704449 -0.261672
vn 0.447506 -0.837531 -0.313497
vn 0.103340 -0.910949 -0.399366
vn 0.123902 -0.946650 -0.297492
vn 0.302064 -0.855281 -0.421012
vn 0.335013 -0.897574 -0.286579
vn 0.109426 -0.917385 -0.382662
vn -0.134985 -0.924953 -0.355303
vn -0.319221 -0.922715 -0.216089
vn -0.200290 -0.915875 -0.347933
vn -0.366260 -0.860469 -0.354185
vn -0.402337 -0.905823 -0.132705
vn -0.366260 -0.860469 -0.354185
vn -0.572427 -0.784691 -0.237880
vn -0.530598 -0.826822 -0.186634
vn -0.721383 -0.689742 -0.062150
vn -0.672868 -0.739701 0.009579
vn -0.785566 -0.617700 0.036504
vn -0.857234 -0.505636 0.097379
vn -0.789972 -0.585392 0.182375
vn -0.858766 -0.484577 0.166453
vn -0.818286 -0.493950 0.293976
vn -0.845715 -0.307861 0.435875
vn -0.899392 -0.295425 0.322208
vn -0.787732 -0.113009 0.605564
vn -0.669685 -0.015472 0.742484
vn -0.573949 0.162030 0.802701
vn -0.639219 0.051115 0.767324
vn -0.590986 0.197838 0.782046
vn -0.795603 0.424470 0.432251
vn -0.838080 0.112453 0.533832
vn -0.895716 0.310286 0.318458
vn -0.740106 0.484155 0.466731
vn -0.717720 0.338484 0.608529
vn -0.669994 0.020440 0.742085
vn -0.694880 0.271700 0.665824
vn -0.769299 0.358819 0.528610
vn -0.813521 0.181651 0.552437
vn -0.717401 0.189637 0.670354
vn 0.857120 0.439363 0.268897
vn 0.870680 0.411651 0.269182
vn 0.890761 0.312706 0.329787
vn 0.845187 0.494587 0.202588
vn 0.812801 0.578526 0.068281
vn 0.887519 0.423771 0.180909
vn 0.649272 0.734229 -0.198375
vn 0.696509 0.654016 -0.295192
vn 0.809434 0.582176 -0.076731
vn 0.281703 0.835343 -0.472065
vn 0.310978 0.793410 -0.523253
vn 0.677960 0.695034 -0.239371
vn 0.864964 0.480293 -0.145453
vn 0.948151 0.274552 -0.160094
vn 0.940276 0.337686 0.043001
vn 0.968204 0.236866 -0.080469
vn 0.856763 0.515656 0.007497
vn 0.935949 0.351923 0.012267
vn 0.743194 0.555405 -0.373078
vn 0.939952 0.285857 -0.186481
vn 0.334679 0.760060 -0.557045
vn 0.743590 0.552045 -0.377253
vn 0.745738 0.639757 0.185970
vn 0.787292 0.573072 0.227509
vn 0.857831 0.446981 0.253641
vn 0.857120 0.439363 0.268897
vn 0.350427 0.934472 0.062955
vn 0.695469 0.705234 0.137721
vn 0.749793 0.661668 0.002422
vn 0.683600 0.728688 0.041295
vn 0.797827 0.602529 0.020745
vn 0.824323 0.565453 0.027476
vn 0.840447 0.539873 0.046748
vn 0.814190 0.576099 0.072148
vn 0.796592 0.602752 0.046167
vn 0.758778 0.644339 0.095308
vn 0.817705 0.564915 0.110585
vn 0.719195 0.675502 0.162653
vn 0.645009 0.747982 0.156481
vn 0.535206 0.843392 0.047384
vn 0.215790 0.938785 -0.268546
vn 0.834322 0.549317 0.046450
vn 0.905161 0.423099 0.040875
vn 0.813507 0.580544 0.034264
vn 0.398736 0.916692 0.026188
vn 0.798918 0.601271 0.014254
vn -0.034616 0.999225 0.018744
vn 0.407036 0.913356 0.010160
vn -0.033574 0.999232 0.020189
vn -0.191479 0.981096 0.028028
vn -0.313457 0.949027 0.033058
vn -0.560352 0.826212 0.058133
vn -0.257712 0.910120 0.324448
vn -0.245749 0.965627 0.084689
vn -0.464986 0.854855 0.230242
vn -0.193804 0.931687 -0.307245
vn -0.203250 0.923267 -0.325988
vn -0.238108 0.970132 0.046350
vn -0.344053 0.938821 0.015572
vn -0.627394 0.778227 0.027180
vn -0.034801 0.999377 0.005861
vn -0.186084 0.982504 0.007666
vn -0.014253 0.999888 -0.004609
vn -0.001574 0.999809 0.019489
vn 0.442930 0.896157 0.026755
vn 0.441764 0.896465 0.034569
vn 0.832200 0.552909 0.041662
vn -0.627286 0.778200 0.030279
vn -0.812595 0.582036 -0.030394
vn -0.866963 0.498271 0.010071
vn 0.841213 0.538498 0.048780
vn 0.949218 0.311519 0.044058
vn 0.996969 0.067326 0.038982
vn 0.982317 -0.184137 0.033878
vn 0.912322 -0.408585 0.026965
vn 0.954129 -0.297605 0.032700
vn 0.982279 -0.183613 0.037608
vn -0.785494 0.613328 0.082637
vn -0.938016 0.345532 0.027089
vn -0.929266 0.345188 0.131571
vn -0.007690 0.992933 0.118423
vn 0.133896 0.989600 0.052570
vn -0.235815 0.946838 0.218835
vn 0.897098 0.418400 0.141974
vn 0.961981 0.189150 0.197013
vn 0.979069 -0.190833 0.070752
vn 0.973345 0.156829 0.167346
vn 0.972198 -0.187294 0.140543
vn 0.898014 -0.427407 0.104373
vn 0.976684 -0.184786 0.109280
vn 0.647934 -0.749919 0.133431
vn 0.813074 -0.574682 0.093015
vn 0.892887 -0.426809 0.143483
vn -0.762415 -0.640772 0.090188
vn -0.909790 -0.405595 0.088174
vn -0.915053 -0.401024 0.043106
vn -0.915635 -0.394890 0.075333
vn -0.972283 -0.202083 0.117595
vn -0.978984 -0.198197 0.048042
vn -0.978916 -0.194989 0.060846
vn -0.987745 0.139172 0.070645
vn -0.955457 0.282641 0.084951
vn -0.988581 0.149659 0.017609
vn -0.784134 0.573409 0.237350
vn -0.886450 0.347486 0.305714
vn -0.918897 0.351816 0.178477
vn -0.487114 0.782365 0.388105
vn -0.526348 0.832766 0.171636
vn -0.711713 0.598253 0.368182
vn -0.765321 0.607282 0.213289
vn -0.365304 0.883201 0.294124
vn 0.137284 0.967811 0.210937
vn 0.000968 0.931651 0.363353
vn -0.222686 0.953051 0.205194
vn 0.148038 0.887044 0.437307
vn 0.245225 0.934247 0.258933
vn 0.552300 0.734618 0.394082
vn 0.579391 0.786904 0.212340
vn 0.683818 0.673436 0.280851
vn 0.839609 0.451763 0.301608
vn 0.845687 0.442226 0.298745
vn 0.867795 0.456225 0.196953
vn 0.962249 0.154144 0.224313
vn 0.930824 0.113782 0.347304
vn 0.942130 -0.166689 0.290869
vn 0.950109 0.184309 0.251641
vn 0.961189 0.153921 0.228963
vn 0.963877 -0.163578 0.210198
vn 0.864533 -0.436089 0.249817
vn 0.950064 -0.159336 0.268311
vn 0.751101 -0.597013 0.281819
vn 0.194807 -0.904880 0.378474
vn 0.200364 -0.960167 0.194764
vn 0.619539 -0.737062 0.270021
vn 0.609344 -0.712845 0.347206
vn 0.195241 -0.904535 0.379076
vn 0.209870 -0.960456 0.182973
vn -0.424748 -0.831270 0.358579
vn -0.440930 -0.861547 0.251631
vn -0.396015 -0.900720 0.178535
vn -0.439463 -0.841157 0.315164
vn -0.696673 -0.654884 0.292871
vn -0.683961 -0.687495 0.244023
vn -0.878262 -0.412954 0.241090
vn -0.892042 -0.423530 0.157746
vn -0.864929 -0.412512 0.285888
vn -0.911635 -0.340312 0.230455
vn -0.966779 -0.197310 0.162503
vn -0.941260 -0.173793 0.289526
vn -0.965619 0.097981 0.240789
vn -0.965221 -0.187417 0.182271
vn -0.904943 0.359983 0.226914
vn -0.962081 0.103398 0.252405
vn -0.980230 0.128497 0.150457
vn -0.729435 0.451016 0.514304
vn -0.852444 0.361072 0.378110
vn -0.479841 0.790984 0.379601
vn -0.412270 0.698097 0.585401
vn -0.680262 0.576219 0.453008
vn -0.152188 0.796066 0.585763
vn -0.339370 0.850108 0.402671
vn -0.418417 0.688457 0.592414
vn 0.135221 0.859442 0.493027
vn -0.167940 0.851264 0.497138
vn 0.534592 0.688539 0.490027
vn 0.824525 0.444856 0.349659
vn 0.753516 0.418296 0.507191
vn 0.808119 0.319807 0.494638
vn 0.920604 0.107645 0.375368
vn 0.898138 0.109374 0.425893
vn 0.871068 0.107652 0.479220
vn 0.884497 -0.149656 0.441892
vn 0.838717 -0.154192 0.522281
vn 0.833870 -0.349277 0.427396
vn 0.507820 -0.654999 0.559549
vn 0.731454 -0.409119 0.545524
vn 0.558105 -0.681734 0.473031
vn 0.808217 -0.432887 0.399241
vn 0.194460 -0.905156 0.377991
vn 0.365048 -0.752838 0.547700
vn 0.589486 -0.714532 0.376762
vn 0.180795 -0.852865 0.489830
vn 0.194460 -0.905156 0.377991
vn -0.422849 -0.786025 0.450958
vn -0.409526 -0.792473 0.451968
vn -0.617225 -0.678604 0.398158
vn -0.666974 -0.647682 0.368312
vn -0.685731 -0.555353 0.470485
vn -0.840482 -0.408858 0.355564
vn -0.833834 -0.234717 0.499628
vn -0.823923 -0.408547 0.392734
vn -0.923686 -0.167751 0.344475
vn -0.847444 0.064590 0.526941
vn -0.840414 -0.160663 0.517583
vn -0.927455 0.070196 0.367288
vn -0.919444 -0.158657 0.359792
vn -0.755762 0.315590 0.573783
vn -0.761684 0.333689 0.555417
vn -0.852444 0.361072 0.378110
vn -0.870325 0.062613 0.488481
vn -0.931577 0.078994 0.354857
vn -0.525590 -0.247236 0.814021
vn -0.527450 -0.190221 0.828017
vn -0.529344 -0.232777 0.815849
vn -0.601286 -0.304257 0.738839
vn -0.698483 -0.455732 0.551752
vn -0.667877 -0.705870 0.235983
vn -0.706214 -0.577858 0.409074
vn -0.635492 0.031920 0.771447
vn -0.680510 0.142052 0.718838
vn -0.641377 0.034385 0.766455
vn -0.646436 0.011259 0.762885
vn -0.631741 0.034898 0.774393
vn -0.558432 -0.108905 0.822370
vn -0.631741 0.034898 0.774393
vn -0.628738 0.035041 0.776827
vn -0.523956 -0.305090 0.795229
vn -0.600670 -0.222306 0.767968
vn -0.607048 0.067040 0.791832
vn -0.627985 -0.160941 0.761402
vn -0.571561 -0.173894 0.801922
vn -0.569518 -0.176601 0.802784
vn -0.449315 -0.332853 0.829051
vn -0.543393 -0.245979 0.802632
vn -0.652101 -0.135077 0.746001
vn -0.559934 -0.237980 0.793624
vn -0.728826 -0.054562 0.682521
vn -0.777355 -0.035618 0.628054
vn -0.802245 0.010175 0.596908
vn -0.473520 -0.391418 0.789032
vn -0.588280 -0.432539 0.683255
vn -0.657433 -0.413906 0.629654
vn -0.665139 -0.377591 0.644216
vn -0.669953 -0.418098 0.613479
vn -0.787212 -0.179672 0.589929
vn -0.819491 -0.309399 0.482397
vn -0.786090 -0.179614 0.591440
vn -0.842963 -0.218103 0.491777
vn -0.873258 -0.220891 0.434312
vn -0.886772 -0.111928 0.448450
vn -0.927736 -0.153997 0.339986
vn -0.282870 -0.343849 0.895406
vn -0.378993 -0.495152 0.781785
vn -0.486023 -0.405295 0.774285
vn -0.482089 -0.337725 0.808413
vn -0.549119 -0.519327 0.654803
vn -0.615334 -0.515209 0.596593
vn -0.490001 -0.466235 0.736562
vn -0.329730 -0.287214 0.899325
vn -0.411471 -0.406155 0.815923
vn -0.365008 -0.429257 0.826140
vn -0.372036 -0.476319 0.796687
vn -0.395633 -0.383876 0.834334
vn -0.484048 -0.498832 0.718932
vn 0.957645 -0.169266 0.232949
vn 0.940392 -0.310885 0.137890
vn 0.926619 -0.208810 0.312693
vn 0.861131 -0.391686 0.324092
vn 0.931132 -0.296533 0.212276
vn 0.838168 -0.474548 0.268849
vn 0.892739 -0.350134 0.283588
vn -0.303384 0.942502 -0.140171
vn -0.361371 0.926505 0.104875
vn -0.410709 0.894966 0.174225
vn -0.381750 0.923976 0.023149
vn -0.462483 0.876746 0.132006
vn -0.503158 0.863196 -0.041531
vn 0.537290 0.842260 -0.043780
vn 0.298020 0.936255 -0.186041
vn 0.473082 0.880485 -0.030657
vn 0.183079 0.974850 -0.127082
vn 0.285073 0.950283 -0.125278
vn 0.227790 0.897231 -0.378271
vn 0.528816 0.835151 -0.151251
vn 0.257102 0.865081 -0.430737
vn 0.580396 0.809389 -0.089610
vn 0.679719 0.733050 -0.024888
vn 0.626825 0.779034 0.014020
vn 0.660138 0.751144 0.000945
vn 0.731680 0.672365 0.112114
vn 0.749601 0.650894 0.120145
vn 0.801265 0.584726 0.126766
vn 0.781488 -0.600258 0.170198
vn 0.808053 -0.535689 0.245128
vn -0.365100 -0.922754 0.123398
vn -0.486016 -0.859483 0.158359
vn -0.476179 -0.872179 0.112060
vn -0.581668 -0.787001 0.205649
vn -0.342827 -0.928322 0.143834
vn -0.387362 -0.921793 0.015745
vn -0.449904 -0.882724 0.135587
vn -0.627343 0.763191 -0.154855
vn -0.562239 0.815307 -0.138424
vn -0.735739 0.641535 0.217073
vn -0.426441 0.542653 -0.723654
vn -0.537494 0.463777 -0.704280
vn -0.490871 0.528184 -0.692869
vn -0.432007 0.671854 -0.601649
vn -0.653294 0.521579 -0.548783
vn -0.436117 0.626613 -0.645878
vn -0.550604 0.526736 -0.647598
vn -0.278722 0.676787 -0.681377
vn -0.359508 0.619853 -0.697522
vn -0.284692 0.705390 -0.649135
vn -0.383139 0.667221 -0.638765
vn 0.764925 -0.528885 0.367655
vn 0.721286 -0.609841 0.328389
vn 0.857448 0.442564 0.262527
vn 0.943098 0.224461 0.245324
vn 0.894746 0.404351 0.189552
vn 0.966369 0.167089 0.195480
vn 0.977722 0.134624 0.161047
vn 0.932695 0.350771 0.083909
vn 0.903614 0.394129 0.167764
vn 0.992674 0.086066 0.084802
vn 0.932585 0.354203 0.069458
vn 0.943161 0.329234 0.045302
vn 0.992025 0.119496 0.040099
vn 0.980802 0.191058 0.039043
vn 0.971772 0.231951 0.043102
vn 0.996898 0.068635 0.038514
vn 0.977794 0.184064 0.100199
vn -0.662196 0.748026 0.044205
vn -0.493024 0.860549 0.127996
vn -0.559886 0.826691 0.055756
vn -0.729283 0.674607 0.114249
vn -0.467660 0.868637 0.163595
vn -0.612812 0.756942 0.226937
vn -0.719367 0.676030 0.159668
vn -0.394886 0.893715 0.212930
vn -0.587524 0.761039 0.275020
vn -0.531453 0.763317 0.367293
vn -0.300812 0.932296 0.200838
vn -0.439876 0.826297 0.351771
vn -0.493298 0.834237 0.246384
vn 0.933070 -0.351360 0.076980
vn 0.866442 -0.487415 0.108185
vn 0.899078 -0.386653 0.205324
vn 0.922694 -0.348057 0.165810
vn 0.860005 -0.456963 0.227103
vn 0.840462 -0.519990 0.152428
vn 0.882974 -0.419438 0.210781
vn 0.821029 -0.535046 0.199091
vn 0.785143 -0.593517 0.176884
vn 0.813410 -0.540438 0.215152
vn 0.811958 -0.524804 0.255549
vn -0.723963 -0.467276 0.507475
vn -0.699211 -0.620640 0.354839
vn -0.661261 -0.523095 0.537686
vn -0.700322 -0.503100 0.506399
vn -0.723017 -0.572395 0.386795
vn -0.724477 -0.557979 0.404712
vn -0.824062 -0.396785 0.404332
vn -0.765977 -0.511737 0.389108
vn -0.868338 -0.434532 0.239105
vn -0.863516 -0.370540 0.342112
vn -0.913586 -0.367897 0.173240
vn -0.930308 -0.258869 0.259835
vn -0.314563 0.572898 -0.756861
vn -0.313690 0.623945 -0.715745
vn -0.195033 0.633607 -0.748668
vn -0.259799 0.512771 -0.818273
vn -0.187523 0.422883 -0.886569
vn -0.172727 0.633770 -0.753990
vn -0.129813 0.636611 -0.760181
vn -0.071663 0.444365 -0.892975
vn -0.095377 0.641677 -0.761022
vn -0.257175 0.659720 -0.706137
vn -0.102514 0.675012 -0.730650
vn -0.141525 0.673115 -0.725869
vn -0.179893 0.659270 -0.730070
vn -0.190822 0.693656 -0.694571
vn -0.203725 0.639435 -0.741363
vn -0.220016 0.672564 -0.706577
vn -0.049016 0.664502 -0.745678
vn 0.033062 0.654099 -0.755686
vn 0.029944 0.636887 -0.770376
vn -0.011050 0.610814 -0.791697
vn 0.003120 0.657056 -0.753835
vn -0.722965 0.520727 -0.454054
vn -0.978134 -0.148308 0.145803
vn -0.640731 0.728097 -0.243595
vn -0.835886 0.192935 0.513878
vn -0.411012 0.905462 -0.105864
vn -0.437552 0.496007 0.750017
vn -0.129159 0.987577 -0.089497
vn 0.037454 0.640296 0.767214
vn 0.143266 0.970649 -0.193173
vn 0.503356 0.626565 0.595021
vn 0.337277 0.860742 -0.381270
vn 0.849323 0.453963 0.269385
vn 0.409250 0.680928 -0.607332
vn 0.978251 0.153603 -0.139395
vn 0.321995 0.484138 -0.813591
vn 0.835782 -0.193063 -0.514000
vn 0.108143 0.316071 -0.942552
vn 0.452097 -0.488811 -0.746105
vn -0.164598 0.225003 -0.960355
vn -0.034430 -0.639875 -0.767707
vn -0.435145 0.238975 -0.868067
vn -0.505248 -0.626136 -0.593867
vn -0.645789 0.351067 -0.678018
vn -0.863993 -0.439099 -0.246392
vn -0.536733 0.827083 -0.166889
vn -0.660659 0.359936 0.658768
vn -0.699122 0.628656 -0.340616
vn -0.937257 0.028504 0.347472
vn -0.276378 0.957290 -0.084915
vn -0.344921 0.537429 0.769545
vn -0.069261 0.621704 0.780184
vn 0.014836 0.991083 -0.132416
vn 0.282410 0.653834 0.701958
vn 0.250595 0.926854 -0.279540
vn 0.693521 0.561115 0.451861
vn 0.389704 0.776425 -0.495273
vn 0.947224 0.313719 0.065937
vn 0.380998 0.583388 -0.717285
vn 0.941932 -0.017275 -0.335360
vn 0.226501 0.393438 -0.891013
vn 0.667364 -0.354819 -0.654774
vn -0.025706 0.261984 -0.964730
vn 0.210554 -0.585300 -0.783001
vn -0.303818 0.222615 -0.926357
vn -0.277017 -0.653996 -0.703953
vn -0.550657 0.283393 -0.785153
vn -0.705454 -0.555150 -0.440616
vn -0.702027 0.428816 -0.568573
vn -0.951863 -0.302332 -0.050524
vn -0.978219 -0.151815 0.141561
vn -0.837137 0.191393 0.512417
vn -0.436965 0.496293 0.750170
vn 0.040885 0.640769 0.766644
vn 0.507651 0.625586 0.592396
vn 0.852431 0.450918 0.264641
vn 0.978189 0.150424 -0.143246
vn 0.834403 -0.194755 -0.515600
vn 0.452769 -0.488473 -0.745919
vn -0.031099 -0.639402 -0.768243
vn -0.500681 -0.627165 -0.596643
vn -0.860825 -0.442417 -0.251490
vn -0.661709 0.359140 0.658149
vn -0.938689 0.025134 0.343847
vn -0.344923 0.537427 0.769545
vn -0.069259 0.621705 0.780183
vn 0.288117 0.653640 0.699817
vn 0.699058 0.558382 0.446686
vn 0.949115 0.309200 0.059801
vn 0.940478 -0.020839 -0.339215
vn 0.666445 -0.355523 -0.655327
vn 0.213482 -0.584399 -0.782881
vn -0.271234 -0.654145 -0.706064
vn -0.699930 -0.557946 -0.445864
vn -0.950353 -0.306153 -0.055681
vn 0.062954 0.885006 -0.461305
vn -0.004078 0.908659 -0.417520
vn -0.076164 0.923138 -0.376850
vn -0.161233 0.920686 -0.355446
vn -0.248102 0.903506 -0.349461
vn -0.324912 0.871614 -0.367043
vn -0.403784 0.826217 -0.392842
vn -0.458544 0.768032 -0.447063
vn -0.496970 0.710030 -0.498878
vn -0.509322 0.647790 -0.566532
vn -0.497323 0.591887 -0.634303
vn -0.462616 0.546559 -0.698040
vn -0.410225 0.503395 -0.760467
vn -0.340287 0.482895 -0.806856
vn -0.265341 0.467330 -0.843325
vn -0.181915 0.472337 -0.862441
vn -0.097839 0.489856 -0.866296
vn -0.021159 0.526069 -0.850179
vn 0.051301 0.566505 -0.822460
vn 0.101982 0.622442 -0.775993
vn 0.142542 0.679190 -0.719988
vn 0.154804 0.739134 -0.655528
vn 0.146478 0.795818 -0.587553
vn 0.110116 0.844383 -0.524301
vn -0.183340 0.736549 -0.651062
vn -0.708932 0.562253 -0.425779
vn -0.981895 -0.134172 0.133713
vn -0.623041 0.755264 -0.203459
vn -0.833734 0.182037 0.521297
vn -0.390038 0.919156 -0.054970
vn -0.429793 0.461910 0.775833
vn -0.106489 0.993768 -0.032951
vn 0.048252 0.594139 0.802914
vn 0.165968 0.976637 -0.136506
vn 0.514529 0.579739 0.631794
vn 0.358338 0.873340 -0.329956
vn 0.858048 0.418314 0.297939
vn 0.427305 0.705222 -0.565749
vn 0.982101 0.139085 -0.127011
vn 0.336612 0.522644 -0.783285
vn 0.833626 -0.182157 -0.521428
vn 0.119644 0.367165 -0.922429
vn 0.444477 -0.455281 -0.771465
vn -0.154992 0.283492 -0.946367
vn -0.045217 -0.593757 -0.803373
vn -0.425588 0.298284 -0.854343
vn -0.516418 -0.579334 -0.630623
vn -0.634543 0.404030 -0.658874
vn -0.872487 -0.404467 -0.274178
vn -0.517205 0.847289 -0.120829
vn -0.655473 0.336412 0.676152
vn -0.683198 0.662916 -0.306238
vn -0.937997 0.029786 0.345360
vn -0.254371 0.966622 -0.030617
vn -0.336349 0.500024 0.798026
vn -0.058914 0.577262 0.814431
vn 0.037749 0.996461 -0.075109
vn 0.293754 0.605833 0.739374
vn 0.272689 0.935450 -0.224886
vn 0.703842 0.518318 0.485749
vn 0.409388 0.794541 -0.448449
vn 0.953722 0.287803 0.087090
vn 0.397382 0.614829 -0.681229
vn 0.942866 -0.019381 -0.332608
vn 0.239469 0.438730 -0.866124
vn 0.662275 -0.331686 -0.671846
vn -0.015286 0.317498 -0.948136
vn 0.201000 -0.543976 -0.814671
vn -0.294387 0.282323 -0.913034
vn -0.288356 -0.606003 -0.741358
vn -0.540456 0.340481 -0.769402
vn -0.715691 -0.512739 -0.474220
vn -0.689531 0.476619 -0.545327
vn -0.958176 -0.277218 -0.071063
vn -0.982040 -0.137426 0.129277
vn -0.835011 0.180612 0.519746
vn -0.429201 0.462173 0.776004
vn 0.051696 0.594566 0.802384
vn 0.518813 0.578815 0.629132
vn 0.861110 0.415476 0.293035
vn 0.981986 0.136135 -0.131039
vn 0.832216 -0.183722 -0.523127
vn 0.445158 -0.454970 -0.771257
vn -0.041874 -0.593330 -0.803869
vn -0.511861 -0.580305 -0.633439
vn -0.869371 -0.407558 -0.279448
vn -0.656539 0.335677 0.675484
vn -0.939488 0.026664 0.341544
vn -0.336351 0.500022 0.798026
vn -0.058912 0.577264 0.814430
vn 0.299466 0.605632 0.737245
vn 0.709340 0.515761 0.480444
vn 0.955540 0.283601 0.080710
vn 0.941351 -0.022684 -0.336666
vn 0.661344 -0.332337 -0.672440
vn 0.203948 -0.543151 -0.814489
vn -0.282570 -0.606161 -0.743454
vn -0.710207 -0.515353 -0.479601
vn -0.956727 -0.280770 -0.076426
vn 0.085006 0.908390 -0.409391
vn 0.018321 0.931005 -0.364545
vn -0.053612 0.944758 -0.323355
vn -0.138813 0.943014 -0.302415
vn -0.226072 0.927498 -0.297724
vn -0.303499 0.898423 -0.317372
vn -0.383252 0.856386 -0.346008
vn -0.439051 0.802672 -0.403673
vn -0.478528 0.748634 -0.458867
vn -0.491959 0.690681 -0.530034
vn -0.480905 0.638503 -0.600869
vn -0.446927 0.596136 -0.666992
vn -0.395229 0.555451 -0.731621
vn -0.325554 0.536066 -0.778876
vn -0.250805 0.520924 -0.815926
vn -0.167199 0.525121 -0.834442
vn -0.082735 0.540918 -0.836996
vn -0.005336 0.574394 -0.818562
vn 0.067887 0.611514 -0.788316
vn 0.119593 0.663523 -0.738536
vn 0.161156 0.716020 -0.679223
vn 0.174462 0.771869 -0.611376
vn 0.167095 0.824726 -0.540283
vn 0.131539 0.870393 -0.474461
vn -0.163672 0.776717 -0.608212
f 64/64/64 115/115/115 114/114/114
f 114/114/114 2/2/2 64/64/64
f 9/9/9 120/120/120 119/119/119
f 119/119/119 7/7/7 9/9/9
f 2/2/2 114/114/114 137/137/137
f 137/137/137 58/58/58 2/2/2
f 15/15/15 133/133/133 132/132/132
f 132/132/132 13/13/13 15/15/15
f 19/19/19 135/135/135 134/134/134
f 134/134/134 17/17/17 19/19/19
f 23/23/23 118/118/118 117/117/117
f 117/117/117 21/21/21 23/23/23
f 19/19/19 11/11/11 136/136/136
f 136/136/136 135/135/135 19/19/19
f 5/5/5 21/21/21 117/117/117
f 117/117/117 116/116/116 5/5/5
f 15/15/15 17/17/17 134/134/134
f 134/134/134 133/133/133 15/15/15
f 23/23/23 7/7/7 119/119/119
f 119/119/119 118/118/118 23/23/23
f 44/44/44 121/121/121 120/120/120
f 120/120/120 9/9/9 44/44/44
f 27/27/27 13/13/13 132/132/132
f 132/132/132 131/131/131 27/27/27
f 29/29/29 123/123/123 122/122/122
f 122/122/122 25/25/25 29/29/29
f 31/31/31 27/27/27 131/131/131
f 131/131/131 130/130/130 31/31/31
f 35/35/35 129/129/129 128/128/128
f 128/128/128 33/33/33 35/35/35
f 53/53/53 126/126/126 125/125/125
f 125/125/125 60/60/60 53/53/53
f 29/29/29 37/37/37 124/124/124
f 124/124/124 123/123/123 29/29/29
f 35/35/35 31/31/31 130/130/130
f 130/130/130 129/129/129 35/35/35
f 49/49/49 56/56/56 87/87/87
f 87/87/87 88/88/88 49/49/49
f 78/78/78 38/38/38 77/77/77
f 56/56/56 40/40/40 85/85/85
f 85/85/85 86/86/86 56/56/56
f 40/40/40 83/83/83 84/84/84
f 84/84/84 85/85/85 40/40/40
f 40/40/40 56/56/56 39/39/39
f 39/39/39 41/41/41 40/40/40
f 83/83/83 40/40/40 41/41/41
f 41/41/41 82/82/82 83/83/83
f 42/42/42 41/41/41 39/39/39
f 39/39/39 38/38/38 42/42/42
f 81/81/81 82/82/82 41/41/41
f 41/41/41 42/42/42 81/81/81
f 38/38/38 78/78/78 79/79/79
f 79/79/79 42/42/42 38/38/38
f 80/80/80 81/81/81 42/42/42
f 42/42/42 79/79/79 80/80/80
f 73/73/73 48/48/48 71/71/71
f 71/71/71 72/72/72 73/73/73
f 50/50/50 49/49/49 62/62/62
f 62/62/62 61/61/61 50/50/50
f 49/49/49 88/88/88 65/65/65
f 65/65/65 62/62/62 49/49/49
f 50/50/50 61/61/61 45/45/45
f 45/45/45 51/51/51 50/50/50
f 25/25/25 122/122/122 121/121/121
f 121/121/121 44/44/44 25/25/25
f 46/46/46 47/47/47 61/61/61
f 61/61/61 62/62/62 46/46/46
f 61/61/61 47/47/47 48/48/48
f 48/48/48 45/45/45 61/61/61
f 69/69/69 70/70/70 47/47/47
f 47/47/47 46/46/46 69/69/69
f 47/47/47 70/70/70 71/71/71
f 71/71/71 48/48/48 47/47/47
f 73/73/73 74/74/74 45/45/45
f 45/45/45 48/48/48 73/73/73
f 74/74/74 75/75/75 45/45/45
f 67/67/67 46/46/46 62/62/62
f 62/62/62 66/66/66 67/67/67
f 67/67/67 68/68/68 69/69/69
f 69/69/69 46/46/46 67/67/67
f 55/55/55 127/127/127 126/126/126
f 126/126/126 53/53/53 55/55/55
f 38/38/38 39/39/39 50/50/50
f 50/50/50 51/51/51 38/38/38
f 56/56/56 86/86/86 87/87/87
f 51/51/51 76/76/76 77/77/77
f 77/77/77 38/38/38 51/51/51
f 56/56/56 49/49/49 50/50/50
f 50/50/50 39/39/39 56/56/56
f 55/55/55 33/33/33 128/128/128
f 128/128/128 127/127/127 55/55/55
f 64/64/64 5/5/5 116/116/116
f 116/116/116 115/115/115 64/64/64
f 65/65/65 66/66/66 62/62/62
f 75/75/75 76/76/76 51/51/51
f 51/51/51 45/45/45 75/75/75
f 95/95/95 94/94/94 63/63/63
f 63/63/63 1/1/1 95/95/95
f 99/99/99 18/18/18 16/16/16
f 16/16/16 100/100/100 99/99/99
f 92/92/92 91/91/91 22/22/22
f 22/22/22 20/20/20 92/92/92
f 98/98/98 10/10/10 18/18/18
f 18/18/18 99/99/99 98/98/98
f 100/100/100 16/16/16 14/14/14
f 14/14/14 101/101/101 100/100/100
f 91/91/91 90/90/90 6/6/6
f 6/6/6 22/22/22 91/91/91
f 103/103/103 102/102/102 12/12/12
f 12/12/12 26/26/26 103/103/103
f 104/104/104 103/103/103 26/26/26
f 26/26/26 30/30/30 104/104/104
f 106/106/106 105/105/105 34/34/34
f 34/34/34 32/32/32 106/106/106
f 105/105/105 104/104/104 30/30/30
f 30/30/30 34/34/34 105/105/105
f 90/90/90 89/89/89 8/8/8
f 8/8/8 6/6/6 90/90/90
f 89/89/89 113/113/113 43/43/43
f 43/43/43 8/8/8 89/89/89
f 108/108/108 52/52/52 59/59/59
f 59/59/59 109/109/109 108/108/108
f 97/97/97 57/57/57 10/10/10
f 10/10/10 98/98/98 97/97/97
f 108/108/108 107/107/107 54/54/54
f 54/54/54 52/52/52 108/108/108
f 109/109/109 59/59/59 36/36/36
f 36/36/36 110/110/110 109/109/109
f 60/60/60 125/125/125 124/124/124
f 124/124/124 37/37/37 60/60/60
f 58/58/58 137/137/137 136/136/136
f 136/136/136 11/11/11 58/58/58
f 57/57/57 97/97/97 96/96/96
f 96/96/96 3/3/3 57/57/57
f 12/12/12 102/102/102 101/101/101
f 101/101/101 14/14/14 12/12/12
f 20/20/20 4/4/4 93/93/93
f 93/93/93 92/92/92 20/20/20
f 43/43/43 113/113/113 112/112/112
f 112/112/112 24/24/24 43/43/43
f 24/24/24 112/112/112 111/111/111
f 111/111/111 28/28/28 24/24/24
f 32/32/32 54/54/54 107/107/107
f 107/107/107 106/106/106 32/32/32
f 28/28/28 111/111/111 110/110/110
f 110/110/110 36/36/36 28/28/28
f 4/4/4 63/63/63 94/94/94
f 94/94/94 93/93/93 4/4/4
f 66/66/66 65/65/65 115/115/115
f 115/115/115 116/116/116 66/66/66
f 67/67/67 66/66/66 116/116/116
f 116/116/116 117/117/117 67/67/67
f 118/118/118 68/68/68 67/67/67
f 67/67/67 117/117/117 118/118/118
f 69/69/69 68/68/68 118/118/118
f 118/118/118 119/119/119 69/69/69
f 120/120/120 70/70/70 69/69/69
f 69/69/69 119/119/119 120/120/120
f 121/121/121 71/71/71 70/70/70
f 70/70/70 120/120/120 121/121/121
f 122/122/122 72/72/72 71/71/71
f 71/71/71 121/121/121 122/122/122
f 123/123/123 73/73/73 72/72/72
f 72/72/72 122/122/122 123/123/123
f 74/74/74 73/73/73 123/123/123
f 123/123/123 124/124/124 74/74/74
f 125/125/125 75/75/75 74/74/74
f 74/74/74 124/124/124 125/125/125
f 126/126/126 76/76/76 75/75/75
f 75/75/75 125/125/125 126/126/126
f 127/127/127 77/77/77 76/76/76
f 76/76/76 126/126/126 127/127/127
f 78/78/78 77/77/77 127/127/127
f 127/127/127 128/128/128 78/78/78
f 129/129/129 79/79/79 78/78/78
f 78/78/78 128/128/128 129/129/129
f 80/80/80 79/79/79 129/129/129
f 129/129/129 130/130/130 80/80/80
f 81/81/81 80/80/80 130/130/130
f 130/130/130 131/131/131 81/81/81
f 82/82/82 81/81/81 131/131/131
f 131/131/131 132/132/132 82/82/82
f 133/133/133 83/83/83 82/82/82
f 82/82/82 132/132/132 133/133/133
f 84/84/84 83/83/83 133/133/133
f 133/133/133 134/134/134 84/84/84
f 135/135/135 85/85/85 84/84/84
f 84/84/84 134/134/134 135/135/135
f 86/86/86 85/85/85 135/135/135
f 135/135/135 136/136/136 86/86/86
f 137/137/137 87/87/87 86/86/86
f 86/86/86 136/136/136 137/137/137
f 114/114/114 88/88/88 87/87/87
f 87/87/87 137/137/137 114/114/114
f 115/115/115 65/65/65 88/88/88
f 88/88/88 114/114/114 115/115/115
f 138/138/138 198/198/198 199/199/199
f 199/199/199 139/139/139 138/138/138
f 142/142/142 190/190/190 191/191/191
f 191/191/191 143/143/143 142/142/142
f 201/201/201 203/203/203 227/227/227
f 227/227/227 225/225/225 201/201/201
f 152/152/152 192/192/192 193/193/193
f 193/193/193 153/153/153 152/152/152
f 156/156/156 194/194/194 195/195/195
f 195/195/195 157/157/157 156/156/156
f 160/160/160 196/196/196 197/197/197
f 197/197/197 161/161/161 160/160/160
f 200/200/200 181/181/181 147/147/147
f 147/147/147 164/164/164 200/200/200
f 166/166/166 187/187/187 188/188/188
f 188/188/188 167/167/167 166/166/166
f 207/207/207 208/208/208 232/232/232
f 232/232/232 231/231/231 207/207/207
f 188/188/188 189/189/189 172/172/172
f 172/172/172 167/167/167 188/188/188
f 185/185/185 186/186/186 170/170/170
f 170/170/170 174/174/174 185/185/185
f 205/205/205 206/206/206 230/230/230
f 230/230/230 229/229/229 205/205/205
f 204/204/204 205/205/205 229/229/229
f 229/229/229 228/228/228 204/204/204
f 203/203/203 204/204/204 228/228/228
f 228/228/228 227/227/227 203/203/203
f 189/189/189 190/190/190 142/142/142
f 142/142/142 172/172/172 189/189/189
f 199/199/199 200/200/200 164/164/164
f 164/164/164 139/139/139 199/199/199
f 218/218/218 219/219/219 222/222/222
f 222/222/222 242/242/242 218/218/218
f 195/195/195 196/196/196 160/160/160
f 160/160/160 157/157/157 195/195/195
f 193/193/193 194/194/194 156/156/156
f 156/156/156 153/153/153 193/193/193
f 191/191/191 192/192/192 152/152/152
f 152/152/152 143/143/143 191/191/191
f 140/140/140 220/220/220 219/219/219
f 219/219/219 141/141/141 140/140/140
f 149/149/149 203/203/203 201/201/201
f 201/201/201 150/150/150 149/149/149
f 151/151/151 202/202/202 221/221/221
f 221/221/221 165/165/165 151/151/151
f 169/169/169 208/208/208 207/207/207
f 207/207/207 171/171/171 169/169/169
f 177/177/177 175/175/175 206/206/206
f 206/206/206 205/205/205 177/177/177
f 179/179/179 177/177/177 205/205/205
f 205/205/205 204/204/204 179/179/179
f 149/149/149 179/179/179 204/204/204
f 204/204/204 203/203/203 149/149/149
f 162/162/162 141/141/141 219/219/219
f 219/219/219 218/218/218 162/162/162
f 243/243/243 138/138/138 139/139/139
f 139/139/139 246/246/246 243/243/243
f 142/142/142 143/143/143 262/262/262
f 148/148/148 249/249/249 247/247/247
f 247/247/247 146/146/146 148/148/148
f 153/153/153 266/266/266 268/268/268
f 268/268/268 152/152/152 153/153/153
f 157/157/157 252/252/252 271/271/271
f 271/271/271 156/156/156 157/157/157
f 161/161/161 255/255/255 253/253/253
f 253/253/253 160/160/160 161/161/161
f 147/147/147 248/248/248 258/258/258
f 258/258/258 164/164/164 147/147/147
f 167/167/167 278/278/278 275/275/275
f 275/275/275 166/166/166 167/167/167
f 166/166/166 275/275/275 280/280/280
f 280/280/280 170/170/170 166/166/166
f 167/167/167 172/172/172 283/283/283
f 283/283/283 278/278/278 167/167/167
f 170/170/170 280/280/280 285/285/285
f 285/285/285 174/174/174 170/170/170
f 174/174/174 285/285/285 289/289/289
f 289/289/289 176/176/176 174/174/174
f 176/176/176 289/289/289 292/292/292
f 292/292/292 178/178/178 176/176/176
f 148/148/148 178/178/178 292/292/292
f 292/292/292 249/249/249 148/148/148
f 172/172/172 142/142/142 262/262/262
f 262/262/262 283/283/283 172/172/172
f 139/139/139 164/164/164 258/258/258
f 258/258/258 246/246/246 139/139/139
f 161/161/161 138/138/138 243/243/243
f 243/243/243 255/255/255 161/161/161
f 157/157/157 160/160/160 253/253/253
f 253/253/253 252/252/252 157/157/157
f 153/153/153 156/156/156 271/271/271
f 271/271/271 266/266/266 153/153/153
f 143/143/143 152/152/152 268/268/268
f 268/268/268 262/262/262 143/143/143
f 222/222/222 223/223/223 199/199/199
f 199/199/199 198/198/198 222/222/222
f 190/190/190 235/235/235 236/236/236
f 236/236/236 191/191/191 190/190/190
f 182/182/182 148/148/148 146/146/146
f 146/146/146 180/180/180 182/182/182
f 192/192/192 237/237/237 238/238/238
f 238/238/238 193/193/193 192/192/192
f 194/194/194 239/239/239 240/240/240
f 240/240/240 195/195/195 194/194/194
f 196/196/196 241/241/241 242/242/242
f 242/242/242 197/197/197 196/196/196
f 224/224/224 226/226/226 181/181/181
f 181/181/181 200/200/200 224/224/224
f 187/187/187 232/232/232 233/233/233
f 233/233/233 188/188/188 187/187/187
f 166/166/166 170/170/170 186/186/186
f 186/186/186 187/187/187 166/166/166
f 188/188/188 233/233/233 234/234/234
f 234/234/234 189/189/189 188/188/188
f 230/230/230 231/231/231 186/186/186
f 186/186/186 185/185/185 230/230/230
f 174/174/174 176/176/176 184/184/184
f 184/184/184 185/185/185 174/174/174
f 176/176/176 178/178/178 183/183/183
f 183/183/183 184/184/184 176/176/176
f 178/178/178 148/148/148 182/182/182
f 182/182/182 183/183/183 178/178/178
f 189/189/189 234/234/234 235/235/235
f 235/235/235 190/190/190 189/189/189
f 199/199/199 223/223/223 224/224/224
f 224/224/224 200/200/200 199/199/199
f 138/138/138 161/161/161 197/197/197
f 197/197/197 198/198/198 138/138/138
f 195/195/195 240/240/240 241/241/241
f 241/241/241 196/196/196 195/195/195
f 193/193/193 238/238/238 239/239/239
f 239/239/239 194/194/194 193/193/193
f 191/191/191 236/236/236 237/237/237
f 237/237/237 192/192/192 191/191/191
f 211/211/211 145/145/145 144/144/144
f 144/144/144 212/212/212 211/211/211
f 213/213/213 155/155/155 154/154/154
f 154/154/154 214/214/214 213/213/213
f 215/215/215 159/159/159 158/158/158
f 158/158/158 216/216/216 215/215/215
f 217/217/217 163/163/163 162/162/162
f 162/162/162 218/218/218 217/217/217
f 208/208/208 169/169/169 168/168/168
f 168/168/168 209/209/209 208/208/208
f 209/209/209 168/168/168 173/173/173
f 173/173/173 210/210/210 209/209/209
f 175/175/175 171/171/171 207/207/207
f 207/207/207 206/206/206 175/175/175
f 210/210/210 173/173/173 145/145/145
f 145/145/145 211/211/211 210/210/210
f 220/220/220 140/140/140 165/165/165
f 165/165/165 221/221/221 220/220/220
f 216/216/216 158/158/158 163/163/163
f 163/163/163 217/217/217 216/216/216
f 214/214/214 154/154/154 159/159/159
f 159/159/159 215/215/215 214/214/214
f 212/212/212 144/144/144 155/155/155
f 155/155/155 213/213/213 212/212/212
f 182/182/182 180/180/180 225/225/225
f 225/225/225 227/227/227 182/182/182
f 187/187/187 186/186/186 231/231/231
f 231/231/231 232/232/232 187/187/187
f 185/185/185 184/184/184 229/229/229
f 229/229/229 230/230/230 185/185/185
f 184/184/184 183/183/183 228/228/228
f 228/228/228 229/229/229 184/184/184
f 183/183/183 182/182/182 227/227/227
f 227/227/227 228/228/228 183/183/183
f 198/198/198 197/197/197 242/242/242
f 242/242/242 222/222/222 198/198/198
f 219/219/219 220/220/220 223/223/223
f 223/223/223 222/222/222 219/219/219
f 235/235/235 211/211/211 212/212/212
f 212/212/212 236/236/236 235/235/235
f 237/237/237 213/213/213 214/214/214
f 214/214/214 238/238/238 237/237/237
f 239/239/239 215/215/215 216/216/216
f 216/216/216 240/240/240 239/239/239
f 241/241/241 217/217/217 218/218/218
f 218/218/218 242/242/242 241/241/241
f 221/221/221 202/202/202 226/226/226
f 226/226/226 224/224/224 221/221/221
f 232/232/232 208/208/208 209/209/209
f 209/209/209 233/233/233 232/232/232
f 233/233/233 209/209/209 210/210/210
f 210/210/210 234/234/234 233/233/233
f 206/206/206 207/207/207 231/231/231
f 231/231/231 230/230/230 206/206/206
f 234/234/234 210/210/210 211/211/211
f 211/211/211 235/235/235 234/234/234
f 223/223/223 220/220/220 221/221/221
f 221/221/221 224/224/224 223/223/223
f 240/240/240 216/216/216 217/217/217
f 217/217/217 241/241/241 240/240/240
f 238/238/238 214/214/214 215/215/215
f 215/215/215 239/239/239 238/238/238
f 236/236/236 212/212/212 213/213/213
f 213/213/213 237/237/237 236/236/236
f 245/245/245 417/417/417 244/244/244
f 259/259/259 244/244/244 417/417/417
f 260/260/260 261/261/261 419/419/419
f 250/250/250 421/421/421 247/247/247
f 263/263/263 247/247/247 421/421/421
f 265/265/265 423/423/423 269/269/269
f 267/267/267 269/269/269 423/423/423
f 251/251/251 425/425/425 272/272/272
f 270/270/270 272/272/272 425/425/425
f 256/256/256 427/427/427 254/254/254
f 273/273/273 254/254/254 427/427/427
f 257/257/257 428/428/428 274/274/274
f 276/276/276 430/430/430 279/279/279
f 281/281/281 431/431/431 282/282/282
f 284/284/284 433/433/433 277/277/277
f 429/429/429 277/277/277 433/433/433
f 286/286/286 434/434/434 287/287/287
f 288/288/288 435/435/435 290/290/290
f 291/291/291 436/436/436 293/293/293
f 250/250/250 437/437/437 420/420/420
f 261/261/261 438/438/438 284/284/284
f 432/432/432 284/284/284 438/438/438
f 245/245/245 439/439/439 416/416/416
f 244/244/244 440/440/440 256/256/256
f 426/426/426 256/256/256 440/440/440
f 254/254/254 441/441/441 251/251/251
f 424/424/424 251/251/251 441/441/441
f 272/272/272 442/442/442 265/265/265
f 422/422/422 265/265/265 442/442/442
f 269/269/269 443/443/443 261/261/261
f 418/418/418 261/261/261 443/443/443
f 444/444/444 294/294/294 572/572/572
f 572/572/572 391/391/391 444/444/444
f 445/445/445 444/444/444 391/391/391
f 391/391/391 578/578/578 445/445/445
f 446/446/446 295/295/295 297/297/297
f 297/297/297 392/392/392 446/446/446
f 447/447/447 446/446/446 392/392/392
f 392/392/392 579/579/579 447/447/447
f 448/448/448 299/299/299 574/574/574
f 574/574/574 393/393/393 448/448/448
f 449/449/449 448/448/448 393/393/393
f 393/393/393 300/300/300 449/449/449
f 450/450/450 301/301/301 302/302/302
f 302/302/302 394/394/394 450/450/450
f 296/296/296 450/450/450 394/394/394
f 394/394/394 298/298/298 296/296/296
f 451/451/451 303/303/303 304/304/304
f 304/304/304 395/395/395 451/451/451
f 452/452/452 451/451/451 395/395/395
f 395/395/395 305/305/305 452/452/452
f 453/453/453 306/306/306 307/307/307
f 307/307/307 396/396/396 453/453/453
f 303/303/303 453/453/453 396/396/396
f 396/396/396 304/304/304 303/303/303
f 454/454/454 308/308/308 309/309/309
f 309/309/309 397/397/397 454/454/454
f 306/306/306 454/454/454 397/397/397
f 397/397/397 307/307/307 306/306/306
f 455/455/455 310/310/310 311/311/311
f 311/311/311 398/398/398 455/455/455
f 308/308/308 455/455/455 398/398/398
f 398/398/398 309/309/309 308/308/308
f 456/456/456 312/312/312 313/313/313
f 313/313/313 399/399/399 456/456/456
f 310/310/310 456/456/456 399/399/399
f 399/399/399 311/311/311 310/310/310
f 457/457/457 447/447/447 579/579/579
f 579/579/579 400/400/400 457/457/457
f 312/312/312 457/457/457 400/400/400
f 400/400/400 313/313/313 312/312/312
f 458/458/458 314/314/314 570/570/570
f 570/570/570 401/401/401 458/458/458
f 459/459/459 458/458/458 401/401/401
f 401/401/401 315/315/315 459/459/459
f 460/460/460 445/445/445 578/578/578
f 578/578/578 402/402/402 460/460/460
f 301/301/301 460/460/460 402/402/402
f 402/402/402 302/302/302 301/301/301
f 463/463/463 317/317/317 316/316/316
f 316/316/316 461/461/461 463/463/463
f 462/462/462 463/463/463 461/461/461
f 461/461/461 514/514/514 462/462/462
f 363/363/363 466/466/466 580/580/580
f 580/580/580 464/464/464 363/363/363
f 372/372/372 363/363/363 464/464/464
f 464/464/464 512/512/512 372/372/372
f 363/363/363 372/372/372 318/318/318
f 318/318/318 465/465/465 363/363/363
f 466/466/466 363/363/363 465/465/465
f 465/465/465 459/459/459 466/466/466
f 470/470/470 320/320/320 319/319/319
f 319/319/319 467/467/467 470/470/470
f 468/468/468 470/470/470 467/467/467
f 467/467/467 587/587/587 468/468/468
f 364/364/364 473/473/473 581/581/581
f 581/581/581 471/471/471 364/364/364
f 374/374/374 364/364/364 471/471/471
f 471/471/471 321/321/321 374/374/374
f 364/364/364 374/374/374 322/322/322
f 322/322/322 472/472/472 364/364/364
f 473/473/473 364/364/364 472/472/472
f 472/472/472 323/323/323 473/473/473
f 365/365/365 476/476/476 582/582/582
f 582/582/582 474/474/474 365/365/365
f 375/375/375 365/365/365 474/474/474
f 474/474/474 324/324/324 375/375/375
f 365/365/365 375/375/375 555/555/555
f 555/555/555 475/475/475 365/365/365
f 476/476/476 365/365/365 475/475/475
f 475/475/475 325/325/325 476/476/476
f 366/366/366 448/448/448 449/449/449
f 449/449/449 477/477/477 366/366/366
f 376/376/376 366/366/366 477/477/477
f 477/477/477 326/326/326 376/376/376
f 366/366/366 376/376/376 556/556/556
f 556/556/556 478/478/478 366/366/366
f 448/448/448 366/366/366 478/478/478
f 478/478/478 299/299/299 448/448/448
f 481/481/481 469/469/469 588/588/588
f 588/588/588 479/479/479 481/481/481
f 480/480/480 481/481/481 479/479/479
f 479/479/479 596/596/596 480/480/480
f 484/484/484 328/328/328 327/327/327
f 327/327/327 482/482/482 484/484/484
f 483/483/483 484/484/484 482/482/482
f 482/482/482 530/530/530 483/483/483
f 487/487/487 483/483/483 530/530/530
f 530/530/530 485/485/485 487/487/487
f 486/486/486 487/487/487 485/485/485
f 485/485/485 597/597/597 486/486/486
f 367/367/367 490/490/490 314/314/314
f 314/314/314 488/488/488 367/367/367
f 380/380/380 367/367/367 488/488/488
f 488/488/488 503/503/503 380/380/380
f 367/367/367 380/380/380 328/328/328
f 328/328/328 489/489/489 367/367/367
f 490/490/490 367/367/367 489/489/489
f 489/489/489 452/452/452 490/490/490
f 493/493/493 486/486/486 597/597/597
f 597/597/597 491/491/491 493/493/493
f 492/492/492 493/493/493 491/491/491
f 491/491/491 329/329/329 492/492/492
f 496/496/496 492/492/492 329/329/329
f 329/329/329 494/494/494 496/496/496
f 495/495/495 496/496/496 494/494/494
f 494/494/494 538/538/538 495/495/495
f 499/499/499 495/495/495 538/538/538
f 538/538/538 497/497/497 499/499/499
f 498/498/498 499/499/499 497/497/497
f 497/497/497 602/602/602 498/498/498
f 501/501/501 498/498/498 602/602/602
f 602/602/602 500/500/500 501/501/501
f 320/320/320 501/501/501 500/500/500
f 500/500/500 319/319/319 320/320/320
f 504/504/504 318/318/318 516/516/516
f 516/516/516 502/502/502 504/504/504
f 503/503/503 504/504/504 502/502/502
f 502/502/502 330/330/330 503/503/503
f 506/506/506 480/480/480 596/596/596
f 596/596/596 505/505/505 506/506/506
f 317/317/317 506/506/506 505/505/505
f 505/505/505 316/316/316 317/317/317
f 368/368/368 508/508/508 294/294/294
f 294/294/294 507/507/507 368/368/368
f 387/387/387 368/368/368 507/507/507
f 507/507/507 462/462/462 387/387/387
f 368/368/368 387/387/387 326/326/326
f 326/326/326 477/477/477 368/368/368
f 508/508/508 368/368/368 477/477/477
f 477/477/477 449/449/449 508/508/508
f 369/369/369 509/509/509 299/299/299
f 299/299/299 478/478/478 369/369/369
f 388/388/388 369/369/369 478/478/478
f 478/478/478 556/556/556 388/388/388
f 369/369/369 388/388/388 324/324/324
f 324/324/324 474/474/474 369/369/369
f 509/509/509 369/369/369 474/474/474
f 474/474/474 582/582/582 509/509/509
f 370/370/370 510/510/510 325/325/325
f 325/325/325 475/475/475 370/370/370
f 389/389/389 370/370/370 475/475/475
f 475/475/475 555/555/555 389/389/389
f 370/370/370 389/389/389 321/321/321
f 321/321/321 471/471/471 370/370/370
f 510/510/510 370/370/370 471/471/471
f 471/471/471 581/581/581 510/510/510
f 513/513/513 322/322/322 523/523/523
f 523/523/523 511/511/511 513/513/513
f 512/512/512 513/513/513 511/511/511
f 511/511/511 331/331/331 512/512/512
f 461/461/461 316/316/316 547/547/547
f 547/547/547 403/403/403 461/461/461
f 514/514/514 461/461/461 403/403/403
f 403/403/403 585/585/585 514/514/514
f 515/515/515 331/331/331 332/332/332
f 332/332/332 404/404/404 515/515/515
f 516/516/516 515/515/515 404/404/404
f 404/404/404 586/586/586 516/516/516
f 517/517/517 333/333/333 334/334/334
f 334/334/334 518/518/518 517/517/517
f 520/520/520 517/517/517 518/518/518
f 518/518/518 336/336/336 520/520/520
f 522/522/522 339/339/339 340/340/340
f 340/340/340 405/405/405 522/522/522
f 523/523/523 522/522/522 405/405/405
f 405/405/405 591/591/591 523/523/523
f 524/524/524 341/341/341 342/342/342
f 342/342/342 406/406/406 524/524/524
f 525/525/525 524/524/524 406/406/406
f 406/406/406 592/592/592 525/525/525
f 526/526/526 343/343/343 344/344/344
f 344/344/344 407/407/407 526/526/526
f 527/527/527 526/526/526 407/407/407
f 407/407/407 595/595/595 527/527/527
f 528/528/528 521/521/521 338/338/338
f 338/338/338 645/645/645 528/528/528
f 529/529/529 528/528/528 645/645/645
f 645/645/645 617/617/617 529/529/529
f 482/482/482 327/327/327 345/345/345
f 345/345/345 408/408/408 482/482/482
f 530/530/530 482/482/482 408/408/408
f 408/408/408 346/346/346 530/530/530
f 531/531/531 346/346/346 347/347/347
f 347/347/347 532/532/532 531/531/531
f 534/534/534 531/531/531 532/532/532
f 532/532/532 349/349/349 534/534/534
f 535/535/535 330/330/330 351/351/351
f 351/351/351 409/409/409 535/535/535
f 327/327/327 535/535/535 409/409/409
f 409/409/409 345/345/345 327/327/327
f 536/536/536 534/534/534 349/349/349
f 349/349/349 646/646/646 536/536/536
f 537/537/537 536/536/536 646/646/646
f 646/646/646 620/620/620 537/537/537
f 494/494/494 329/329/329 537/537/537
f 537/537/537 410/410/410 494/494/494
f 538/538/538 494/494/494 410/410/410
f 410/410/410 352/352/352 538/538/538
f 539/539/539 352/352/352 353/353/353
f 353/353/353 540/540/540 539/539/539
f 542/542/542 539/539/539 540/540/540
f 540/540/540 618/618/618 542/542/542
f 543/543/543 542/542/542 618/618/618
f 618/618/618 648/648/648 543/543/543
f 333/333/333 543/543/543 648/648/648
f 648/648/648 334/334/334 333/333/333
f 502/502/502 516/516/516 586/586/586
f 586/586/586 411/411/411 502/502/502
f 330/330/330 502/502/502 411/411/411
f 411/411/411 351/351/351 330/330/330
f 544/544/544 529/529/529 617/617/617
f 617/617/617 545/545/545 544/544/544
f 547/547/547 544/544/544 545/545/545
f 545/545/545 614/614/614 547/547/547
f 548/548/548 514/514/514 585/585/585
f 585/585/585 412/412/412 548/548/548
f 343/343/343 548/548/548 412/412/412
f 412/412/412 344/344/344 343/343/343
f 549/549/549 527/527/527 595/595/595
f 595/595/595 413/413/413 549/549/549
f 341/341/341 549/549/549 413/413/413
f 413/413/413 342/342/342 341/341/341
f 550/550/550 525/525/525 592/592/592
f 592/592/592 414/414/414 550/550/550
f 339/339/339 550/550/550 414/414/414
f 414/414/414 340/340/340 339/339/339
f 511/511/511 523/523/523 591/591/591
f 591/591/591 415/415/415 511/511/511
f 331/331/331 511/511/511 415/415/415
f 415/415/415 332/332/332 331/331/331
f 371/371/371 463/463/463 462/462/462
f 462/462/462 507/507/507 371/371/371
f 444/444/444 371/371/371 507/507/507
f 507/507/507 294/294/294 444/444/444
f 371/371/371 444/444/444 445/445/445
f 445/445/445 551/551/551 371/371/371
f 463/463/463 371/371/371 551/551/551
f 551/551/551 317/317/317 463/463/463
f 515/515/515 372/372/372 512/512/512
f 512/512/512 331/331/331 515/515/515
f 372/372/372 515/515/515 516/516/516
f 516/516/516 318/318/318 372/372/372
f 373/373/373 470/470/470 468/468/468
f 468/468/468 552/552/552 373/373/373
f 446/446/446 373/373/373 552/552/552
f 552/552/552 295/295/295 446/446/446
f 373/373/373 446/446/446 447/447/447
f 447/447/447 554/554/554 373/373/373
f 470/470/470 373/373/373 554/554/554
f 554/554/554 320/320/320 470/470/470
f 522/522/522 374/374/374 321/321/321
f 321/321/321 339/339/339 522/522/522
f 374/374/374 522/522/522 523/523/523
f 523/523/523 322/322/322 374/374/374
f 524/524/524 375/375/375 324/324/324
f 324/324/324 341/341/341 524/524/524
f 375/375/375 524/524/524 525/525/525
f 525/525/525 555/555/555 375/375/375
f 526/526/526 376/376/376 326/326/326
f 326/326/326 343/343/343 526/526/526
f 376/376/376 526/526/526 527/527/527
f 527/527/527 556/556/556 376/376/376
f 377/377/377 481/481/481 480/480/480
f 480/480/480 557/557/557 377/377/377
f 450/450/450 377/377/377 557/557/557
f 557/557/557 301/301/301 450/450/450
f 377/377/377 450/450/450 296/296/296
f 296/296/296 553/553/553 377/377/377
f 481/481/481 377/377/377 553/553/553
f 553/553/553 469/469/469 481/481/481
f 378/378/378 484/484/484 483/483/483
f 483/483/483 558/558/558 378/378/378
f 451/451/451 378/378/378 558/558/558
f 558/558/558 303/303/303 451/451/451
f 378/378/378 451/451/451 452/452/452
f 452/452/452 489/489/489 378/378/378
f 484/484/484 378/378/378 489/489/489
f 489/489/489 328/328/328 484/484/484
f 379/379/379 487/487/487 486/486/486
f 486/486/486 559/559/559 379/379/379
f 453/453/453 379/379/379 559/559/559
f 559/559/559 306/306/306 453/453/453
f 379/379/379 453/453/453 303/303/303
f 303/303/303 558/558/558 379/379/379
f 487/487/487 379/379/379 558/558/558
f 558/558/558 483/483/483 487/487/487
f 535/535/535 380/380/380 503/503/503
f 503/503/503 330/330/330 535/535/535
f 380/380/380 535/535/535 327/327/327
f 327/327/327 328/328/328 380/380/380
f 381/381/381 493/493/493 492/492/492
f 492/492/492 560/560/560 381/381/381
f 454/454/454 381/381/381 560/560/560
f 560/560/560 308/308/308 454/454/454
f 381/381/381 454/454/454 306/306/306
f 306/306/306 559/559/559 381/381/381
f 493/493/493 381/381/381 559/559/559
f 559/559/559 486/486/486 493/493/493
f 382/382/382 496/496/496 495/495/495
f 495/495/495 561/561/561 382/382/382
f 455/455/455 382/382/382 561/561/561
f 561/561/561 310/310/310 455/455/455
f 382/382/382 455/455/455 308/308/308
f 308/308/308 560/560/560 382/382/382
f 496/496/496 382/382/382 560/560/560
f 560/560/560 492/492/492 496/496/496
f 383/383/383 499/499/499 498/498/498
f 498/498/498 562/562/562 383/383/383
f 456/456/456 383/383/383 562/562/562
f 562/562/562 312/312/312 456/456/456
f 383/383/383 456/456/456 310/310/310
f 310/310/310 561/561/561 383/383/383
f 499/499/499 383/383/383 561/561/561
f 561/561/561 495/495/495 499/499/499
f 384/384/384 501/501/501 320/320/320
f 320/320/320 554/554/554 384/384/384
f 457/457/457 384/384/384 554/554/554
f 554/554/554 447/447/447 457/457/457
f 384/384/384 457/457/457 312/312/312
f 312/312/312 562/562/562 384/384/384
f 501/501/501 384/384/384 562/562/562
f 562/562/562 498/498/498 501/501/501
f 385/385/385 504/504/504 503/503/503
f 503/503/503 488/488/488 385/385/385
f 458/458/458 385/385/385 488/488/488
f 488/488/488 314/314/314 458/458/458
f 385/385/385 458/458/458 459/459/459
f 459/459/459 465/465/465 385/385/385
f 504/504/504 385/385/385 465/465/465
f 465/465/465 318/318/318 504/504/504
f 386/386/386 506/506/506 317/317/317
f 317/317/317 551/551/551 386/386/386
f 460/460/460 386/386/386 551/551/551
f 551/551/551 445/445/445 460/460/460
f 386/386/386 460/460/460 301/301/301
f 301/301/301 557/557/557 386/386/386
f 506/506/506 386/386/386 557/557/557
f 557/557/557 480/480/480 506/506/506
f 548/548/548 387/387/387 462/462/462
f 462/462/462 514/514/514 548/548/548
f 387/387/387 548/548/548 343/343/343
f 343/343/343 326/326/326 387/387/387
f 549/549/549 388/388/388 556/556/556
f 556/556/556 527/527/527 549/549/549
f 388/388/388 549/549/549 341/341/341
f 341/341/341 324/324/324 388/388/388
f 550/550/550 389/389/389 555/555/555
f 555/555/555 525/525/525 550/550/550
f 389/389/389 550/550/550 339/339/339
f 339/339/339 321/321/321 389/389/389
f 390/390/390 513/513/513 512/512/512
f 512/512/512 464/464/464 390/390/390
f 563/563/563 390/390/390 464/464/464
f 464/464/464 580/580/580 563/563/563
f 390/390/390 563/563/563 323/323/323
f 323/323/323 472/472/472 390/390/390
f 513/513/513 390/390/390 472/472/472
f 472/472/472 322/322/322 513/513/513
f 565/565/565 419/419/419 418/418/418
f 418/418/418 564/564/564 565/565/565
f 419/419/419 565/565/565 315/315/315
f 315/315/315 260/260/260 419/419/419
f 567/567/567 423/423/423 422/422/422
f 422/422/422 566/566/566 567/567/567
f 423/423/423 567/567/567 355/355/355
f 355/355/355 267/267/267 423/423/423
f 569/569/569 425/425/425 424/424/424
f 424/424/424 568/568/568 569/569/569
f 425/425/425 569/569/569 356/356/356
f 356/356/356 270/270/270 425/425/425
f 571/571/571 433/433/433 432/432/432
f 432/432/432 570/570/570 571/571/571
f 433/433/433 571/571/571 305/305/305
f 305/305/305 429/429/429 433/433/433
f 573/573/573 440/440/440 259/259/259
f 259/259/259 572/572/572 573/573/573
f 440/440/440 573/573/573 300/300/300
f 300/300/300 426/426/426 440/440/440
f 575/575/575 441/441/441 273/273/273
f 273/273/273 574/574/574 575/575/575
f 441/441/441 575/575/575 568/568/568
f 568/568/568 424/424/424 441/441/441
f 576/576/576 442/442/442 270/270/270
f 270/270/270 356/356/356 576/576/576
f 442/442/442 576/576/576 566/566/566
f 566/566/566 422/422/422 442/442/442
f 577/577/577 443/443/443 267/267/267
f 267/267/267 355/355/355 577/577/577
f 443/443/443 577/577/577 564/564/564
f 564/564/564 418/418/418 443/443/443
f 417/417/417 391/391/391 572/572/572
f 572/572/572 259/259/259 417/417/417
f 391/391/391 417/417/417 416/416/416
f 416/416/416 578/578/578 391/391/391
f 421/421/421 392/392/392 297/297/297
f 297/297/297 263/263/263 421/421/421
f 392/392/392 421/421/421 420/420/420
f 420/420/420 579/579/579 392/392/392
f 427/427/427 393/393/393 574/574/574
f 574/574/574 273/273/273 427/427/427
f 393/393/393 427/427/427 426/426/426
f 426/426/426 300/300/300 393/393/393
f 428/428/428 394/394/394 302/302/302
f 302/302/302 274/274/274 428/428/428
f 394/394/394 428/428/428 264/264/264
f 264/264/264 298/298/298 394/394/394
f 430/430/430 395/395/395 304/304/304
f 304/304/304 279/279/279 430/430/430
f 395/395/395 430/430/430 429/429/429
f 429/429/429 305/305/305 395/395/395
f 431/431/431 396/396/396 307/307/307
f 307/307/307 282/282/282 431/431/431
f 396/396/396 431/431/431 279/279/279
f 279/279/279 304/304/304 396/396/396
f 434/434/434 397/397/397 309/309/309
f 309/309/309 287/287/287 434/434/434
f 397/397/397 434/434/434 282/282/282
f 282/282/282 307/307/307 397/397/397
f 435/435/435 398/398/398 311/311/311
f 311/311/311 290/290/290 435/435/435
f 398/398/398 435/435/435 287/287/287
f 287/287/287 309/309/309 398/398/398
f 436/436/436 399/399/399 313/313/313
f 313/313/313 293/293/293 436/436/436
f 399/399/399 436/436/436 290/290/290
f 290/290/290 311/311/311 399/399/399
f 437/437/437 400/400/400 579/579/579
f 579/579/579 420/420/420 437/437/437
f 400/400/400 437/437/437 293/293/293
f 293/293/293 313/313/313 400/400/400
f 438/438/438 401/401/401 570/570/570
f 570/570/570 432/432/432 438/438/438
f 401/401/401 438/438/438 260/260/260
f 260/260/260 315/315/315 401/401/401
f 439/439/439 402/402/402 578/578/578
f 578/578/578 416/416/416 439/439/439
f 402/402/402 439/439/439 274/274/274
f 274/274/274 302/302/302 402/402/402
f 466/466/466 565/565/565 564/564/564
f 564/564/564 580/580/580 466/466/466
f 565/565/565 466/466/466 459/459/459
f 459/459/459 315/315/315 565/565/565
f 473/473/473 567/567/567 566/566/566
f 566/566/566 581/581/581 473/473/473
f 567/567/567 473/473/473 323/323/323
f 323/323/323 355/355/355 567/567/567
f 476/476/476 569/569/569 568/568/568
f 568/568/568 582/582/582 476/476/476
f 569/569/569 476/476/476 325/325/325
f 325/325/325 356/356/356 569/569/569
f 490/490/490 571/571/571 570/570/570
f 570/570/570 314/314/314 490/490/490
f 571/571/571 490/490/490 452/452/452
f 452/452/452 305/305/305 571/571/571
f 508/508/508 573/573/573 572/572/572
f 572/572/572 294/294/294 508/508/508
f 573/573/573 508/508/508 449/449/449
f 449/449/449 300/300/300 573/573/573
f 509/509/509 575/575/575 574/574/574
f 574/574/574 299/299/299 509/509/509
f 575/575/575 509/509/509 582/582/582
f 582/582/582 568/568/568 575/575/575
f 510/510/510 576/576/576 356/356/356
f 356/356/356 325/325/325 510/510/510
f 576/576/576 510/510/510 581/581/581
f 581/581/581 566/566/566 576/576/576
f 563/563/563 577/577/577 355/355/355
f 355/355/355 323/323/323 563/563/563
f 577/577/577 563/563/563 580/580/580
f 580/580/580 564/564/564 577/577/577
f 583/583/583 403/403/403 547/547/547
f 547/547/547 614/614/614 583/583/583
f 403/403/403 583/583/583 612/612/612
f 612/612/612 585/585/585 403/403/403
f 650/650/650 404/404/404 332/332/332
f 332/332/332 626/626/626 650/650/650
f 404/404/404 650/650/650 624/624/624
f 624/624/624 586/586/586 404/404/404
f 467/467/467 517/517/517 520/520/520
f 520/520/520 587/587/587 467/467/467
f 517/517/517 467/467/467 319/319/319
f 319/319/319 333/333/333 517/517/517
f 589/589/589 405/405/405 340/340/340
f 340/340/340 357/357/357 589/589/589
f 405/405/405 589/589/589 359/359/359
f 359/359/359 591/591/591 405/405/405
f 652/652/652 406/406/406 342/342/342
f 342/342/342 630/630/630 652/652/652
f 406/406/406 652/652/652 628/628/628
f 628/628/628 592/592/592 406/406/406
f 593/593/593 407/407/407 344/344/344
f 344/344/344 634/634/634 593/593/593
f 407/407/407 593/593/593 632/632/632
f 632/632/632 595/595/595 407/407/407
f 479/479/479 528/528/528 529/529/529
f 529/529/529 596/596/596 479/479/479
f 528/528/528 479/479/479 588/588/588
f 588/588/588 521/521/521 528/528/528
f 654/654/654 408/408/408 345/345/345
f 345/345/345 622/622/622 654/654/654
f 408/408/408 654/654/654 347/347/347
f 347/347/347 346/346/346 408/408/408
f 485/485/485 531/531/531 534/534/534
f 534/534/534 597/597/597 485/485/485
f 531/531/531 485/485/485 530/530/530
f 530/530/530 346/346/346 531/531/531
f 598/598/598 409/409/409 351/351/351
f 351/351/351 361/361/361 598/598/598
f 409/409/409 598/598/598 622/622/622
f 622/622/622 345/345/345 409/409/409
f 491/491/491 536/536/536 537/537/537
f 537/537/537 329/329/329 491/491/491
f 536/536/536 491/491/491 597/597/597
f 597/597/597 534/534/534 536/536/536
f 600/600/600 410/410/410 537/537/537
f 537/537/537 620/620/620 600/600/600
f 410/410/410 600/600/600 353/353/353
f 353/353/353 352/352/352 410/410/410
f 497/497/497 539/539/539 542/542/542
f 542/542/542 602/602/602 497/497/497
f 539/539/539 497/497/497 538/538/538
f 538/538/538 352/352/352 539/539/539
f 500/500/500 543/543/543 333/333/333
f 333/333/333 319/319/319 500/500/500
f 543/543/543 500/500/500 602/602/602
f 602/602/602 542/542/542 543/543/543
f 603/603/603 411/411/411 586/586/586
f 586/586/586 624/624/624 603/603/603
f 411/411/411 603/603/603 361/361/361
f 361/361/361 351/351/351 411/411/411
f 505/505/505 544/544/544 547/547/547
f 547/547/547 316/316/316 505/505/505
f 544/544/544 505/505/505 596/596/596
f 596/596/596 529/529/529 544/544/544
f 605/605/605 412/412/412 585/585/585
f 585/585/585 612/612/612 605/605/605
f 412/412/412 605/605/605 634/634/634
f 634/634/634 344/344/344 412/412/412
f 656/656/656 413/413/413 595/595/595
f 595/595/595 632/632/632 656/656/656
f 413/413/413 656/656/656 630/630/630
f 630/630/630 342/342/342 413/413/413
f 607/607/607 414/414/414 592/592/592
f 592/592/592 628/628/628 607/607/607
f 414/414/414 607/607/607 357/357/357
f 357/357/357 340/340/340 414/414/414
f 609/609/609 415/415/415 591/591/591
f 591/591/591 359/359/359 609/609/609
f 415/415/415 609/609/609 626/626/626
f 626/626/626 332/332/332 415/415/415
f 269/269/269 267/267/267 443/443/443
f 265/265/265 422/422/422 423/423/423
f 251/251/251 424/424/424 425/425/425
f 254/254/254 273/273/273 441/441/441
f 272/272/272 270/270/270 442/442/442
f 245/245/245 416/416/416 417/417/417
f 256/256/256 426/426/426 427/427/427
f 244/244/244 259/259/259 440/440/440
f 250/250/250 420/420/420 421/421/421
f 257/257/257 248/248/248 428/428/428
f 248/248/248 264/264/264 428/428/428
f 245/245/245 257/257/257 439/439/439
f 257/257/257 274/274/274 439/439/439
f 291/291/291 288/288/288 436/436/436
f 288/288/288 290/290/290 436/436/436
f 250/250/250 291/291/291 437/437/437
f 291/291/291 293/293/293 437/437/437
f 276/276/276 277/277/277 430/430/430
f 277/277/277 429/429/429 430/430/430
f 281/281/281 276/276/276 431/431/431
f 276/276/276 279/279/279 431/431/431
f 284/284/284 432/432/432 433/433/433
f 286/286/286 281/281/281 434/434/434
f 281/281/281 282/282/282 434/434/434
f 288/288/288 286/286/286 435/435/435
f 286/286/286 287/287/287 435/435/435
f 261/261/261 418/418/418 419/419/419
f 261/261/261 260/260/260 438/438/438
f 335/335/335 637/637/637 519/519/519
f 637/637/637 611/611/611 665/665/665
f 337/337/337 665/665/665 644/644/644
f 665/665/665 611/611/611 666/666/666
f 348/348/348 660/660/660 533/533/533
f 660/660/660 611/611/611 661/661/661
f 350/350/350 661/661/661 647/647/647
f 661/661/661 611/611/611 662/662/662
f 354/354/354 663/663/663 541/541/541
f 663/663/663 611/611/611 664/664/664
f 619/619/619 664/664/664 649/649/649
f 664/664/664 611/611/611 637/637/637
f 616/616/616 666/666/666 546/546/546
f 666/666/666 611/611/611 636/636/636
f 615/615/615 636/636/636 584/584/584
f 636/636/636 611/611/611 667/667/667
f 627/627/627 640/640/640 651/651/651
f 640/640/640 611/611/611 659/659/659
f 358/358/358 641/641/641 590/590/590
f 641/641/641 611/611/611 658/658/658
f 631/631/631 642/642/642 653/653/653
f 642/642/642 611/611/611 669/669/669
f 635/635/635 643/643/643 594/594/594
f 643/643/643 611/611/611 668/668/668
f 623/623/623 638/638/638 655/655/655
f 638/638/638 611/611/611 660/660/660
f 362/362/362 639/639/639 599/599/599
f 639/639/639 611/611/611 638/638/638
f 621/621/621 662/662/662 601/601/601
f 662/662/662 611/611/611 663/663/663
f 625/625/625 659/659/659 604/604/604
f 659/659/659 611/611/611 639/639/639
f 613/613/613 667/667/667 606/606/606
f 667/667/667 611/611/611 643/643/643
f 633/633/633 668/668/668 657/657/657
f 668/668/668 611/611/611 642/642/642
f 629/629/629 669/669/669 608/608/608
f 669/669/669 611/611/611 641/641/641
f 360/360/360 658/658/658 610/610/610
f 658/658/658 611/611/611 640/640/640
f 637/637/637 665/665/665 519/519/519
f 665/665/665 337/337/337 519/519/519
f 665/665/665 666/666/666 644/644/644
f 666/666/666 616/616/616 644/644/644
f 660/660/660 661/661/661 533/533/533
f 661/661/661 350/350/350 533/533/533
f 661/661/661 662/662/662 647/647/647
f 662/662/662 621/621/621 647/647/647
f 663/663/663 664/664/664 541/541/541
f 664/664/664 619/619/619 541/541/541
f 664/664/664 637/637/637 649/649/649
f 637/637/637 335/335/335 649/649/649
f 666/666/666 636/636/636 546/546/546
f 636/636/636 615/615/615 546/546/546
f 636/636/636 667/667/667 584/584/584
f 667/667/667 613/613/613 584/584/584
f 640/640/640 659/659/659 651/651/651
f 659/659/659 625/625/625 651/651/651
f 641/641/641 658/658/658 590/590/590
f 658/658/658 360/360/360 590/590/590
f 642/642/642 669/669/669 653/653/653
f 669/669/669 629/629/629 653/653/653
f 643/643/643 668/668/668 594/594/594
f 668/668/668 633/633/633 594/594/594
f 638/638/638 660/660/660 655/655/655
f 660/660/660 348/348/348 655/655/655
f 639/639/639 638/638/638 599/599/599
f 638/638/638 623/623/623 599/599/599
f 662/662/662 663/663/663 601/601/601
f 663/663/663 354/354/354 601/601/601
f 659/659/659 639/639/639 604/604/604
f 639/639/639 362/362/362 604/604/604
f 667/667/667 643/643/643 606/606/606
f 643/643/643 635/635/635 606/606/606
f 668/668/668 642/642/642 657/657/657
f 642/642/642 631/631/631 657/657/657
f 669/669/669 641/641/641 608/608/608
f 641/641/641 358/358/358 608/608/608
f 658/658/658 640/640/640 610/610/610
f 640/640/640 627/627/627 610/610/610
f 728/728/728 729/729/729 750/750/750
f 750/750/750 752/752/752 728/728/728
f 681/681/681 682/682/682 670/670/670
f 670/670/670 680/680/680 681/681/681
f 680/680/680 670/670/670 689/689/689
f 689/689/689 690/690/690 680/680/680
f 687/687/687 701/701/701 700/700/700
f 700/700/700 671/671/671 687/687/687
f 688/688/688 695/695/695 705/705/705
f 705/705/705 704/704/704 688/688/688
f 671/671/671 700/700/700 699/699/699
f 699/699/699 672/672/672 671/671/671
f 673/673/673 674/674/674 671/671/671
f 671/671/671 672/672/672 673/673/673
f 682/682/682 683/683/683 684/684/684
f 684/684/684 670/670/670 682/682/682
f 670/670/670 684/684/684 688/688/688
f 688/688/688 689/689/689 670/670/670
f 686/686/686 687/687/687 671/671/671
f 671/671/671 674/674/674 686/686/686
f 683/683/683 691/691/691 684/684/684
f 683/683/683 682/682/682 806/806/806
f 806/806/806 783/783/783 683/683/683
f 689/689/689 703/703/703 679/679/679
f 679/679/679 690/690/690 689/689/689
f 707/707/707 706/706/706 701/701/701
f 701/701/701 687/687/687 707/707/707
f 704/704/704 703/703/703 689/689/689
f 689/689/689 688/688/688 704/704/704
f 675/675/675 707/707/707 687/687/687
f 687/687/687 686/686/686 675/675/675
f 686/686/686 674/674/674 790/790/790
f 790/790/790 791/791/791 686/686/686
f 690/690/690 679/679/679 802/802/802
f 802/802/802 803/803/803 690/690/690
f 692/692/692 685/685/685 704/704/704
f 683/683/683 783/783/783 784/784/784
f 784/784/784 691/691/691 683/683/683
f 691/691/691 693/693/693 694/694/694
f 694/694/694 684/684/684 691/691/691
f 684/684/684 694/694/694 695/695/695
f 695/695/695 688/688/688 684/684/684
f 691/691/691 784/784/784 785/785/785
f 785/785/785 693/693/693 691/691/691
f 701/701/701 695/695/695 694/694/694
f 694/694/694 700/700/700 701/701/701
f 700/700/700 694/694/694 693/693/693
f 693/693/693 697/697/697 700/700/700
f 697/697/697 693/693/693 785/785/785
f 785/785/785 786/786/786 697/697/697
f 698/698/698 696/696/696 705/705/705
f 705/705/705 706/706/706 698/698/698
f 700/700/700 697/697/697 699/699/699
f 699/699/699 697/697/697 786/786/786
f 786/786/786 787/787/787 699/699/699
f 702/702/702 676/676/676 794/794/794
f 794/794/794 795/795/795 702/702/702
f 702/702/702 698/698/698 706/706/706
f 696/696/696 692/692/692 704/704/704
f 704/704/704 705/705/705 696/696/696
f 676/676/676 702/702/702 706/706/706
f 706/706/706 707/707/707 676/676/676
f 704/704/704 685/685/685 677/677/677
f 677/677/677 703/703/703 704/704/704
f 695/695/695 701/701/701 706/706/706
f 706/706/706 705/705/705 695/695/695
f 703/703/703 677/677/677 678/678/678
f 678/678/678 679/679/679 703/703/703
f 707/707/707 675/675/675 708/708/708
f 708/708/708 676/676/676 707/707/707
f 708/708/708 675/675/675 792/792/792
f 792/792/792 793/793/793 708/708/708
f 724/724/724 760/760/760 762/762/762
f 762/762/762 723/723/723 724/724/724
f 733/733/733 742/742/742 744/744/744
f 744/744/744 732/732/732 733/733/733
f 722/722/722 764/764/764 766/766/766
f 766/766/766 721/721/721 722/722/722
f 709/709/709 740/740/740 742/742/742
f 742/742/742 733/733/733 709/709/709
f 752/752/752 754/754/754 727/727/727
f 727/727/727 728/728/728 752/752/752
f 732/732/732 744/744/744 746/746/746
f 746/746/746 731/731/731 732/732/732
f 720/720/720 768/768/768 770/770/770
f 770/770/770 719/719/719 720/720/720
f 754/754/754 756/756/756 726/726/726
f 726/726/726 727/727/727 754/754/754
f 756/756/756 758/758/758 725/725/725
f 725/725/725 726/726/726 756/756/756
f 725/725/725 758/758/758 760/760/760
f 760/760/760 724/724/724 725/725/725
f 715/715/715 778/778/778 780/780/780
f 780/780/780 714/714/714 715/715/715
f 729/729/729 730/730/730 748/748/748
f 748/748/748 750/750/750 729/729/729
f 716/716/716 718/718/718 772/772/772
f 772/772/772 774/774/774 716/716/716
f 715/715/715 717/717/717 776/776/776
f 776/776/776 778/778/778 715/715/715
f 740/740/740 709/709/709 710/710/710
f 710/710/710 738/738/738 740/740/740
f 718/718/718 719/719/719 770/770/770
f 770/770/770 772/772/772 718/718/718
f 730/730/730 731/731/731 746/746/746
f 746/746/746 748/748/748 730/730/730
f 738/738/738 710/710/710 711/711/711
f 711/711/711 736/736/736 738/738/738
f 736/736/736 711/711/711 712/712/712
f 712/712/712 735/735/735 736/736/736
f 712/712/712 713/713/713 782/782/782
f 782/782/782 735/735/735 712/712/712
f 764/764/764 722/722/722 723/723/723
f 723/723/723 762/762/762 764/764/764
f 782/782/782 713/713/713 714/714/714
f 714/714/714 780/780/780 782/782/782
f 768/768/768 720/720/720 721/721/721
f 721/721/721 766/766/766 768/768/768
f 801/801/801 800/800/800 753/753/753
f 753/753/753 751/751/751 801/801/801
f 761/761/761 796/796/796 795/795/795
f 795/795/795 763/763/763 761/761/761
f 743/743/743 805/805/805 804/804/804
f 804/804/804 745/745/745 743/743/743
f 765/765/765 794/794/794 793/793/793
f 793/793/793 767/767/767 765/765/765
f 741/741/741 806/806/806 805/805/805
f 805/805/805 743/743/743 741/741/741
f 800/800/800 799/799/799 755/755/755
f 755/755/755 753/753/753 800/800/800
f 804/804/804 803/803/803 747/747/747
f 747/747/747 745/745/745 804/804/804
f 792/792/792 791/791/791 771/771/771
f 771/771/771 769/769/769 792/792/792
f 799/799/799 798/798/798 757/757/757
f 757/757/757 755/755/755 799/799/799
f 798/798/798 797/797/797 759/759/759
f 759/759/759 757/757/757 798/798/798
f 759/759/759 797/797/797 796/796/796
f 796/796/796 761/761/761 759/759/759
f 788/788/788 787/787/787 779/779/779
f 779/779/779 777/777/777 788/788/788
f 751/751/751 749/749/749 802/802/802
f 802/802/802 801/801/801 751/751/751
f 775/775/775 773/773/773 790/790/790
f 790/790/790 789/789/789 775/775/775
f 777/777/777 775/775/775 789/789/789
f 789/789/789 788/788/788 777/777/777
f 767/767/767 793/793/793 792/792/792
f 792/792/792 769/769/769 767/767/767
f 806/806/806 741/741/741 739/739/739
f 739/739/739 783/783/783 806/806/806
f 773/773/773 771/771/771 791/791/791
f 791/791/791 790/790/790 773/773/773
f 749/749/749 747/747/747 803/803/803
f 803/803/803 802/802/802 749/749/749
f 783/783/783 739/739/739 737/737/737
f 737/737/737 784/784/784 783/783/783
f 784/784/784 737/737/737 734/734/734
f 734/734/734 785/785/785 784/784/784
f 734/734/734 781/781/781 786/786/786
f 786/786/786 785/785/785 734/734/734
f 781/781/781 779/779/779 787/787/787
f 787/787/787 786/786/786 781/781/781
f 794/794/794 765/765/765 763/763/763
f 763/763/763 795/795/795 794/794/794
f 788/788/788 672/672/672 699/699/699
f 699/699/699 787/787/787 788/788/788
f 673/673/673 672/672/672 788/788/788
f 788/788/788 789/789/789 673/673/673
f 792/792/792 675/675/675 686/686/686
f 686/686/686 791/791/791 792/792/792
f 794/794/794 676/676/676 708/708/708
f 708/708/708 793/793/793 794/794/794
f 796/796/796 698/698/698 702/702/702
f 702/702/702 795/795/795 796/796/796
f 696/696/696 698/698/698 796/796/796
f 796/796/796 797/797/797 696/696/696
f 692/692/692 696/696/696 797/797/797
f 797/797/797 798/798/798 692/692/692
f 685/685/685 692/692/692 798/798/798
f 798/798/798 799/799/799 685/685/685
f 800/800/800 677/677/677 685/685/685
f 685/685/685 799/799/799 800/800/800
f 801/801/801 678/678/678 677/677/677
f 677/677/677 800/800/800 801/801/801
f 802/802/802 679/679/679 678/678/678
f 678/678/678 801/801/801 802/802/802
f 804/804/804 680/680/680 690/690/690
f 690/690/690 803/803/803 804/804/804
f 681/681/681 680/680/680 804/804/804
f 804/804/804 805/805/805 681/681/681
f 682/682/682 681/681/681 805/805/805
f 805/805/805 806/806/806 682/682/682
f 790/790/790 674/674/674 673/673/673
f 673/673/673 789/789/789 790/790/790
f 884/884/884 883/883/883 830/830/830
f 830/830/830 832/832/832 884/884/884
f 885/885/885 884/884/884 832/832/832
f 832/832/832 834/834/834 885/885/885
f 894/894/894 895/895/895 836/836/836
f 836/836/836 886/886/886 894/894/894
f 836/836/836 838/838/838 887/887/887
f 887/887/887 886/886/886 836/836/836
f 887/887/887 838/838/838 841/841/841
f 841/841/841 888/888/888 887/887/887
f 869/869/869 888/888/888 841/841/841
f 841/841/841 843/843/843 869/869/869
f 870/870/870 869/869/869 843/843/843
f 843/843/843 845/845/845 870/870/870
f 890/890/890 891/891/891 847/847/847
f 847/847/847 871/871/871 890/890/890
f 847/847/847 849/849/849 872/872/872
f 872/872/872 871/871/871 847/847/847
f 851/851/851 873/873/873 872/872/872
f 872/872/872 849/849/849 851/851/851
f 874/874/874 873/873/873 851/851/851
f 851/851/851 853/853/853 874/874/874
f 875/875/875 874/874/874 853/853/853
f 853/853/853 855/855/855 875/875/875
f 898/898/898 899/899/899 857/857/857
f 857/857/857 876/876/876 898/898/898
f 857/857/857 859/859/859 877/877/877
f 877/877/877 876/876/876 857/857/857
f 861/861/861 878/878/878 877/877/877
f 877/877/877 859/859/859 861/861/861
f 879/879/879 878/878/878 861/861/861
f 861/861/861 863/863/863 879/879/879
f 880/880/880 879/879/879 863/863/863
f 863/863/863 865/865/865 880/880/880
f 902/902/902 903/903/903 867/867/867
f 867/867/867 881/881/881 902/902/902
f 867/867/867 828/828/828 882/882/882
f 882/882/882 881/881/881 867/867/867
f 828/828/828 830/830/830 883/883/883
f 883/883/883 882/882/882 828/828/828
f 807/807/807 819/819/819 833/833/833
f 833/833/833 831/831/831 807/807/807
f 810/810/810 822/822/822 844/844/844
f 844/844/844 842/842/842 810/810/810
f 813/813/813 824/824/824 854/854/854
f 854/854/854 852/852/852 813/813/813
f 812/812/812 823/823/823 850/850/850
f 850/850/850 848/848/848 812/812/812
f 816/816/816 826/826/826 864/864/864
f 864/864/864 862/862/862 816/816/816
f 815/815/815 825/825/825 860/860/860
f 860/860/860 858/858/858 815/815/815
f 868/868/868 818/818/818 827/827/827
f 827/827/827 829/829/829 868/868/868
f 809/809/809 821/821/821 840/840/840
f 840/840/840 837/837/837 809/809/809
f 808/808/808 897/897/897 896/896/896
f 896/896/896 835/835/835 808/808/808
f 819/819/819 808/808/808 835/835/835
f 835/835/835 833/833/833 819/819/819
f 820/820/820 810/810/810 842/842/842
f 842/842/842 839/839/839 820/820/820
f 822/822/822 811/811/811 846/846/846
f 846/846/846 844/844/844 822/822/822
f 811/811/811 893/893/893 892/892/892
f 892/892/892 846/846/846 811/811/811
f 823/823/823 813/813/813 852/852/852
f 852/852/852 850/850/850 823/823/823
f 824/824/824 814/814/814 856/856/856
f 856/856/856 854/854/854 824/824/824
f 814/814/814 901/901/901 900/900/900
f 900/900/900 856/856/856 814/814/814
f 825/825/825 816/816/816 862/862/862
f 862/862/862 860/860/860 825/825/825
f 826/826/826 817/817/817 866/866/866
f 866/866/866 864/864/864 826/826/826
f 817/817/817 905/905/905 904/904/904
f 904/904/904 866/866/866 817/817/817
f 829/829/829 827/827/827 807/807/807
f 807/807/807 831/831/831 829/829/829
f 884/884/884 889/889/889 883/883/883
f 885/885/885 889/889/889 884/884/884
f 886/886/886 889/889/889 894/894/894
f 887/887/887 889/889/889 886/886/886
f 888/888/888 889/889/889 887/887/887
f 869/869/869 889/889/889 888/888/888
f 870/870/870 889/889/889 869/869/869
f 871/871/871 889/889/889 890/890/890
f 872/872/872 889/889/889 871/871/871
f 873/873/873 889/889/889 872/872/872
f 874/874/874 889/889/889 873/873/873
f 875/875/875 889/889/889 874/874/874
f 876/876/876 889/889/889 898/898/898
f 877/877/877 889/889/889 876/876/876
f 878/878/878 889/889/889 877/877/877
f 879/879/879 889/889/889 878/878/878
f 880/880/880 889/889/889 879/879/879
f 881/881/881 889/889/889 902/902/902
f 882/882/882 889/889/889 881/881/881
f 883/883/883 889/889/889 882/882/882
f 890/890/890 870/870/870 845/845/845
f 845/845/845 891/891/891 890/890/890
f 812/812/812 848/848/848 892/892/892
f 892/892/892 893/893/893 812/812/812
f 889/889/889 870/870/870 890/890/890
f 894/894/894 885/885/885 834/834/834
f 834/834/834 895/895/895 894/894/894
f 809/809/809 837/837/837 896/896/896
f 896/896/896 897/897/897 809/809/809
f 889/889/889 885/885/885 894/894/894
f 898/898/898 875/875/875 855/855/855
f 855/855/855 899/899/899 898/898/898
f 815/815/815 858/858/858 900/900/900
f 900/900/900 901/901/901 815/815/815
f 889/889/889 875/875/875 898/898/898
f 902/902/902 880/880/880 865/865/865
f 865/865/865 903/903/903 902/902/902
f 818/818/818 868/868/868 904/904/904
f 904/904/904 905/905/905 818/818/818
f 889/889/889 880/880/880 902/902/902
f 1040/1040/1040 2302/2302/2302 908/908/908
f 1038/1038/1038 2306/2306/2306 911/911/911
f 1035/1035/1035 2323/2323/2323 3407/3407/3407
f 3407/3407/3407 913/913/913 1035/1035/1035
f 1032/1032/1032 3048/3048/3048 915/915/915
f 1029/1029/1029 3041/3041/3041 3051/3051/3051
f 3052/3052/3052 3054/3054/3054 1027/1027/1027
f 1028/1028/1028 3448/3448/3448 3168/3168/3168
f 3166/3166/3166 921/921/921 1026/1026/1026
f 926/926/926 2441/2441/2441 2444/2444/2444
f 2444/2444/2444 1024/1024/1024 926/926/926
f 1024/1024/1024 1021/1021/1021 926/926/926
f 3152/3152/3152 3153/3153/3153 928/928/928
f 928/928/928 1022/1022/1022 3152/3152/3152
f 1018/1018/1018 3394/3394/3394 930/930/930
f 2376/2376/2376 3130/3130/3130 3119/3119/3119
f 3119/3119/3119 1015/1015/1015 2376/2376/2376
f 1012/1012/1012 2317/2317/2317 3129/3129/3129
f 1009/1009/1009 2374/2374/2374 940/940/940
f 1006/1006/1006 2364/2364/2364 2998/2998/2998
f 2998/2998/2998 943/943/943 1006/1006/1006
f 2361/2361/2361 2981/2981/2981 946/946/946
f 944/944/944 1005/1005/1005 2361/2361/2361
f 2359/2359/2359 2945/2945/2945 950/950/950
f 950/950/950 998/998/998 2359/2359/2359
f 2356/2356/2356 2955/2955/2955 952/952/952
f 952/952/952 996/996/996 2356/2356/2356
f 2352/2352/2352 2959/2959/2959 955/955/955
f 955/955/955 994/994/994 2352/2352/2352
f 2350/2350/2350 2939/2939/2939 956/956/956
f 956/956/956 990/990/990 2350/2350/2350
f 2344/2344/2344 2968/2968/2968 960/960/960
f 960/960/960 987/987/987 2344/2344/2344
f 2339/2339/2339 2977/2977/2977 964/964/964
f 964/964/964 982/982/982 2339/2339/2339
f 2333/2333/2333 2988/2988/2988 967/967/967
f 967/967/967 979/979/979 2335/2335/2335
f 2330/2330/2330 3001/3001/3001 969/969/969
f 969/969/969 977/977/977 2330/2330/2330
f 974/974/974 2328/2328/2328 972/972/972
f 907/907/907 910/910/910 1104/1104/1104
f 1104/1104/1104 1044/1044/1044 906/906/906
f 909/909/909 912/912/912 1103/1103/1103
f 1103/1103/1103 1104/1104/1104 909/909/909
f 1102/1102/1102 3406/3406/3406 1100/1100/1100
f 916/916/916 3380/3380/3380 1099/1099/1099
f 1097/1097/1097 3376/3376/3376 3375/3375/3375
f 1092/1092/1092 3171/3171/3171 3167/3167/3167
f 3167/3167/3167 925/925/925 1092/1092/1092
f 926/926/926 1088/1088/1088 2439/2439/2439
f 2439/2439/2439 2441/2441/2441 926/926/926
f 927/927/927 3385/3385/3385 926/926/926
f 3385/3385/3385 3382/3382/3382 3154/3154/3154
f 3154/3154/3154 1087/1087/1087 3385/3385/3385
f 1085/1085/1085 3381/3381/3381 3389/3389/3389
f 3389/3389/3389 3387/3387/3387 1086/1086/1086
f 1083/1083/1083 931/931/931 3120/3120/3120
f 3122/3122/3122 3125/3125/3125 1083/1083/1083
f 1078/1078/1078 935/935/935 3132/3132/3132
f 3132/3132/3132 3135/3135/3135 1079/1079/1079
f 937/937/937 942/942/942 1074/1074/1074
f 1074/1074/1074 1076/1076/1076 937/937/937
f 1074/1074/1074 941/941/941 2996/2996/2996
f 2997/2997/2997 2994/2994/2994 1074/1074/1074
f 1072/1072/1072 944/944/944 2979/2979/2979
f 2979/2979/2979 2984/2984/2984 1072/1072/1072
f 949/949/949 2943/2943/2943 2948/2948/2948
f 2948/2948/2948 1070/1070/1070 949/949/949
f 1066/1066/1066 951/951/951 2955/2955/2955
f 2954/2954/2954 2951/2951/2951 1066/1066/1066
f 1062/1062/1062 955/955/955 2961/2961/2961
f 2960/2960/2960 2956/2956/2956 1062/1062/1062
f 1058/1058/1058 957/957/957 2938/2938/2938
f 2938/2938/2938 2942/2942/2942 1059/1059/1059
f 1054/1054/1054 959/959/959 2969/2969/2969
f 2967/2967/2967 2964/2964/2964 1054/1054/1054
f 1053/1053/1053 962/962/962 2974/2974/2974
f 2975/2975/2975 2972/2972/2972 1053/1053/1053
f 1051/1051/1051 965/965/965 2985/2985/2985
f 2985/2985/2985 2991/2991/2991 1051/1051/1051
f 1046/1046/1046 3003/3003/3003 3000/3000/3000
f 3000/3000/3000 971/971/971 1046/1046/1046
f 1046/1046/1046 971/971/971 906/906/906
f 907/907/907 1044/1044/1044 1046/1046/1046
f 1106/1106/1106 1260/1260/1260 1104/1104/1104
f 1111/1111/1111 1261/1261/1261 1098/1098/1098
f 1104/1104/1104 1102/1102/1102 1108/1108/1108
f 1108/1108/1108 1105/1105/1105 1104/1104/1104
f 1109/1109/1109 1112/1112/1112 1114/1114/1114
f 1095/1095/1095 3375/3375/3375 1115/1115/1115
f 1098/1098/1098 1095/1095/1095 1116/1116/1116
f 1120/1120/1120 3411/3411/3411 1043/1043/1043
f 1047/1047/1047 3410/3410/3410 3409/3409/3409
f 3409/3409/3409 2989/2989/2989 1048/1048/1048
f 2588/2588/2588 2568/2568/2568 2569/2569/2569
f 2569/2569/2569 2586/2586/2586 2588/2588/2588
f 2170/2170/2170 2173/2173/2173 2560/2560/2560
f 2560/2560/2560 2561/2561/2561 2170/2170/2170
f 1093/1093/1093 3170/3170/3170 2651/2651/2651
f 1091/1091/1091 2440/2440/2440 2647/2647/2647
f 2647/2647/2647 2649/2649/2649 1091/1091/1091
f 1088/1088/1088 1087/1087/1087 2643/2643/2643
f 1087/1087/1087 3154/3154/3154 1197/1197/1197
f 1084/1084/1084 3386/3386/3386 1193/1193/1193
f 1193/1193/1193 1160/1160/1160 1085/1085/1085
f 1159/1159/1159 3123/3123/3123 1157/1157/1157
f 1157/1157/1157 3134/3134/3134 1177/1177/1177
f 1074/1074/1074 1175/1175/1175 1177/1177/1177
f 1178/1178/1178 1076/1076/1076 1074/1074/1074
f 1175/1175/1175 2993/2993/2993 1172/1172/1172
f 1170/1170/1170 2982/2982/2982 2132/2132/2132
f 2132/2132/2132 2947/2947/2947 1168/1168/1168
f 1166/1166/1166 2950/2950/2950 3479/3479/3479
f 3479/3479/3479 2957/2957/2957 3476/3476/3476
f 3476/3476/3476 2941/2941/2941 3475/3475/3475
f 3475/3475/3475 2963/2963/2963 3472/3472/3472
f 3472/3472/3472 2971/2971/2971 1162/1162/1162
f 2629/2629/2629 2927/2927/2927 2626/2626/2626
f 1158/1158/1158 2606/2606/2606 2607/2607/2607
f 1191/1191/1191 2610/2610/2610 2613/2613/2613
f 1161/1161/1161 2614/2614/2614 2617/2617/2617
f 1197/1197/1197 2619/2619/2619 2620/2620/2620
f 1158/1158/1158 1157/1157/1157 2604/2604/2604
f 1175/1175/1175 1170/1170/1170 2197/2197/2197
f 1170/1170/1170 3489/3489/3489 2194/2194/2194
f 2190/2190/2190 3492/3492/3492 3488/3488/3488
f 3488/3488/3488 2187/2187/2187 2190/2190/2190
f 2131/2131/2131 1169/1169/1169 3488/3488/3488
f 1177/1177/1177 1173/1173/1173 2929/2929/2929
f 2207/2207/2207 2597/2597/2597 2206/2206/2206
f 2180/2180/2180 2523/2523/2523 2178/2178/2178
f 2175/2175/2175 2176/2176/2176 2524/2524/2524
f 2524/2524/2524 2525/2525/2525 2174/2174/2174
f 2638/2638/2638 2507/2507/2507 3415/3415/3415
f 1261/1261/1261 1108/1108/1108 1101/1101/1101
f 1259/1259/1259 1043/1043/1043 1104/1104/1104
f 1259/1259/1259 1119/1119/1119 1043/1043/1043
f 1261/1261/1261 1101/1101/1101 1098/1098/1098
f 1197/1197/1197 2621/2621/2621 2625/2625/2625
f 2207/2207/2207 2211/2211/2211 2597/2597/2597
f 2211/2211/2211 2565/2565/2565 2594/2594/2594
f 2211/2211/2211 2563/2563/2563 2565/2565/2565
f 2558/2558/2558 2175/2175/2175 2527/2527/2527
f 2595/2595/2595 2565/2565/2565 2566/2566/2566
f 2566/2566/2566 2592/2592/2592 2595/2595/2595
f 1170/1170/1170 2195/2195/2195 2197/2197/2197
f 1175/1175/1175 2197/2197/2197 2199/2199/2199
f 1175/1175/1175 2199/2199/2199 2200/2200/2200
f 1157/1157/1157 1176/1176/1176 2929/2929/2929
f 1264/1264/1264 1284/1284/1284 1258/1258/1258
f 1258/1258/1258 1105/1105/1105 1264/1264/1264
f 1269/1269/1269 1286/1286/1286 1261/1261/1261
f 1261/1261/1261 1112/1112/1112 1271/1271/1271
f 1108/1108/1108 1265/1265/1265 1262/1262/1262
f 1262/1262/1262 1105/1105/1105 1108/1108/1108
f 1268/1268/1268 1270/1270/1270 1112/1112/1112
f 1112/1112/1112 1109/1109/1109 1268/1268/1268
f 1266/1266/1266 1268/1268/1268 1109/1109/1109
f 1110/1110/1110 2654/2654/2654 1266/1266/1266
f 1272/1272/1272 1273/1273/1273 1121/1121/1121
f 1121/1121/1121 1118/1118/1118 1272/1272/1272
f 1273/1273/1273 1274/1274/1274 1122/1122/1122
f 1122/1122/1122 1121/1121/1121 1273/1273/1273
f 1274/1274/1274 1283/1283/1283 2638/2638/2638
f 2638/2638/2638 1122/1122/1122 1274/1274/1274
f 1275/1275/1275 1278/1278/1278 2641/2641/2641
f 2642/2642/2642 2639/2639/2639 1275/1275/1275
f 2640/2640/2640 1278/1278/1278 1282/1282/1282
f 1282/1282/1282 2656/2656/2656 2642/2642/2642
f 1279/1279/1279 1281/1281/1281 2634/2634/2634
f 2634/2634/2634 2635/2635/2635 1279/1279/1279
f 1281/1281/1281 1275/1275/1275 2639/2639/2639
f 2639/2639/2639 2634/2634/2634 1281/1281/1281
f 2656/2656/2656 1282/1282/1282 1266/1266/1266
f 1266/1266/1266 2655/2655/2655 2656/2656/2656
f 1283/1283/1283 1279/1279/1279 2635/2635/2635
f 2636/2636/2636 2638/2638/2638 1283/1283/1283
f 1259/1259/1259 1284/1284/1284 1272/1272/1272
f 1272/1272/1272 1117/1117/1117 1258/1258/1258
f 1285/1285/1285 1265/1265/1265 1108/1108/1108
f 1107/1107/1107 1261/1261/1261 1286/1286/1286
f 1284/1284/1284 1262/1262/1262 1292/1292/1292
f 1285/1285/1285 1269/1269/1269 1291/1291/1291
f 1291/1291/1291 1292/1292/1292 1286/1286/1286
f 1263/1263/1263 1265/1265/1265 1293/1293/1293
f 1269/1269/1269 1268/1268/1268 1291/1291/1291
f 1268/1268/1268 1267/1267/1267 1291/1291/1291
f 1273/1273/1273 1272/1272/1272 1287/1287/1287
f 1274/1274/1274 1273/1273/1273 1288/1288/1288
f 1283/1283/1283 1274/1274/1274 1288/1288/1288
f 1278/1278/1278 1275/1275/1275 1289/1289/1289
f 1282/1282/1282 1277/1277/1277 1289/1289/1289
f 1289/1289/1289 1291/1291/1291 1282/1282/1282
f 1280/1280/1280 1279/1279/1279 1289/1289/1289
f 1276/1276/1276 1280/1280/1280 1290/1290/1290
f 1266/1266/1266 1282/1282/1282 1291/1291/1291
f 1279/1279/1279 1283/1283/1283 1288/1288/1288
f 1288/1288/1288 1289/1289/1289 1279/1279/1279
f 1272/1272/1272 1284/1284/1284 1292/1292/1292
f 1292/1292/1292 1288/1288/1288 1272/1272/1272
f 1265/1265/1265 1285/1285/1285 1292/1292/1292
f 1289/1289/1289 1294/1294/1294 1291/1291/1291
f 1025/1025/1025 3446/3446/3446 3443/3443/3443
f 3443/3443/3443 3063/3063/3063 1025/1025/1025
f 2445/2445/2445 1025/1025/1025 3062/3062/3062
f 3062/3062/3062 3061/3061/3061 2445/2445/2445
f 1024/1024/1024 3140/3140/3140 1021/1021/1021
f 3152/3152/3152 3151/3151/3151 3136/3136/3136
f 3137/3137/3137 1020/1020/1020 3152/3152/3152
f 1953/1953/1953 3354/3354/3354 2303/2303/2303
f 2303/2303/2303 1042/1042/1042 1952/1952/1952
f 1954/1954/1954 3342/3342/3342 2307/2307/2307
f 2307/2307/2307 1037/1037/1037 1954/1954/1954
f 1958/1958/1958 3323/3323/3323 2325/2325/2325
f 2324/2324/2324 1034/1034/1034 1958/1958/1958
f 1960/1960/1960 3024/3024/3024 1963/1963/1963
f 1963/1963/1963 1031/1031/1031 1959/1959/1959
f 1014/1014/1014 2378/2378/2378 1927/1927/1927
f 1929/1929/1929 2320/2320/2320 1927/1927/1927
f 1930/1930/1930 1007/1007/1007 2373/2373/2373
f 2373/2373/2373 3449/3449/3449 1930/1930/1930
f 1931/1931/1931 2363/2363/2363 1930/1930/1930
f 1932/1932/1932 2360/2360/2360 1931/1931/1931
f 1935/1935/1935 2358/2358/2358 1932/1932/1932
f 1937/1937/1937 2355/2355/2355 1933/1933/1933
f 1938/1938/1938 2351/2351/2351 1936/1936/1936
f 1939/1939/1939 2349/2349/2349 991/991/991
f 1943/1943/1943 2343/2343/2343 1942/1942/1942
f 1943/1943/1943 2338/2338/2338 984/984/984
f 1946/1946/1946 2334/2334/2334 980/980/980
f 1948/1948/1948 2331/2331/2331 976/976/976
f 1950/1950/1950 3470/3470/3470 2326/2326/2326
f 2326/2326/2326 975/975/975 1950/1950/1950
f 1347/1347/1347 3347/3347/3347 3346/3346/3346
f 3345/3345/3345 3318/3318/3318 1347/1347/1347
f 1345/1345/1345 3339/3339/3339 3337/3337/3337
f 3337/3337/3337 3317/3317/3317 1345/1345/1345
f 2308/2308/2308 3330/3330/3330 3315/3315/3315
f 1341/1341/1341 3368/3368/3368 3372/3372/3372
f 3370/3370/3370 3013/3013/3013 1339/1339/1339
f 3011/3011/3011 3372/3372/3372 3374/3374/3374
f 3374/3374/3374 1337/1337/1337 3011/3011/3011
f 1361/1361/1361 3458/3458/3458 3456/3456/3456
f 3456/3456/3456 3373/3373/3373 1361/1361/1361
f 1883/1883/1883 1886/1886/1886 1333/1333/1333
f 1333/1333/1333 1334/1334/1334 1883/1883/1883
f 1330/1330/1330 1885/1885/1885 1360/1360/1360
f 1328/1328/1328 1330/1330/1330 1360/1360/1360
f 1360/1360/1360 1358/1358/1358 1328/1328/1328
f 1877/1877/1877 1878/1878/1878 1357/1357/1357
f 1323/1323/1323 1356/1356/1356 2252/2252/2252
f 1321/1321/1321 1325/1325/1325 2249/2249/2249
f 1316/1316/1316 1321/1321/1321 1355/1355/1355
f 1313/1313/1313 1319/1319/1319 3403/3403/3403
f 1310/1310/1310 1314/1314/1314 1918/1918/1918
f 1306/1306/1306 1311/1311/1311 3320/3320/3320
f 1350/1350/1350 3467/3467/3467 3463/3463/3463
f 3463/3463/3463 3319/3319/3319 1350/1350/1350
f 2253/2253/2253 1356/1356/1356 1371/1371/1371
f 1373/1373/1373 1369/1369/1369 2253/2253/2253
f 1357/1357/1357 1879/1879/1879 1412/1412/1412
f 1410/1410/1410 1371/1371/1371 1357/1357/1357
f 1425/1425/1425 2365/2365/2365 1880/1880/1880
f 1369/1369/1369 1386/1386/1386 2249/2249/2249
f 2251/2251/2251 2253/2253/2253 1369/1369/1369
f 2251/2251/2251 1386/1386/1386 1408/1408/1408
f 1407/1407/1407 2245/2245/2245 2250/2250/2250
f 1432/1432/1432 2386/2386/2386 2238/2238/2238
f 2244/2244/2244 2242/2242/2242 1353/1353/1353
f 1353/1353/1353 1354/1354/1354 2244/2244/2244
f 2212/2212/2212 2215/2215/2215 1419/1419/1419
f 1419/1419/1419 1404/1404/1404 2212/2212/2212
f 1879/1879/1879 2212/2212/2212 1404/1404/1404
f 1404/1404/1404 1412/1412/1412 1879/1879/1879
f 2243/2243/2243 2241/2241/2241 1387/1387/1387
f 1387/1387/1387 1353/1353/1353 2243/2243/2243
f 2215/2215/2215 2216/2216/2216 1376/1376/1376
f 1376/1376/1376 1420/1420/1420 2215/2215/2215
f 1421/1421/1421 1434/1434/1434 2035/2035/2035
f 2035/2035/2035 2029/2029/2029 1421/1421/1421
f 1435/1435/1435 1423/1423/1423 2217/2217/2217
f 2217/2217/2217 2218/2218/2218 1435/1435/1435
f 2236/2236/2236 1438/1438/1438 1432/1432/1432
f 1432/1432/1432 2237/2237/2237 2236/2236/2236
f 1465/1465/1465 1435/1435/1435 2218/2218/2218
f 2218/2218/2218 2220/2220/2220 1465/1465/1465
f 1438/1438/1438 2236/2236/2236 2235/2235/2235
f 2233/2233/2233 1469/1469/1469 1438/1438/1438
f 1392/1392/1392 2231/2231/2231 2229/2229/2229
f 2230/2230/2230 1457/1457/1457 1395/1395/1395
f 2226/2226/2226 2223/2223/2223 1452/1452/1452
f 1453/1453/1453 1448/1448/1448 2226/2226/2226
f 2221/2221/2221 1378/1378/1378 1452/1452/1452
f 1452/1452/1452 2225/2225/2225 2221/2221/2221
f 2228/2228/2228 2226/2226/2226 1451/1451/1451
f 1451/1451/1451 1459/1459/1459 2230/2230/2230
f 1383/1383/1383 1465/1465/1465 2220/2220/2220
f 2220/2220/2220 2221/2221/2221 1380/1380/1380
f 1469/1469/1469 2234/2234/2234 2231/2231/2231
f 2232/2232/2232 1392/1392/1392 1470/1470/1470
f 1474/1474/1474 2266/2266/2266 3106/3106/3106
f 3104/3104/3104 3107/3107/3107 1474/1474/1474
f 1502/1502/1502 3439/3439/3439 3442/3442/3442
f 3441/3441/3441 1476/1476/1476 1501/1501/1501
f 1480/1480/1480 3164/3164/3164 3163/3163/3163
f 3163/3163/3163 2449/2449/2449 1480/1480/1480
f 1483/1483/1483 3161/3161/3161 3158/3158/3158
f 3158/3158/3158 1484/1484/1484 1483/1483/1483
f 3147/3147/3147 3149/3149/3149 3057/3057/3057
f 3056/3056/3056 1486/1486/1486 3148/3148/3148
f 1488/1488/1488 1494/1494/1494 3426/3426/3426
f 3427/3427/3427 3423/3423/3423 1488/1488/1488
f 1864/1864/1864 3436/3436/3436 3439/3439/3439
f 3439/3439/3439 1502/1502/1502 1864/1864/1864
f 1495/1495/1495 3156/3156/3156 3431/3431/3431
f 3429/3429/3429 3426/3426/3426 1495/1495/1495
f 1340/1340/1340 3009/3009/3009 1966/1966/1966
f 1966/1966/1966 3368/3368/3368 1340/1340/1340
f 1883/1883/1883 3396/3396/3396 1437/1437/1437
f 1895/1895/1895 1912/1912/1912 1513/1513/1513
f 1894/1894/1894 1903/1903/1903 1890/1890/1890
f 1518/1518/1518 3363/3363/3363 3361/3361/3361
f 3361/3361/3361 3356/3356/3356 1518/1518/1518
f 1540/1540/1540 3419/3419/3419 1361/1361/1361
f 1901/1901/1901 1532/1532/1532 2309/2309/2309
f 2309/2309/2309 2312/2312/2312 1901/1901/1901
f 2315/2315/2315 1891/1891/1891 1535/1535/1535
f 1535/1535/1535 2314/2314/2314 2315/2315/2315
f 3336/3336/3336 3364/3364/3364 3367/3367/3367
f 3366/3366/3366 2308/2308/2308 3336/3336/3336
f 1538/1538/1538 1523/1523/1523 3420/3420/3420
f 1900/1900/1900 1534/1534/1534 1525/1525/1525
f 1525/1525/1525 1980/1980/1980 1899/1899/1899
f 1536/1536/1536 1527/1527/1527 1892/1892/1892
f 1533/1533/1533 2299/2299/2299 2254/2254/2254
f 2254/2254/2254 3367/3367/3367 1533/1533/1533
f 1981/1981/1981 1524/1524/1524 1554/1554/1554
f 1554/1554/1554 1985/1985/1985 1981/1981/1981
f 1986/1986/1986 1554/1554/1554 1978/1978/1978
f 1978/1978/1978 1982/1982/1982 1986/1986/1986
f 2290/2290/2290 1984/1984/1984 2288/2288/2288
f 2281/2281/2281 1566/1566/1566 1573/1573/1573
f 1573/1573/1573 2278/2278/2278 2281/2281/2281
f 2267/2267/2267 3112/3112/3112 3109/3109/3109
f 2260/2260/2260 3331/3331/3331 2308/2308/2308
f 2308/2308/2308 2256/2256/2256 2258/2258/2258
f 1831/1831/1831 1834/1834/1834 1543/1543/1543
f 1543/1543/1543 1491/1491/1491 1831/1831/1831
f 1826/1826/1826 1828/1828/1828 1527/1527/1527
f 1527/1527/1527 1520/1520/1520 1826/1826/1826
f 1833/1833/1833 1827/1827/1827 1522/1522/1522
f 1522/1522/1522 1542/1542/1542 1833/1833/1833
f 1828/1828/1828 1554/1554/1554 1524/1524/1524
f 1524/1524/1524 1526/1526/1526 1828/1828/1828
f 1594/1594/1594 1989/1989/1989 1987/1987/1987
f 1988/1988/1988 1587/1587/1587 1594/1594/1594
f 1988/1988/1988 3189/3189/3189 1582/1582/1582
f 1582/1582/1582 1589/1589/1589 1988/1988/1988
f 1593/1593/1593 1590/1590/1590 1990/1990/1990
f 1990/1990/1990 1989/1989/1989 1593/1593/1593
f 1591/1591/1591 1597/1597/1597 1993/1993/1993
f 1994/1994/1994 1992/1992/1992 1592/1592/1592
f 1995/1995/1995 1599/1599/1599 1595/1595/1595
f 1595/1595/1595 1845/1845/1845 1995/1995/1995
f 1839/1839/1839 1846/1846/1846 1596/1596/1596
f 1596/1596/1596 1607/1607/1607 1839/1839/1839
f 1566/1566/1566 1605/1605/1605 1609/1609/1609
f 1609/1609/1609 1573/1573/1573 1564/1564/1564
f 1565/1565/1565 1840/1840/1840 1607/1607/1607
f 1607/1607/1607 1603/1603/1603 1565/1565/1565
f 1608/1608/1608 1601/1601/1601 1853/1853/1853
f 1853/1853/1853 1573/1573/1573 1608/1608/1608
f 1500/1500/1500 3436/3436/3436 3172/3172/3172
f 1296/1296/1296 3184/3184/3184 3180/3180/3180
f 3180/3180/3180 1298/1298/1298 1296/1296/1296
f 3186/3186/3186 3434/3434/3434 3435/3435/3435
f 3435/3435/3435 1585/1585/1585 3186/3186/3186
f 3187/3187/3187 1586/1586/1586 1583/1583/1583
f 1582/1582/1582 3190/3190/3190 3187/3187/3187
f 1305/1305/1305 3191/3191/3191 1624/1624/1624
f 1304/1304/1304 1622/1622/1622 1619/1619/1619
f 1620/1620/1620 1303/1303/1303 1304/1304/1304
f 1301/1301/1301 1617/1617/1617 1613/1613/1613
f 1613/1613/1613 1298/1298/1298 1301/1301/1301
f 1295/1295/1295 1298/1298/1298 3197/3197/3197
f 1585/1585/1585 3435/3435/3435 3200/3200/3200
f 1582/1582/1582 1584/1584/1584 3199/3199/3199
f 3201/3201/3201 3203/3203/3203 1582/1582/1582
f 1594/1594/1594 1587/1587/1587 3205/3205/3205
f 3205/3205/3205 1636/1636/1636 1594/1594/1594
f 1588/1588/1588 1582/1582/1582 3202/3202/3202
f 3202/3202/3202 3205/3205/3205 1587/1587/1587
f 1592/1592/1592 1593/1593/1593 1635/1635/1635
f 1635/1635/1635 1632/1632/1632 1590/1590/1590
f 1592/1592/1592 1634/1634/1634 1642/1642/1642
f 1642/1642/1642 1598/1598/1598 1592/1592/1592
f 1598/1598/1598 1643/1643/1643 3207/3207/3207
f 3207/3207/3207 1595/1595/1595 1599/1599/1599
f 1596/1596/1596 3208/3208/3208 3209/3209/3209
f 3210/3210/3210 1606/1606/1606 1596/1596/1596
f 1605/1605/1605 3214/3214/3214 3216/3216/3216
f 3216/3216/3216 1609/1609/1609 1604/1604/1604
f 1607/1607/1607 3212/3212/3212 3213/3213/3213
f 3213/3213/3213 1603/1603/1603 1607/1607/1607
f 1608/1608/1608 3215/3215/3215 3192/3192/3192
f 3192/3192/3192 1602/1602/1602 1608/1608/1608
f 1644/1644/1644 3223/3223/3223 1623/1623/1623
f 1621/1621/1621 3221/3221/3221 3224/3224/3224
f 3224/3224/3224 1620/1620/1620 1621/1621/1621
f 1618/1618/1618 3224/3224/3224 3227/3227/3227
f 3227/3227/3227 3196/3196/3196 1618/1618/1618
f 1613/1613/1613 1616/1616/1616 3229/3229/3229
f 3231/3231/3231 3232/3232/3232 1613/1613/1613
f 1611/1611/1611 3233/3233/3233 3235/3235/3235
f 1612/1612/1612 3236/3236/3236 3240/3240/3240
f 3239/3239/3239 1628/1628/1628 1612/1612/1612
f 1626/1626/1626 1629/1629/1629 3238/3238/3238
f 3241/3241/3241 3243/3243/3243 1627/1627/1627
f 3244/3244/3244 3247/3247/3247 1637/1637/1637
f 1637/1637/1637 1631/1631/1631 3244/3244/3244
f 1625/1625/1625 3242/3242/3242 3244/3244/3244
f 3244/3244/3244 1631/1631/1631 1626/1626/1626
f 3246/3246/3246 3250/3250/3250 1632/1632/1632
f 1632/1632/1632 1635/1635/1635 3246/3246/3246
f 1642/1642/1642 1633/1633/1633 3253/3253/3253
f 3252/3252/3252 3254/3254/3254 1642/1642/1642
f 1640/1640/1640 1643/1643/1643 3255/3255/3255
f 3255/3255/3255 3256/3256/3256 1638/1638/1638
f 3258/3258/3258 3260/3260/3260 1649/1649/1649
f 1649/1649/1649 1641/1641/1641 3257/3257/3257
f 1647/1647/1647 3263/3263/3263 3266/3266/3266
f 3267/3267/3267 1653/1653/1653 1647/1647/1647
f 3261/3261/3261 3264/3264/3264 1648/1648/1648
f 1648/1648/1648 1651/1651/1651 3261/3261/3261
f 1652/1652/1652 3265/3265/3265 3217/3217/3217
f 3219/3219/3219 1646/1646/1646 1653/1653/1653
f 1729/1729/1729 3268/3268/3268 3272/3272/3272
f 1662/1662/1662 1659/1659/1659 3278/3278/3278
f 3278/3278/3278 1708/1708/1708 1662/1662/1662
f 1659/1659/1659 3281/3281/3281 3280/3280/3280
f 1656/1656/1656 1674/1674/1674 3284/3284/3284
f 3283/3283/3283 3281/3281/3281 1656/1656/1656
f 1675/1675/1675 1672/1672/1672 3286/3286/3286
f 3286/3286/3286 3285/3285/3285 1675/1675/1675
f 1684/1684/1684 3293/3293/3293 3290/3290/3290
f 3288/3288/3288 1676/1676/1676 1684/1684/1684
f 1678/1678/1678 3289/3289/3289 3287/3287/3287
f 3287/3287/3287 1673/1673/1673 1678/1678/1678
f 1680/1680/1680 1689/1689/1689 3298/3298/3298
f 3298/3298/3298 3297/3297/3297 1682/1682/1682
f 1690/1690/1690 1687/1687/1687 3301/3301/3301
f 3301/3301/3301 3299/3299/3299 1690/1690/1690
f 3301/3301/3301 3304/3304/3304 1719/1719/1719
f 1719/1719/1719 1718/1718/1718 3302/3302/3302
f 1724/1724/1724 3308/3308/3308 3313/3313/3313
f 3314/3314/3314 1727/1727/1727 1721/1721/1721
f 3303/3303/3303 3309/3309/3309 1723/1723/1723
f 1722/1722/1722 1720/1720/1720 3305/3305/3305
f 1725/1725/1725 3312/3312/3312 3269/3269/3269
f 3268/3268/3268 1729/1729/1729 1725/1725/1725
f 1772/1772/1772 1748/1748/1748 1669/1669/1669
f 1671/1671/1671 1691/1691/1691 1772/1772/1772
f 1747/1747/1747 1745/1745/1745 1665/1665/1665
f 1666/1666/1666 1668/1668/1668 1747/1747/1747
f 2454/2454/2454 1741/1741/1741 1660/1660/1660
f 1743/1743/1743 1738/1738/1738 1657/1657/1657
f 1657/1657/1657 1661/1661/1661 1743/1743/1743
f 1658/1658/1658 1739/1739/1739 1732/1732/1732
f 1734/1734/1734 1655/1655/1655 1658/1658/1658
f 1735/1735/1735 1754/1754/1754 1674/1674/1674
f 1674/1674/1674 1654/1654/1654 1733/1733/1733
f 1755/1755/1755 1751/1751/1751 1672/1672/1672
f 1672/1672/1672 1675/1675/1675 1755/1755/1755
f 1757/1757/1757 1764/1764/1764 1684/1684/1684
f 1684/1684/1684 1676/1676/1676 1757/1757/1757
f 1677/1677/1677 1672/1672/1672 1751/1751/1751
f 1751/1751/1751 1759/1759/1759 1677/1677/1677
f 1763/1763/1763 1760/1760/1760 1680/1680/1680
f 1680/1680/1680 1683/1683/1683 1763/1763/1763
f 1762/1762/1762 1768/1768/1768 1688/1688/1688
f 1688/1688/1688 1681/1681/1681 1762/1762/1762
f 1685/1685/1685 1689/1689/1689 1770/1770/1770
f 1770/1770/1770 1766/1766/1766 1685/1685/1685
f 1699/1699/1699 1686/1686/1686 1766/1766/1766
f 1775/1775/1775 1780/1780/1780 1703/1703/1703
f 1703/1703/1703 1695/1695/1695 1776/1776/1776
f 1696/1696/1696 1699/1699/1699 1777/1777/1777
f 1779/1779/1779 1773/1773/1773 1692/1692/1692
f 1693/1693/1693 1702/1702/1702 1779/1779/1779
f 1746/1746/1746 1771/1771/1771 1788/1788/1788
f 1788/1788/1788 1823/1823/1823 1744/1744/1744
f 1744/1744/1744 1746/1746/1746 1788/1788/1788
f 1822/1822/1822 1785/1785/1785 1740/1740/1740
f 1740/1740/1740 1744/1744/1744 1822/1822/1822
f 1736/1736/1736 1742/1742/1742 1786/1786/1786
f 1786/1786/1786 1782/1782/1782 1737/1737/1737
f 1731/1731/1731 1739/1739/1739 1784/1784/1784
f 1784/1784/1784 1794/1794/1794 1752/1752/1752
f 1752/1752/1752 1731/1731/1731 1783/1783/1783
f 1795/1795/1795 1791/1791/1791 1749/1749/1749
f 1750/1750/1750 1753/1753/1753 1795/1795/1795
f 1758/1758/1758 1790/1790/1790 1797/1797/1797
f 1797/1797/1797 1764/1764/1764 1756/1756/1756
f 1758/1758/1758 1751/1751/1751 1791/1791/1791
f 1797/1797/1797 1814/1814/1814 1761/1761/1761
f 1760/1760/1760 1763/1763/1763 1797/1797/1797
f 1815/1815/1815 1802/1802/1802 1767/1767/1767
f 1768/1768/1768 1761/1761/1761 1816/1816/1816
f 1803/1803/1803 1800/1800/1800 1766/1766/1766
f 1765/1765/1765 1769/1769/1769 1802/1802/1802
f 1805/1805/1805 1809/1809/1809 1778/1778/1778
f 1778/1778/1778 1775/1775/1775 1805/1805/1805
f 1800/1800/1800 1806/1806/1806 1774/1774/1774
f 1777/1777/1777 1766/1766/1766 1800/1800/1800
f 1771/1771/1771 1779/1779/1779 1808/1808/1808
f 1807/1807/1807 1805/1805/1805 1810/1810/1810
f 1810/1810/1810 1824/1824/1824 1808/1808/1808
f 1801/1801/1801 1815/1815/1815 1817/1817/1817
f 1817/1817/1817 1799/1799/1799 1801/1801/1801
f 1798/1798/1798 1818/1818/1818 1811/1811/1811
f 1811/1811/1811 1804/1804/1804 1799/1799/1799
f 1785/1785/1785 1821/1821/1821 1825/1825/1825
f 1825/1825/1825 1782/1782/1782 1786/1786/1786
f 1812/1812/1812 1792/1792/1792 1781/1781/1781
f 1781/1781/1781 1825/1825/1825 1812/1812/1812
f 1797/1797/1797 1790/1790/1790 1819/1819/1819
f 1819/1819/1819 1815/1815/1815 1796/1796/1796
f 1790/1790/1790 1793/1793/1793 1813/1813/1813
f 1813/1813/1813 1820/1820/1820 1790/1790/1790
f 1787/1787/1787 1808/1808/1808 1824/1824/1824
f 1824/1824/1824 1821/1821/1821 1788/1788/1788
f 1826/1826/1826 1971/1971/1971 1975/1975/1975
f 1976/1976/1976 1829/1829/1829 1827/1827/1827
f 1833/1833/1833 1969/1969/1969 1972/1972/1972
f 1972/1972/1972 1827/1827/1827 1832/1832/1832
f 1553/1553/1553 1828/1828/1828 1974/1974/1974
f 1973/1973/1973 1978/1978/1978 1554/1554/1554
f 2931/2931/2931 1970/1970/1970 1834/1834/1834
f 1834/1834/1834 1831/1831/1831 2931/2931/2931
f 2272/2272/2272 2273/2273/2273 1865/1865/1865
f 2279/2279/2279 2285/2285/2285 1839/1839/1839
f 1839/1839/1839 1565/1565/1565 2282/2282/2282
f 2283/2283/2283 2287/2287/2287 1846/1846/1846
f 1846/1846/1846 1839/1839/1839 2283/2283/2283
f 1852/1852/1852 2274/2274/2274 2275/2275/2275
f 2268/2268/2268 1502/1502/1502 3106/3106/3106
f 2270/2270/2270 2272/2272/2272 1864/1864/1864
f 1864/1864/1864 1502/1502/1502 2270/2270/2270
f 1877/1877/1877 1358/1358/1358 1879/1879/1879
f 1321/1321/1321 2249/2249/2249 2247/2247/2247
f 1323/1323/1323 1876/1876/1876 1356/1356/1356
f 1325/1325/1325 2253/2253/2253 2249/2249/2249
f 1360/1360/1360 1885/1885/1885 1882/1882/1882
f 1881/1881/1881 1885/1885/1885 1426/1426/1426
f 1361/1361/1361 3419/3419/3419 1888/1888/1888
f 1427/1427/1427 1883/1883/1883 1436/1436/1436
f 1437/1437/1437 3396/3396/3396 1468/1468/1468
f 1517/1517/1517 1904/1904/1904 1887/1887/1887
f 1892/1892/1892 2316/2316/2316 1537/1537/1537
f 1891/1891/1891 1526/1526/1526 1525/1525/1525
f 1525/1525/1525 1534/1534/1534 1891/1891/1891
f 1889/1889/1889 1514/1514/1514 1909/1909/1909
f 1897/1897/1897 3356/3356/3356 1916/1916/1916
f 2313/2313/2313 1535/1535/1535 1899/1899/1899
f 1899/1899/1899 2312/2312/2312 2313/2313/2313
f 1898/1898/1898 1916/1916/1916 1394/1394/1394
f 1894/1894/1894 1910/1910/1910 1452/1452/1452
f 1452/1452/1452 1377/1377/1377 1893/1893/1893
f 1905/1905/1905 1911/1911/1911 1458/1458/1458
f 1458/1458/1458 1449/1449/1449 1905/1905/1905
f 1909/1909/1909 1907/1907/1907 1450/1450/1450
f 1449/1449/1449 1452/1452/1452 1909/1909/1909
f 1898/1898/1898 1392/1392/1392 1458/1458/1458
f 1458/1458/1458 1914/1914/1914 1897/1897/1897
f 1903/1903/1903 1894/1894/1894 1378/1378/1378
f 1378/1378/1378 1466/1466/1466 1904/1904/1904
f 1910/1910/1910 1893/1893/1893 1890/1890/1890
f 1895/1895/1895 1897/1897/1897 1913/1913/1913
f 1439/1439/1439 1470/1470/1470 1924/1924/1924
f 1432/1432/1432 3400/3400/3400 3399/3399/3399
f 3398/3398/3398 1387/1387/1387 1432/1432/1432
f 1923/1923/1923 3401/3401/3401 1439/1439/1439
f 1920/1920/1920 1924/1924/1924 3461/3461/3461
f 3097/3097/3097 3351/3351/3351 3352/3352/3352
f 3353/3353/3353 1951/1951/1951 3097/3097/3097
f 3099/3099/3099 3340/3340/3340 3342/3342/3342
f 3341/3341/3341 1954/1954/1954 3099/3099/3099
f 3102/3102/3102 3326/3326/3326 3328/3328/3328
f 3329/3329/3329 1344/1344/1344 3102/3102/3102
f 1927/1927/1927 3066/3066/3066 3067/3067/3067
f 3067/3067/3067 1929/1929/1929 1927/1927/1927
f 1928/1928/1928 3067/3067/3067 3451/3451/3451
f 3452/3452/3452 3449/3449/3449 1928/1928/1928
f 1930/1930/1930 3069/3069/3069 3073/3073/3073
f 3073/3073/3073 1931/1931/1931 1930/1930/1930
f 1331/1331/1331 3074/3074/3074 3072/3072/3072
f 3072/3072/3072 1332/1332/1332 1330/1330/1330
f 1327/1327/1327 3076/3076/3076 3074/3074/3074
f 3074/3074/3074 1329/1329/1329 1327/1327/1327
f 1876/1876/1876 3080/3080/3080 3076/3076/3076
f 3076/3076/3076 1327/1327/1327 1876/1876/1876
f 1324/1324/1324 3081/3081/3081 3077/3077/3077
f 3078/3078/3078 1876/1876/1876 1324/1324/1324
f 1322/1322/1322 3084/3084/3084 3082/3082/3082
f 3082/3082/3082 1325/1325/1325 1322/1322/1322
f 3086/3086/3086 3083/3083/3083 1322/1322/1322
f 1322/1322/1322 1318/1318/1318 3086/3086/3086
f 3088/3088/3088 3089/3089/3089 1946/1946/1946
f 1946/1946/1946 1944/1944/1944 3088/3088/3088
f 3090/3090/3090 3092/3092/3092 1947/1947/1947
f 1947/1947/1947 1946/1946/1946 3090/3090/3090
f 1949/1949/1949 1947/1947/1947 3092/3092/3092
f 3093/3093/3093 3095/3095/3095 1950/1950/1950
f 3095/3095/3095 3468/3468/3468 3470/3470/3470
f 3470/3470/3470 1950/1950/1950 3095/3095/3095
f 1340/1340/1340 3011/3011/3011 3014/3014/3014
f 1020/1020/1020 3137/3137/3137 3115/3115/3115
f 2666/2666/2666 3034/3034/3034 3033/3033/3033
f 3032/3032/3032 3054/3054/3054 2666/2666/2666
f 1871/1871/1871 3113/3113/3113 3110/3110/3110
f 3110/3110/3110 3018/3018/3018 1872/1872/1872
f 1852/1852/1852 2275/2275/2275 1573/1573/1573
f 1983/1983/1983 1979/1979/1979 1991/1991/1991
f 1991/1991/1991 1993/1993/1993 1983/1983/1983
f 1975/1975/1975 1972/1972/1972 1987/1987/1987
f 1988/1988/1988 1989/1989/1989 1975/1975/1975
f 1969/1969/1969 3188/3188/3188 1988/1988/1988
f 1988/1988/1988 1972/1972/1972 1969/1969/1969
f 1978/1978/1978 1974/1974/1974 1989/1989/1989
f 1989/1989/1989 1990/1990/1990 1977/1977/1977
f 1981/1981/1981 2296/2296/2296 2299/2299/2299
f 1532/1532/1532 1902/1902/1902 1980/1980/1980
f 1980/1980/1980 2299/2299/2299 1532/1532/1532
f 2294/2294/2294 2297/2297/2297 1981/1981/1981
f 1986/1986/1986 2291/2291/2291 2293/2293/2293
f 1983/1983/1983 2292/2292/2292 1986/1986/1986
f 1984/1984/1984 2290/2290/2290 2292/2292/2292
f 1986/1986/1986 2293/2293/2293 1981/1981/1981
f 2288/2288/2288 1845/1845/1845 2286/2286/2286
f 3144/3144/3144 3157/3157/3157 3159/3159/3159
f 3159/3159/3159 2934/2934/2934 3145/3145/3145
f 1699/1699/1699 1766/1766/1766 1777/1777/1777
f 1330/1330/1330 1332/1332/1332 1885/1885/1885
f 1470/1470/1470 1917/1917/1917 1924/1924/1924
f 1289/1289/1289 1288/1288/1288 1292/1292/1292
f 2005/2005/2005 2003/2003/2003 1368/1368/1368
f 1368/1368/1368 1373/1373/1373 2005/2005/2005
f 2023/2023/2023 2006/2006/2006 1370/1370/1370
f 1372/1372/1372 1409/1409/1409 2023/2023/2023
f 1422/1422/1422 2031/2031/2031 2371/2371/2371
f 2371/2371/2371 2367/2367/2367 1421/1421/1421
f 2002/2002/2002 2011/2011/2011 1384/1384/1384
f 1385/1385/1385 1368/1368/1368 2004/2004/2004
f 2011/2011/2011 2021/2021/2021 1406/1406/1406
f 1406/1406/1406 1386/1386/1386 2011/2011/2011
f 1389/1389/1389 2013/2013/2013 2380/2380/2380
f 2380/2380/2380 2383/2383/2383 1390/1390/1390
f 2018/2018/2018 2025/2025/2025 1413/1413/1413
f 1414/1414/1414 1400/1400/1400 2019/2019/2019
f 1418/1418/1418 2028/2028/2028 2020/2020/2020
f 2020/2020/2020 1403/1403/1403 1417/1417/1417
f 2022/2022/2022 2017/2017/2017 1399/1399/1399
f 1400/1400/1400 1405/1405/1405 2022/2022/2022
f 2020/2020/2020 2024/2024/2024 1411/1411/1411
f 1411/1411/1411 1402/1402/1402 2020/2020/2020
f 2026/2026/2026 2013/2013/2013 1388/1388/1388
f 1390/1390/1390 1415/1415/1415 2025/2025/2025
f 2007/2007/2007 2027/2027/2027 1417/1417/1417
f 1417/1417/1417 1374/1374/1374 2008/2008/2008
f 2034/2034/2034 2038/2038/2038 1440/1440/1440
f 1443/1443/1443 1428/1428/1428 2033/2033/2033
f 2050/2050/2050 2036/2036/2036 1433/1433/1433
f 1434/1434/1434 1464/1464/1464 2050/2050/2050
f 2039/2039/2039 2055/2055/2055 1472/1472/1472
f 1472/1472/1472 1443/1443/1443 2039/2039/2039
f 2014/2014/2014 2047/2047/2047 1461/1461/1461
f 1461/1461/1461 1396/1396/1396 2016/2016/2016
f 2042/2042/2042 2043/2043/2043 1454/1454/1454
f 1454/1454/1454 1446/1446/1446 2042/2042/2042
f 2043/2043/2043 2009/2009/2009 1379/1379/1379
f 1381/1381/1381 1456/1456/1456 2044/2044/2044
f 2047/2047/2047 2041/2041/2041 1445/1445/1445
f 1446/1446/1446 1460/1460/1460 2045/2045/2045
f 2009/2009/2009 2049/2049/2049 1464/1464/1464
f 1463/1463/1463 1382/1382/1382 2010/2010/2010
f 2054/2054/2054 2016/2016/2016 1396/1396/1396
f 1396/1396/1396 1471/1471/1471 2052/2052/2052
f 2059/2059/2059 2082/2082/2082 1580/1580/1580
f 1580/1580/1580 1529/1529/1529 2059/2059/2059
f 2079/2079/2079 2061/2061/2061 1546/1546/1546
f 1546/1546/1546 1578/1578/1578 2079/2079/2079
f 2077/2077/2077 2073/2073/2073 1570/1570/1570
f 1571/1571/1571 1574/1574/1574 2077/2077/2077
f 2109/2109/2109 2058/2058/2058 1503/1503/1503
f 1505/1505/1505 1875/1875/1875 2109/2109/2109
f 2081/2081/2081 2001/2001/2001 1367/1367/1367
f 1365/1365/1365 1580/1580/1580 2081/2081/2081
f 2074/2074/2074 2086/2086/2086 1841/1841/1841
f 1841/1841/1841 1572/1572/1572 2074/2074/2074
f 2085/2085/2085 2089/2089/2089 1844/1844/1844
f 1844/1844/1844 1841/1841/1841 2086/2086/2086
f 2095/2095/2095 2092/2092/2092 1849/1849/1849
f 1848/1848/1848 1854/1854/1854 2096/2096/2096
f 2083/2083/2083 2096/2096/2096 1854/1854/1854
f 1854/1854/1854 1837/1837/1837 2083/2083/2083
f 2105/2105/2105 2100/2100/2100 1857/1857/1857
f 1859/1859/1859 1863/1863/1863 2103/2103/2103
f 2106/2106/2106 2083/2083/2083 1835/1835/1835
f 1838/1838/1838 1870/1870/1870 2106/2106/2106
f 2098/2098/2098 2106/2106/2106 1870/1870/1870
f 1869/1869/1869 1858/1858/1858 2098/2098/2098
f 1998/1998/1998 2109/2109/2109 1874/1874/1874
f 1873/1873/1873 1362/1362/1362 1996/1996/1996
f 2093/2093/2093 2077/2077/2077 1575/1575/1575
f 1576/1576/1576 1850/1850/1850 2092/2092/2092
f 2063/2063/2063 2059/2059/2059 1528/1528/1528
f 1529/1529/1529 1549/1549/1549 2065/2065/2065
f 2067/2067/2067 2065/2065/2065 1549/1549/1549
f 1548/1548/1548 1552/1552/1552 2068/2068/2068
f 2070/2070/2070 2068/2068/2068 1552/1552/1552
f 1550/1550/1550 1557/1557/1557 2070/2070/2070
f 2072/2072/2072 2071/2071/2071 1559/1559/1559
f 1557/1557/1557 1562/1562/1562 2072/2072/2072
f 2061/2061/2061 2072/2072/2072 1563/1563/1563
f 1563/1563/1563 1547/1547/1547 2061/2061/2061
f 2089/2089/2089 2079/2079/2079 1579/1579/1579
f 1578/1578/1578 1844/1844/1844 2089/2089/2089
f 2057/2057/2057 2102/2102/2102 1862/1862/1862
f 1861/1861/1861 1504/1504/1504 2056/2056/2056
f 2000/2000/2000 1997/1997/1997 1362/1362/1362
f 1362/1362/1362 1364/1364/1364 1999/1999/1999
f 2003/2003/2003 2005/2005/2005 2112/2112/2112
f 2006/2006/2006 2023/2023/2023 2113/2113/2113
f 2370/2370/2370 2030/2030/2030 2113/2113/2113
f 2112/2112/2112 2007/2007/2007 2370/2370/2370
f 2011/2011/2011 2003/2003/2003 2113/2113/2113
f 2022/2022/2022 2011/2011/2011 2112/2112/2112
f 2380/2380/2380 2012/2012/2012 2112/2112/2112
f 2112/2112/2112 2033/2033/2033 2379/2379/2379
f 2025/2025/2025 2017/2017/2017 2113/2113/2113
f 2020/2020/2020 2027/2027/2027 2114/2114/2114
f 2017/2017/2017 2021/2021/2021 2112/2112/2112
f 2023/2023/2023 2020/2020/2020 2115/2115/2115
f 2013/2013/2013 2025/2025/2025 2114/2114/2114
f 2027/2027/2027 2007/2007/2007 2112/2112/2112
f 2029/2029/2029 2035/2035/2035 2112/2112/2112
f 2038/2038/2038 2032/2032/2032 2115/2115/2115
f 2035/2035/2035 2048/2048/2048 2112/2112/2112
f 2053/2053/2053 2037/2037/2037 2112/2112/2112
f 2046/2046/2046 2016/2016/2016 2112/2112/2112
f 2043/2043/2043 2040/2040/2040 2112/2112/2112
f 2009/2009/2009 2043/2043/2043 2112/2112/2112
f 2042/2042/2042 2046/2046/2046 2112/2112/2112
f 2049/2049/2049 2009/2009/2009 2112/2112/2112
f 2015/2015/2015 2051/2051/2051 2112/2112/2112
f 2082/2082/2082 2060/2060/2060 2118/2118/2118
f 2062/2062/2062 2080/2080/2080 2117/2117/2117
f 2076/2076/2076 2078/2078/2078 2117/2117/2117
f 2058/2058/2058 2111/2111/2111 2118/2118/2118
f 2001/2001/2001 2082/2082/2082 2119/2119/2119
f 2088/2088/2088 2075/2075/2075 2116/2116/2116
f 2091/2091/2091 2087/2087/2087 2117/2117/2117
f 2094/2094/2094 2097/2097/2097 2118/2118/2118
f 2097/2097/2097 2084/2084/2084 2118/2118/2118
f 2099/2099/2099 2104/2104/2104 2116/2116/2116
f 2084/2084/2084 2107/2107/2107 2118/2118/2118
f 2108/2108/2108 2101/2101/2101 2118/2118/2118
f 2110/2110/2110 1997/1997/1997 2119/2119/2119
f 2078/2078/2078 2094/2094/2094 2118/2118/2118
f 2060/2060/2060 2064/2064/2064 2119/2119/2119
f 2066/2066/2066 2068/2068/2068 2118/2118/2118
f 2069/2069/2069 2070/2070/2070 2118/2118/2118
f 2070/2070/2070 2072/2072/2072 2118/2118/2118
f 2072/2072/2072 2062/2062/2062 2117/2117/2117
f 2080/2080/2080 2090/2090/2090 2118/2118/2118
f 2104/2104/2104 2058/2058/2058 2118/2118/2118
f 1997/1997/1997 2001/2001/2001 2118/2118/2118
f 2204/2204/2204 2206/2206/2206 2929/2929/2929
f 2191/2191/2191 2192/2192/2192 3490/3490/3490
f 3490/3490/3490 3492/3492/3492 2189/2189/2189
f 2173/2173/2173 2175/2175/2175 2558/2558/2558
f 2524/2524/2524 2176/2176/2176 2178/2178/2178
f 3482/3482/3482 2185/2185/2185 3488/3488/3488
f 2140/2140/2140 2171/2171/2171 2170/2170/2170
f 2169/2169/2169 2135/2135/2135 2140/2140/2140
f 2175/2175/2175 2172/2172/2172 2140/2140/2140
f 2140/2140/2140 1235/1235/1235 2175/2175/2175
f 1249/1249/1249 2177/2177/2177 2175/2175/2175
f 2175/2175/2175 1234/1234/1234 1249/1249/1249
f 2179/2179/2179 2177/2177/2177 1249/1249/1249
f 1249/1249/1249 2141/2141/2141 2179/2179/2179
f 1240/1240/1240 2180/2180/2180 2179/2179/2179
f 2179/2179/2179 2141/2141/2141 1239/1239/1239
f 2145/2145/2145 2182/2182/2182 2180/2180/2180
f 2180/2180/2180 1240/1240/1240 2144/2144/2144
f 2186/2186/2186 2182/2182/2182 2145/2145/2145
f 2144/2144/2144 1244/1244/1244 2186/2186/2186
f 2188/2188/2188 2186/2186/2186 1244/1244/1244
f 1242/1242/1242 2147/2147/2147 2188/2188/2188
f 2188/2188/2188 2147/2147/2147 2128/2128/2128
f 2128/2128/2128 2191/2191/2191 2187/2187/2187
f 2193/2193/2193 2191/2191/2191 2128/2128/2128
f 2130/2130/2130 1214/1214/1214 2193/2193/2193
f 2195/2195/2195 2192/2192/2192 1212/1212/1212
f 1214/1214/1214 1217/1217/1217 2195/2195/2195
f 2196/2196/2196 2195/2195/2195 1216/1216/1216
f 1217/1217/1217 1221/1221/1221 2196/2196/2196
f 2198/2198/2198 2196/2196/2196 1221/1221/1221
f 1221/1221/1221 1248/1248/1248 2198/2198/2198
f 2200/2200/2200 2198/2198/2198 1248/1248/1248
f 1248/1248/1248 1223/1223/1223 2200/2200/2200
f 2201/2201/2201 2200/2200/2200 1224/1224/1224
f 1223/1223/1223 2121/2121/2121 2201/2201/2201
f 2203/2203/2203 2201/2201/2201 2122/2122/2122
f 2121/2121/2121 2126/2126/2126 2204/2204/2204
f 2205/2205/2205 2204/2204/2204 2124/2124/2124
f 2126/2126/2126 1229/1229/1229 2206/2206/2206
f 2208/2208/2208 2205/2205/2205 1229/1229/1229
f 1229/1229/1229 1246/1246/1246 2210/2210/2210
f 2211/2211/2211 2209/2209/2209 1246/1246/1246
f 1246/1246/1246 1225/1225/1225 2211/2211/2211
f 2170/2170/2170 2211/2211/2211 1227/1227/1227
f 1225/1225/1225 2135/2135/2135 2169/2169/2169
f 2366/2366/2366 2217/2217/2217 1424/1424/1424
f 1424/1424/1424 2369/2369/2369 2366/2366/2366
f 2384/2384/2384 2386/2386/2386 2240/2240/2240
f 2240/2240/2240 1391/1391/1391 2384/2384/2384
f 1416/1416/1416 2243/2243/2243 2244/2244/2244
f 2244/2244/2244 1401/1401/1401 1415/1415/1415
f 1358/1358/1358 1360/1360/1360 2215/2215/2215
f 2214/2214/2214 2212/2212/2212 1358/1358/1358
f 1400/1400/1400 2244/2244/2244 2246/2246/2246
f 2246/2246/2246 1407/1407/1407 1401/1401/1401
f 1879/1879/1879 1358/1358/1358 2212/2212/2212
f 1389/1389/1389 2239/2239/2239 2243/2243/2243
f 2243/2243/2243 1415/1415/1415 1389/1389/1389
f 2216/2216/2216 2213/2213/2213 1359/1359/1359
f 1359/1359/1359 1880/1880/1880 2216/2216/2216
f 2219/2219/2219 2217/2217/2217 1426/1426/1426
f 1426/1426/1426 1436/1436/1436 2218/2218/2218
f 1441/1441/1441 2236/2236/2236 2237/2237/2237
f 2237/2237/2237 1430/1430/1430 1443/1443/1443
f 2220/2220/2220 2218/2218/2218 1436/1436/1436
f 1436/1436/1436 1467/1467/1467 2220/2220/2220
f 2233/2233/2233 2236/2236/2236 1442/1442/1442
f 1441/1441/1441 1471/1471/1471 2233/2233/2233
f 2229/2229/2229 2231/2231/2231 1397/1397/1397
f 1398/1398/1398 1460/1460/1460 2230/2230/2230
f 2224/2224/2224 2226/2226/2226 1444/1444/1444
f 1447/1447/1447 1455/1455/1455 2223/2223/2223
f 2221/2221/2221 2225/2225/2225 1455/1455/1455
f 1455/1455/1455 1380/1380/1380 2221/2221/2221
f 2226/2226/2226 2227/2227/2227 1460/1460/1460
f 1462/1462/1462 1446/1446/1446 2226/2226/2226
f 2222/2222/2222 2220/2220/2220 1467/1467/1467
f 1466/1466/1466 1378/1378/1378 2221/2221/2221
f 2231/2231/2231 2234/2234/2234 1471/1471/1471
f 1473/1473/1473 1398/1398/1398 2232/2232/2232
f 1877/1877/1877 1326/1326/1326 1358/1358/1358
f 2255/2255/2255 2254/2254/2254 1530/1530/1530
f 1529/1529/1529 1581/1581/1581 2255/2255/2255
f 2258/2258/2258 2255/2255/2255 1581/1581/1581
f 1580/1580/1580 1367/1367/1367 2258/2258/2258
f 2261/2261/2261 2258/2258/2258 1366/1366/1366
f 1366/1366/1366 1363/1363/1363 2261/2261/2261
f 3109/3109/3109 2261/2261/2261 1363/1363/1363
f 1363/1363/1363 1874/1874/1874 3109/3109/3109
f 2263/2263/2263 3109/3109/3109 1874/1874/1874
f 1875/1875/1875 1503/1503/1503 2265/2265/2265
f 3104/3104/3104 2264/2264/2264 1506/1506/1506
f 1504/1504/1504 1860/1860/1860 3105/3105/3105
f 2269/2269/2269 3106/3106/3106 1860/1860/1860
f 1860/1860/1860 1856/1856/1856 2269/2269/2269
f 2271/2271/2271 2269/2269/2269 1857/1857/1857
f 1856/1856/1856 1867/1867/1867 2270/2270/2270
f 2272/2272/2272 2270/2270/2270 1868/1868/1868
f 1868/1868/1868 1836/1836/1836 2272/2272/2272
f 2273/2273/2273 2272/2272/2272 1835/1835/1835
f 1836/1836/1836 1855/1855/1855 2274/2274/2274
f 2275/2275/2275 2274/2274/2274 1855/1855/1855
f 1854/1854/1854 1849/1849/1849 2276/2276/2276
f 2278/2278/2278 2277/2277/2277 1849/1849/1849
f 1847/1847/1847 1574/1574/1574 2278/2278/2278
f 2281/2281/2281 2278/2278/2278 1574/1574/1574
f 1574/1574/1574 1567/1567/1567 2281/2281/2281
f 2284/2284/2284 2280/2280/2280 1568/1568/1568
f 1569/1569/1569 1841/1841/1841 2284/2284/2284
f 2286/2286/2286 2283/2283/2283 1841/1841/1841
f 1841/1841/1841 1844/1844/1844 2286/2286/2286
f 2289/2289/2289 2286/2286/2286 1843/1843/1843
f 1842/1842/1842 1577/1577/1577 2288/2288/2288
f 2290/2290/2290 2289/2289/2289 1577/1577/1577
f 1577/1577/1577 1545/1545/1545 2290/2290/2290
f 2292/2292/2292 2290/2290/2290 1544/1544/1544
f 1544/1544/1544 1561/1561/1561 2292/2292/2292
f 2295/2295/2295 2292/2292/2292 1562/1562/1562
f 1560/1560/1560 1556/1556/1556 2295/2295/2295
f 2297/2297/2297 2294/2294/2294 1555/1555/1555
f 1558/1558/1558 1551/1551/1551 2297/2297/2297
f 2300/2300/2300 2298/2298/2298 1551/1551/1551
f 1551/1551/1551 1549/1549/1549 2300/2300/2300
f 2254/2254/2254 2300/2300/2300 1548/1548/1548
f 1548/1548/1548 1529/1529/1529 2254/2254/2254
f 1021/1021/1021 927/927/927 926/926/926
f 2311/2311/2311 2309/2309/2309 1518/1518/1518
f 1518/1518/1518 1895/1895/1895 2311/2311/2311
f 1889/1889/1889 2315/2315/2315 2313/2313/2313
f 2313/2313/2313 1515/1515/1515 1889/1889/1889
f 2315/2315/2315 1516/1516/1516 1537/1537/1537
f 1513/1513/1513 2313/2313/2313 2312/2312/2312
f 2311/2311/2311 1895/1895/1895 1513/1513/1513
f 1374/1374/1374 2367/2367/2367 2371/2371/2371
f 2371/2371/2371 2007/2007/2007 1374/1374/1374
f 2366/2366/2366 2368/2368/2368 1375/1375/1375
f 1376/1376/1376 2216/2216/2216 2366/2366/2366
f 915/915/915 3407/3407/3407 2323/2323/2323
f 2323/2323/2323 1032/1032/1032 916/916/916
f 2306/2306/2306 1035/1035/1035 914/914/914
f 2304/2304/2304 914/914/914 911/911/911
f 2301/2301/2301 1036/1036/1036 911/911/911
f 2302/2302/2302 911/911/911 908/908/908
f 972/972/972 3002/3002/3002 2330/2330/2330
f 2330/2330/2330 973/973/973 972/972/972
f 2327/2327/2327 1041/1041/1041 908/908/908
f 2328/2328/2328 908/908/908 972/972/972
f 967/967/967 2977/2977/2977 2339/2339/2339
f 2339/2339/2339 978/978/978 966/966/966
f 961/961/961 2968/2968/2968 2344/2344/2344
f 2344/2344/2344 983/983/983 963/963/963
f 953/953/953 2953/2953/2953 2354/2354/2354
f 2353/2353/2353 992/992/992 953/953/953
f 951/951/951 2944/2944/2944 2357/2357/2357
f 2359/2359/2359 996/996/996 951/951/951
f 950/950/950 2980/2980/2980 2361/2361/2361
f 2361/2361/2361 1001/1001/1001 950/950/950
f 944/944/944 2998/2998/2998 2362/2362/2362
f 2364/2364/2364 1003/1003/1003 948/948/948
f 2372/2372/2372 1006/1006/1006 943/943/943
f 940/940/940 3133/3133/3133 2319/2319/2319
f 2321/2321/2321 1009/1009/1009 938/938/938
f 1013/1013/1013 3128/3128/3128 3131/3131/3131
f 3131/3131/3131 2376/2376/2376 1011/1011/1011
f 2372/2372/2372 943/943/943 939/939/939
f 1020/1020/1020 3117/3117/3117 3394/3394/3394
f 2315/2315/2315 1890/1890/1890 1516/1516/1516
f 1929/1929/1929 1010/1010/1010 2322/2322/2322
f 2318/2318/2318 1014/1014/1014 1927/1927/1927
f 2377/2377/2377 2670/2670/2670 1926/1926/1926
f 2377/2377/2377 1017/1017/1017 2668/2668/2668
f 1931/1931/1931 1002/1002/1002 2363/2363/2363
f 2363/2363/2363 1008/1008/1008 1930/1930/1930
f 1932/1932/1932 1000/1000/1000 2360/2360/2360
f 1934/1934/1934 997/997/997 2358/2358/2358
f 2358/2358/2358 999/999/999 1932/1932/1932
f 2360/2360/2360 1004/1004/1004 1931/1931/1931
f 1936/1936/1936 993/993/993 2355/2355/2355
f 1938/1938/1938 991/991/991 2351/2351/2351
f 2351/2351/2351 993/993/993 1936/1936/1936
f 2355/2355/2355 995/995/995 1934/1934/1934
f 1939/1939/1939 1940/1940/1940 2349/2349/2349
f 1941/1941/1941 986/986/986 2349/2349/2349
f 1943/1943/1943 985/985/985 2345/2345/2345
f 1943/1943/1943 1945/1945/1945 2338/2338/2338
f 1946/1946/1946 981/981/981 2338/2338/2338
f 2343/2343/2343 988/988/988 1942/1942/1942
f 1946/1946/1946 1947/1947/1947 2334/2334/2334
f 1947/1947/1947 976/976/976 2332/2332/2332
f 1947/1947/1947 1949/1949/1949 2331/2331/2331
f 1949/1949/1949 975/975/975 2331/2331/2331
f 1429/1429/1429 2383/2383/2383 2381/2381/2381
f 2382/2382/2382 2033/2033/2033 1428/1428/1428
f 2386/2386/2386 2385/2385/2385 1428/1428/1428
f 1430/1430/1430 2238/2238/2238 2386/2386/2386
f 1387/1387/1387 2239/2239/2239 2387/2387/2387
f 1431/1431/1431 1387/1387/1387 2387/2387/2387
f 2365/2365/2365 2216/2216/2216 1880/1880/1880
f 1426/1426/1426 2217/2217/2217 2366/2366/2366
f 1904/1904/1904 1516/1516/1516 1890/1890/1890
f 1111/1111/1111 1098/1098/1098 1113/1113/1113
f 2184/2184/2184 2185/2185/2185 3482/3482/3482
f 2519/2519/2519 2521/2521/2521 2181/2181/2181
f 2523/2523/2523 2524/2524/2524 2178/2178/2178
f 2181/2181/2181 2521/2521/2521 2522/2522/2522
f 2525/2525/2525 2527/2527/2527 2174/2174/2174
f 2444/2444/2444 2443/2443/2443 923/923/923
f 924/924/924 1025/1025/1025 2445/2445/2445
f 2442/2442/2442 2439/2439/2439 1092/1092/1092
f 1092/1092/1092 923/923/923 2443/2443/2443
f 2645/2645/2645 2438/2438/2438 1088/1088/1088
f 1088/1088/1088 2643/2643/2643 2645/2645/2645
f 3060/3060/3060 3058/3058/3058 1023/1023/1023
f 1024/1024/1024 2444/2444/2444 3060/3060/3060
f 2446/2446/2446 3163/3163/3163 3160/3160/3160
f 3160/3160/3160 1482/1482/1482 2447/2447/2447
f 1496/1496/1496 2936/2936/2936 3174/3174/3174
f 3175/3175/3175 3177/3177/3177 1496/1496/1496
f 1615/1615/1615 3194/3194/3194 3225/3225/3225
f 3226/3226/3226 3229/3229/3229 1615/1615/1615
f 2568/2568/2568 2588/2588/2588 2591/2591/2591
f 2590/2590/2590 2567/2567/2567 2568/2568/2568
f 2592/2592/2592 2566/2566/2566 2567/2567/2567
f 2567/2567/2567 2590/2590/2590 2592/2592/2592
f 2211/2211/2211 2596/2596/2596 2597/2597/2597
f 2597/2597/2597 2598/2598/2598 2206/2206/2206
f 1161/1161/1161 1191/1191/1191 2614/2614/2614
f 2173/2173/2173 2558/2558/2558 2560/2560/2560
f 2152/2152/2152 2392/2392/2392 2503/2503/2503
f 2503/2503/2503 2502/2502/2502 2152/2152/2152
f 2392/2392/2392 1129/1129/1129 2505/2505/2505
f 2505/2505/2505 2503/2503/2503 2391/2391/2391
f 1129/1129/1129 2389/2389/2389 2506/2506/2506
f 2506/2506/2506 2505/2505/2505 1129/1129/1129
f 2388/2388/2388 1255/1255/1255 2508/2508/2508
f 2508/2508/2508 2506/2506/2506 2389/2389/2389
f 1253/1253/1253 2337/2337/2337 2510/2510/2510
f 2510/2510/2510 2508/2508/2508 1255/1255/1255
f 2336/2336/2336 2154/2154/2154 2511/2511/2511
f 2511/2511/2511 2510/2510/2510 2336/2336/2336
f 2156/2156/2156 2342/2342/2342 2513/2513/2513
f 2513/2513/2513 2512/2512/2512 2156/2156/2156
f 2341/2341/2341 2160/2160/2160 2514/2514/2514
f 2514/2514/2514 2513/2513/2513 2341/2341/2341
f 2158/2158/2158 2347/2347/2347 2515/2515/2515
f 2515/2515/2515 2514/2514/2514 2160/2160/2160
f 2348/2348/2348 2161/2161/2161 2518/2518/2518
f 2518/2518/2518 2515/2515/2515 2347/2347/2347
f 2164/2164/2164 2411/2411/2411 2520/2520/2520
f 2519/2519/2519 2517/2517/2517 2163/2163/2163
f 2413/2413/2413 1237/1237/1237 2521/2521/2521
f 2521/2521/2521 2520/2520/2520 2413/2413/2413
f 1237/1237/1237 2408/2408/2408 2523/2523/2523
f 2523/2523/2523 2521/2521/2521 1237/1237/1237
f 2408/2408/2408 1252/1252/1252 2524/2524/2524
f 2524/2524/2524 2523/2523/2523 2408/2408/2408
f 1252/1252/1252 2406/2406/2406 2526/2526/2526
f 2525/2525/2525 2524/2524/2524 1251/1251/1251
f 2405/2405/2405 1231/1231/1231 2527/2527/2527
f 2527/2527/2527 2525/2525/2525 2406/2406/2406
f 1232/1232/1232 2404/2404/2404 2528/2528/2528
f 2528/2528/2528 2527/2527/2527 1232/1232/1232
f 2403/2403/2403 1149/1149/1149 2530/2530/2530
f 2530/2530/2530 2528/2528/2528 2402/2402/2402
f 1148/1148/1148 2400/2400/2400 2532/2532/2532
f 2532/2532/2532 2530/2530/2530 1150/1150/1150
f 2401/2401/2401 1132/1132/1132 2534/2534/2534
f 2534/2534/2534 2532/2532/2532 2400/2400/2400
f 1130/1130/1130 2397/2397/2397 2536/2536/2536
f 2535/2535/2535 2533/2533/2533 1130/1130/1130
f 2396/2396/2396 1256/1256/1256 2537/2537/2537
f 2538/2538/2538 2536/2536/2536 2398/2398/2398
f 1257/1257/1257 2393/2393/2393 2539/2539/2539
f 2540/2540/2540 2537/2537/2537 1256/1256/1256
f 2393/2393/2393 2152/2152/2152 2502/2502/2502
f 2502/2502/2502 2539/2539/2539 2393/2393/2393
f 1127/1127/1127 2430/2430/2430 2543/2543/2543
f 2542/2542/2542 2541/2541/2541 1126/1126/1126
f 2430/2430/2430 2150/2150/2150 2546/2546/2546
f 2546/2546/2546 2542/2542/2542 2428/2428/2428
f 2150/2150/2150 2425/2425/2425 2547/2547/2547
f 2547/2547/2547 2545/2545/2545 2151/2151/2151
f 2423/2423/2423 1124/1124/1124 2548/2548/2548
f 2548/2548/2548 2547/2547/2547 2424/2424/2424
f 1124/1124/1124 2422/2422/2422 2549/2549/2549
f 2549/2549/2549 2548/2548/2548 1124/1124/1124
f 2421/2421/2421 1152/1152/1152 2550/2550/2550
f 2551/2551/2551 2549/2549/2549 2422/2422/2422
f 1152/1152/1152 2418/2418/2418 2552/2552/2552
f 2552/2552/2552 2551/2551/2551 1152/1152/1152
f 2418/2418/2418 1139/1139/1139 2554/2554/2554
f 2555/2555/2555 2552/2552/2552 2419/2419/2419
f 1139/1139/1139 2414/2414/2414 2556/2556/2556
f 2556/2556/2556 2554/2554/2554 1139/1139/1139
f 2414/2414/2414 2137/2137/2137 2557/2557/2557
f 2557/2557/2557 2556/2556/2556 2416/2416/2416
f 2137/2137/2137 2472/2472/2472 2559/2559/2559
f 2559/2559/2559 2557/2557/2557 2137/2137/2137
f 2472/2472/2472 1137/1137/1137 2561/2561/2561
f 2561/2561/2561 2559/2559/2559 2472/2472/2472
f 1137/1137/1137 2471/2471/2471 2563/2563/2563
f 2563/2563/2563 2561/2561/2561 1137/1137/1137
f 2469/2469/2469 1181/1181/1181 2564/2564/2564
f 2565/2565/2565 2563/2563/2563 2469/2469/2469
f 1182/1182/1182 2466/2466/2466 2566/2566/2566
f 2566/2566/2566 2565/2565/2565 1182/1182/1182
f 2466/2466/2466 1145/1145/1145 2567/2567/2567
f 2567/2567/2567 2566/2566/2566 2466/2466/2466
f 1145/1145/1145 2461/2461/2461 2568/2568/2568
f 2568/2568/2568 2567/2567/2567 1145/1145/1145
f 2460/2460/2460 1134/1134/1134 2569/2569/2569
f 2569/2569/2569 2568/2568/2568 2460/2460/2460
f 1134/1134/1134 2457/2457/2457 2570/2570/2570
f 2570/2570/2570 2569/2569/2569 1134/1134/1134
f 2457/2457/2457 1154/1154/1154 2572/2572/2572
f 2571/2571/2571 2570/2570/2570 2458/2458/2458
f 1154/1154/1154 2434/2434/2434 2576/2576/2576
f 2576/2576/2576 2571/2571/2571 1153/1153/1153
f 2436/2436/2436 1156/1156/1156 2578/2578/2578
f 2578/2578/2578 2574/2574/2574 2436/2436/2436
f 1156/1156/1156 2433/2433/2433 2580/2580/2580
f 2580/2580/2580 2578/2578/2578 1156/1156/1156
f 2433/2433/2433 1142/1142/1142 2581/2581/2581
f 2581/2581/2581 2580/2580/2580 2433/2433/2433
f 1142/1142/1142 2432/2432/2432 2583/2583/2583
f 2583/2583/2583 2581/2581/2581 1141/1141/1141
f 2432/2432/2432 1127/1127/1127 2541/2541/2541
f 2541/2541/2541 2582/2582/2582 2432/2432/2432
f 2167/2167/2167 2464/2464/2464 2587/2587/2587
f 2587/2587/2587 2584/2584/2584 2168/2168/2168
f 2464/2464/2464 1146/1146/1146 2590/2590/2590
f 2590/2590/2590 2587/2587/2587 2464/2464/2464
f 1146/1146/1146 2467/2467/2467 2592/2592/2592
f 2592/2592/2592 2589/2589/2589 1146/1146/1146
f 2467/2467/2467 1203/1203/1203 2593/2593/2593
f 2593/2593/2593 2592/2592/2592 2467/2467/2467
f 1203/1203/1203 2475/2475/2475 2596/2596/2596
f 2596/2596/2596 2593/2593/2593 1203/1203/1203
f 2475/2475/2475 1209/1209/1209 2597/2597/2597
f 2597/2597/2597 2596/2596/2596 2475/2475/2475
f 1209/1209/1209 2477/2477/2477 2598/2598/2598
f 2598/2598/2598 2597/2597/2597 1211/1211/1211
f 2477/2477/2477 1201/1201/1201 2600/2600/2600
f 2600/2600/2600 2598/2598/2598 2477/2477/2477
f 1202/1202/1202 2482/2482/2482 2602/2602/2602
f 2601/2601/2601 2600/2600/2600 1202/1202/1202
f 2482/2482/2482 1184/1184/1184 2603/2603/2603
f 2603/2603/2603 2601/2601/2601 2482/2482/2482
f 1185/1185/1185 2485/2485/2485 2606/2606/2606
f 2605/2605/2605 2603/2603/2603 1185/1185/1185
f 2485/2485/2485 1189/1189/1189 2607/2607/2607
f 2607/2607/2607 2605/2605/2605 2485/2485/2485
f 1190/1190/1190 2489/2489/2489 2609/2609/2609
f 2608/2608/2608 2607/2607/2607 1188/1188/1188
f 2487/2487/2487 1194/1194/1194 2613/2613/2613
f 2613/2613/2613 2608/2608/2608 2488/2488/2488
f 1195/1195/1195 2490/2490/2490 2614/2614/2614
f 2615/2615/2615 2611/2611/2611 1196/1196/1196
f 2491/2491/2491 1198/1198/1198 2616/2616/2616
f 2617/2617/2617 2614/2614/2614 2490/2490/2490
f 1199/1199/1199 2495/2495/2495 2618/2618/2618
f 2619/2619/2619 2616/2616/2616 1199/1199/1199
f 2493/2493/2493 1206/1206/1206 2620/2620/2620
f 2620/2620/2620 2618/2618/2618 2496/2496/2496
f 1206/1206/1206 2498/2498/2498 2621/2621/2621
f 2622/2622/2622 2620/2620/2620 1206/1206/1206
f 2498/2498/2498 1180/1180/1180 2623/2623/2623
f 2623/2623/2623 2622/2622/2622 2498/2498/2498
f 1180/1180/1180 2500/2500/2500 2626/2626/2626
f 2626/2626/2626 2624/2624/2624 1179/1179/1179
f 2500/2500/2500 1204/1204/1204 2628/2628/2628
f 2627/2627/2627 2626/2626/2626 2499/2499/2499
f 1204/1204/1204 2501/2501/2501 2631/2631/2631
f 2633/2633/2633 2627/2627/2627 1204/1204/1204
f 2501/2501/2501 2166/2166/2166 2585/2585/2585
f 2585/2585/2585 2631/2631/2631 2501/2501/2501
f 1197/1197/1197 2620/2620/2620 2621/2621/2621
f 2644/2644/2644 1197/1197/1197 2926/2926/2926
f 2570/2570/2570 2633/2633/2633 2586/2586/2586
f 2586/2586/2586 2569/2569/2569 2570/2570/2570
f 1192/1192/1192 2612/2612/2612 2614/2614/2614
f 1191/1191/1191 1158/1158/1158 2610/2610/2610
f 1158/1158/1158 2607/2607/2607 2610/2610/2610
f 1161/1161/1161 2617/2617/2617 2619/2619/2619
f 1197/1197/1197 1160/1160/1160 2618/2618/2618
f 1158/1158/1158 2603/2603/2603 2606/2606/2606
f 2598/2598/2598 2600/2600/2600 2206/2206/2206
f 2211/2211/2211 2594/2594/2594 2596/2596/2596
f 2531/2531/2531 2532/2532/2532 2552/2552/2552
f 2553/2553/2553 2555/2555/2555 2530/2530/2530
f 2532/2532/2532 2534/2534/2534 2551/2551/2551
f 2551/2551/2551 2552/2552/2552 2532/2532/2532
f 2534/2534/2534 2536/2536/2536 2549/2549/2549
f 2549/2549/2549 2551/2551/2551 2534/2534/2534
f 2536/2536/2536 2538/2538/2538 2548/2548/2548
f 2548/2548/2548 2549/2549/2549 2536/2536/2536
f 2639/2639/2639 2548/2548/2548 2538/2538/2538
f 2538/2538/2538 2634/2634/2634 2639/2639/2639
f 2528/2528/2528 2556/2556/2556 2558/2558/2558
f 2558/2558/2558 2527/2527/2527 2529/2529/2529
f 2528/2528/2528 2531/2531/2531 2555/2555/2555
f 2555/2555/2555 2556/2556/2556 2528/2528/2528
f 2502/2502/2502 2504/2504/2504 2636/2636/2636
f 2538/2538/2538 2540/2540/2540 2634/2634/2634
f 2635/2635/2635 2634/2634/2634 2540/2540/2540
f 2540/2540/2540 2502/2502/2502 2635/2635/2635
f 2638/2638/2638 2636/2636/2636 2504/2504/2504
f 2503/2503/2503 2505/2505/2505 2637/2637/2637
f 2505/2505/2505 2507/2507/2507 2637/2637/2637
f 2654/2654/2654 1109/1109/1109 2923/2923/2923
f 2544/2544/2544 2546/2546/2546 2641/2641/2641
f 2546/2546/2546 2639/2639/2639 2640/2640/2640
f 2547/2547/2547 2548/2548/2548 2639/2639/2639
f 2541/2541/2541 2544/2544/2544 2640/2640/2640
f 2581/2581/2581 2583/2583/2583 2656/2656/2656
f 2583/2583/2583 2541/2541/2541 2656/2656/2656
f 2541/2541/2541 2641/2641/2641 2657/2657/2657
f 2546/2546/2546 2547/2547/2547 2639/2639/2639
f 2570/2570/2570 2571/2571/2571 2633/2633/2633
f 2571/2571/2571 2573/2573/2573 2923/2923/2923
f 2575/2575/2575 2578/2578/2578 2923/2923/2923
f 2656/2656/2656 2654/2654/2654 2581/2581/2581
f 2579/2579/2579 2581/2581/2581 2923/2923/2923
f 2577/2577/2577 2579/2579/2579 2923/2923/2923
f 1109/1109/1109 1114/1114/1114 2651/2651/2651
f 2924/2924/2924 2926/2926/2926 2632/2632/2632
f 2632/2632/2632 2571/2571/2571 2923/2923/2923
f 2211/2211/2211 2170/2170/2170 2562/2562/2562
f 2170/2170/2170 2561/2561/2561 2563/2563/2563
f 1340/1340/1340 2670/2670/2670 2659/2659/2659
f 2663/2663/2663 3331/3331/3331 2259/2259/2259
f 2259/2259/2259 2261/2261/2261 2663/2663/2663
f 3043/3043/3043 3113/3113/3113 1872/1872/1872
f 1872/1872/1872 3045/3045/3045 3043/3043/3043
f 3101/3101/3101 3103/3103/3103 3024/3024/3024
f 3023/3023/3023 1959/1959/1959 3101/3101/3101
f 2669/2669/2669 3014/3014/3014 1926/1926/1926
f 2670/2670/2670 3008/3008/3008 2659/2659/2659
f 2139/2139/2139 2136/2136/2136 2786/2786/2786
f 2785/2785/2785 2788/2788/2788 2139/2139/2139
f 1234/1234/1234 2140/2140/2140 2789/2789/2789
f 2788/2788/2788 2752/2752/2752 1233/1233/1233
f 1249/1249/1249 1235/1235/1235 2753/2753/2753
f 2752/2752/2752 2768/2768/2768 1250/1250/1250
f 2141/2141/2141 1249/1249/1249 2767/2767/2767
f 2768/2768/2768 2792/2792/2792 2141/2141/2141
f 1239/1239/1239 2141/2141/2141 2792/2792/2792
f 2792/2792/2792 2757/2757/2757 1239/1239/1239
f 2145/2145/2145 1239/1239/1239 2757/2757/2757
f 2757/2757/2757 2794/2794/2794 2143/2143/2143
f 1241/1241/1241 2142/2142/2142 2794/2794/2794
f 2794/2794/2794 2760/2760/2760 1243/1243/1243
f 2146/2146/2146 1241/1241/1241 2760/2760/2760
f 2760/2760/2760 2797/2797/2797 2148/2148/2148
f 2127/2127/2127 2146/2146/2146 2797/2797/2797
f 2797/2797/2797 2784/2784/2784 2129/2129/2129
f 1213/1213/1213 2129/2129/2129 2784/2784/2784
f 2783/2783/2783 2735/2735/2735 1213/1213/1213
f 1217/1217/1217 1215/1215/1215 2735/2735/2735
f 2735/2735/2735 2736/2736/2736 1218/1218/1218
f 1219/1219/1219 1217/1217/1217 2736/2736/2736
f 2736/2736/2736 2740/2740/2740 1219/1219/1219
f 1247/1247/1247 1220/1220/1220 2740/2740/2740
f 2740/2740/2740 2765/2765/2765 1247/1247/1247
f 1223/1223/1223 1247/1247/1247 2765/2765/2765
f 2765/2765/2765 2743/2743/2743 1222/1222/1222
f 2121/2121/2121 1222/1222/1222 2743/2743/2743
f 2742/2742/2742 2775/2775/2775 2121/2121/2121
f 2125/2125/2125 2120/2120/2120 2775/2775/2775
f 2775/2775/2775 2778/2778/2778 2123/2123/2123
f 1229/1229/1229 2123/2123/2123 2778/2778/2778
f 2779/2779/2779 2748/2748/2748 1228/1228/1228
f 1246/1246/1246 1228/1228/1228 2747/2747/2747
f 2747/2747/2747 2764/2764/2764 1246/1246/1246
f 1225/1225/1225 1245/1245/1245 2764/2764/2764
f 2763/2763/2763 2745/2745/2745 1225/1225/1225
f 2134/2134/2134 1226/1226/1226 2745/2745/2745
f 2746/2746/2746 2786/2786/2786 2134/2134/2134
f 2390/2390/2390 2153/2153/2153 2803/2803/2803
f 2801/2801/2801 2832/2832/2832 2390/2390/2390
f 1128/1128/1128 2390/2390/2390 2832/2832/2832
f 2832/2832/2832 2677/2677/2677 1128/1128/1128
f 2388/2388/2388 1128/1128/1128 2677/2677/2677
f 2678/2678/2678 2829/2829/2829 2388/2388/2388
f 1254/1254/1254 2388/2388/2388 2830/2830/2830
f 2829/2829/2829 2772/2772/2772 1253/1253/1253
f 2337/2337/2337 1254/1254/1254 2772/2772/2772
f 2772/2772/2772 2820/2820/2820 2336/2336/2336
f 2155/2155/2155 2336/2336/2336 2819/2819/2819
f 2819/2819/2819 2805/2805/2805 2154/2154/2154
f 2340/2340/2340 2155/2155/2155 2805/2805/2805
f 2804/2804/2804 2823/2823/2823 2342/2342/2342
f 2157/2157/2157 2342/2342/2342 2823/2823/2823
f 2823/2823/2823 2809/2809/2809 2159/2159/2159
f 2346/2346/2346 2157/2157/2157 2808/2808/2808
f 2810/2810/2810 2827/2827/2827 2346/2346/2346
f 2162/2162/2162 2346/2346/2346 2828/2828/2828
f 2827/2827/2827 2811/2811/2811 2162/2162/2162
f 2410/2410/2410 2162/2162/2162 2813/2813/2813
f 2814/2814/2814 2846/2846/2846 2410/2410/2410
f 1236/1236/1236 2412/2412/2412 2848/2848/2848
f 2848/2848/2848 2756/2756/2756 1238/1238/1238
f 2407/2407/2407 1238/1238/1238 2756/2756/2756
f 2755/2755/2755 2845/2845/2845 2409/2409/2409
f 1251/1251/1251 2409/2409/2409 2844/2844/2844
f 2845/2845/2845 2770/2770/2770 1251/1251/1251
f 2405/2405/2405 1251/1251/1251 2771/2771/2771
f 2771/2771/2771 2842/2842/2842 2405/2405/2405
f 1232/1232/1232 2405/2405/2405 2843/2843/2843
f 2842/2842/2842 2751/2751/2751 1231/1231/1231
f 2403/2403/2403 1230/1230/1230 2751/2751/2751
f 2751/2751/2751 2841/2841/2841 2402/2402/2402
f 1147/1147/1147 2402/2402/2402 2841/2841/2841
f 2841/2841/2841 2699/2699/2699 1147/1147/1147
f 2401/2401/2401 1147/1147/1147 2699/2699/2699
f 2699/2699/2699 2840/2840/2840 2401/2401/2401
f 1131/1131/1131 2399/2399/2399 2840/2840/2840
f 2840/2840/2840 2683/2683/2683 1131/1131/1131
f 2398/2398/2398 1131/1131/1131 2683/2683/2683
f 2683/2683/2683 2839/2839/2839 2395/2395/2395
f 1257/1257/1257 2395/2395/2395 2838/2838/2838
f 2838/2838/2838 2774/2774/2774 1257/1257/1257
f 2393/2393/2393 1257/1257/1257 2774/2774/2774
f 2774/2774/2774 2835/2835/2835 2394/2394/2394
f 2153/2153/2153 2393/2393/2393 2836/2836/2836
f 2836/2836/2836 2801/2801/2801 2153/2153/2153
f 2426/2426/2426 1127/1127/1127 2675/2675/2675
f 2675/2675/2675 2860/2860/2860 2429/2429/2429
f 2149/2149/2149 2427/2427/2427 2860/2860/2860
f 2861/2861/2861 2799/2799/2799 2150/2150/2150
f 2423/2423/2423 2150/2150/2150 2798/2798/2798
f 2798/2798/2798 2858/2858/2858 2423/2423/2423
f 1124/1124/1124 2424/2424/2424 2858/2858/2858
f 2858/2858/2858 2674/2674/2674 1124/1124/1124
f 2421/2421/2421 1123/1123/1123 2671/2671/2671
f 2672/2672/2672 2854/2854/2854 2420/2420/2420
f 1152/1152/1152 2422/2422/2422 2854/2854/2854
f 2854/2854/2854 2700/2700/2700 1152/1152/1152
f 2418/2418/2418 1151/1151/1151 2700/2700/2700
f 2700/2700/2700 2852/2852/2852 2418/2418/2418
f 1138/1138/1138 2418/2418/2418 2852/2852/2852
f 2851/2851/2851 2692/2692/2692 1139/1139/1139
f 2414/2414/2414 1139/1139/1139 2692/2692/2692
f 2691/2691/2691 2849/2849/2849 2417/2417/2417
f 2138/2138/2138 2415/2415/2415 2849/2849/2849
f 2849/2849/2849 2787/2787/2787 2137/2137/2137
f 2472/2472/2472 2138/2138/2138 2787/2787/2787
f 2787/2787/2787 2884/2884/2884 2473/2473/2473
f 1137/1137/1137 2472/2472/2472 2885/2885/2885
f 2885/2885/2885 2689/2689/2689 1137/1137/1137
f 2469/2469/2469 1136/1136/1136 2689/2689/2689
f 2689/2689/2689 2883/2883/2883 2470/2470/2470
f 1182/1182/1182 2469/2469/2469 2883/2883/2883
f 2883/2883/2883 2709/2709/2709 1182/1182/1182
f 2465/2465/2465 1182/1182/1182 2709/2709/2709
f 2709/2709/2709 2878/2878/2878 2465/2465/2465
f 1143/1143/1143 2465/2465/2465 2878/2878/2878
f 2878/2878/2878 2695/2695/2695 1143/1143/1143
f 2461/2461/2461 1144/1144/1144 2695/2695/2695
f 2696/2696/2696 2874/2874/2874 2460/2460/2460
f 1135/1135/1135 2460/2460/2460 2874/2874/2874
f 2873/2873/2873 2685/2685/2685 1133/1133/1133
f 2459/2459/2459 1135/1135/1135 2685/2685/2685
f 2684/2684/2684 2871/2871/2871 2456/2456/2456
f 1154/1154/1154 2457/2457/2457 2872/2872/2872
f 2872/2872/2872 2706/2706/2706 1154/1154/1154
f 2437/2437/2437 1154/1154/1154 2706/2706/2706
f 2704/2704/2704 2869/2869/2869 2435/2435/2435
f 1155/1155/1155 2437/2437/2437 2869/2869/2869
f 2869/2869/2869 2707/2707/2707 1155/1155/1155
f 2433/2433/2433 1155/1155/1155 2707/2707/2707
f 2707/2707/2707 2866/2866/2866 2433/2433/2433
f 1140/1140/1140 2433/2433/2433 2867/2867/2867
f 2867/2867/2867 2694/2694/2694 1142/1142/1142
f 2431/2431/2431 1142/1142/1142 2694/2694/2694
f 2694/2694/2694 2862/2862/2862 2432/2432/2432
f 1125/1125/1125 2432/2432/2432 2862/2862/2862
f 2862/2862/2862 2675/2675/2675 1127/1127/1127
f 2462/2462/2462 2165/2165/2165 2817/2817/2817
f 2816/2816/2816 2875/2875/2875 2463/2463/2463
f 1146/1146/1146 2462/2462/2462 2877/2877/2877
f 2875/2875/2875 2698/2698/2698 1146/1146/1146
f 2468/2468/2468 1146/1146/1146 2698/2698/2698
f 2698/2698/2698 2880/2880/2880 2467/2467/2467
f 1203/1203/1203 2467/2467/2467 2880/2880/2880
f 2880/2880/2880 2724/2724/2724 1203/1203/1203
f 2476/2476/2476 1203/1203/1203 2725/2725/2725
f 2726/2726/2726 2887/2887/2887 2476/2476/2476
f 1209/1209/1209 2474/2474/2474 2887/2887/2887
f 2889/2889/2889 2732/2732/2732 1209/1209/1209
f 2478/2478/2478 1210/1210/1210 2732/2732/2732
f 2732/2732/2732 2890/2890/2890 2479/2479/2479
f 1200/1200/1200 2478/2478/2478 2890/2890/2890
f 2890/2890/2890 2721/2721/2721 1201/1201/1201
f 2481/2481/2481 1201/1201/1201 2722/2722/2722
f 2721/2721/2721 2892/2892/2892 2480/2480/2480
f 1183/1183/1183 2481/2481/2481 2893/2893/2893
f 2894/2894/2894 2713/2713/2713 1185/1185/1185
f 2483/2483/2483 1183/1183/1183 2713/2713/2713
f 2713/2713/2713 2895/2895/2895 2483/2483/2483
f 1187/1187/1187 2484/2484/2484 2895/2895/2895
f 2895/2895/2895 2714/2714/2714 1186/1186/1186
f 2486/2486/2486 1186/1186/1186 2716/2716/2716
f 2715/2715/2715 2896/2896/2896 2486/2486/2486
f 1194/1194/1194 2486/2486/2486 2896/2896/2896
f 2896/2896/2896 2717/2717/2717 1194/1194/1194
f 2492/2492/2492 1194/1194/1194 2717/2717/2717
f 2717/2717/2717 2898/2898/2898 2490/2490/2490
f 1199/1199/1199 2490/2490/2490 2900/2900/2900
f 2898/2898/2898 2720/2720/2720 1199/1199/1199
f 2493/2493/2493 1199/1199/1199 2720/2720/2720
f 2719/2719/2719 2902/2902/2902 2494/2494/2494
f 1208/1208/1208 2494/2494/2494 2902/2902/2902
f 2901/2901/2901 2731/2731/2731 1207/1207/1207
f 2497/2497/2497 1207/1207/1207 2731/2731/2731
f 2731/2731/2731 2904/2904/2904 2498/2498/2498
f 1180/1180/1180 2498/2498/2498 2905/2905/2905
f 2905/2905/2905 2708/2708/2708 1180/1180/1180
f 2500/2500/2500 1179/1179/1179 2708/2708/2708
f 2708/2708/2708 2908/2908/2908 2500/2500/2500
f 1204/1204/1204 2499/2499/2499 2908/2908/2908
f 2910/2910/2910 2728/2728/2728 1205/1205/1205
f 2501/2501/2501 1204/1204/1204 2728/2728/2728
f 2729/2729/2729 2912/2912/2912 2501/2501/2501
f 2165/2165/2165 2501/2501/2501 2913/2913/2913
f 2913/2913/2913 2815/2815/2815 2165/2165/2165
f 2788/2788/2788 2786/2786/2786 2914/2914/2914
f 2754/2754/2754 2790/2790/2790 2914/2914/2914
f 2769/2769/2769 2754/2754/2754 2914/2914/2914
f 2793/2793/2793 2768/2768/2768 2914/2914/2914
f 2758/2758/2758 2791/2791/2791 2914/2914/2914
f 2795/2795/2795 2758/2758/2758 2914/2914/2914
f 2761/2761/2761 2795/2795/2795 2914/2914/2914
f 2797/2797/2797 2759/2759/2759 2914/2914/2914
f 2783/2783/2783 2796/2796/2796 2914/2914/2914
f 2735/2735/2735 2782/2782/2782 2914/2914/2914
f 2737/2737/2737 2734/2734/2734 2914/2914/2914
f 2741/2741/2741 2738/2738/2738 2914/2914/2914
f 2766/2766/2766 2739/2739/2739 2914/2914/2914
f 2744/2744/2744 2766/2766/2766 2914/2914/2914
f 2776/2776/2776 2744/2744/2744 2914/2914/2914
f 2780/2780/2780 2777/2777/2777 2914/2914/2914
f 2750/2750/2750 2781/2781/2781 2914/2914/2914
f 2764/2764/2764 2749/2749/2749 2914/2914/2914
f 2746/2746/2746 2762/2762/2762 2914/2914/2914
f 2786/2786/2786 2746/2746/2746 2914/2914/2914
f 2833/2833/2833 2803/2803/2803 2915/2915/2915
f 2679/2679/2679 2834/2834/2834 2917/2917/2917
f 2831/2831/2831 2680/2680/2680 2917/2917/2917
f 2773/2773/2773 2831/2831/2831 2915/2915/2915
f 2821/2821/2821 2773/2773/2773 2917/2917/2917
f 2807/2807/2807 2821/2821/2821 2917/2917/2917
f 2822/2822/2822 2806/2806/2806 2917/2917/2917
f 2808/2808/2808 2824/2824/2824 2917/2917/2917
f 2826/2826/2826 2808/2808/2808 2917/2917/2917
f 2813/2813/2813 2825/2825/2825 2917/2917/2917
f 2847/2847/2847 2812/2812/2812 2918/2918/2918
f 2755/2755/2755 2847/2847/2847 2917/2917/2917
f 2845/2845/2845 2756/2756/2756 2917/2917/2917
f 2771/2771/2771 2845/2845/2845 2917/2917/2917
f 2843/2843/2843 2770/2770/2770 2916/2916/2916
f 2751/2751/2751 2843/2843/2843 2917/2917/2917
f 2841/2841/2841 2751/2751/2751 2917/2917/2917
f 2699/2699/2699 2841/2841/2841 2917/2917/2917
f 2840/2840/2840 2699/2699/2699 2917/2917/2917
f 2682/2682/2682 2840/2840/2840 2917/2917/2917
f 2838/2838/2838 2681/2681/2681 2917/2917/2917
f 2774/2774/2774 2837/2837/2837 2917/2917/2917
f 2835/2835/2835 2774/2774/2774 2917/2917/2917
f 2802/2802/2802 2835/2835/2835 2917/2917/2917
f 2861/2861/2861 2676/2676/2676 2919/2919/2919
f 2800/2800/2800 2861/2861/2861 2919/2919/2919
f 2859/2859/2859 2800/2800/2800 2919/2919/2919
f 2673/2673/2673 2857/2857/2857 2919/2919/2919
f 2855/2855/2855 2673/2673/2673 2919/2919/2919
f 2702/2702/2702 2856/2856/2856 2919/2919/2919
f 2853/2853/2853 2701/2701/2701 2919/2919/2919
f 2692/2692/2692 2853/2853/2853 2919/2919/2919
f 2850/2850/2850 2692/2692/2692 2919/2919/2919
f 2787/2787/2787 2850/2850/2850 2919/2919/2919
f 2885/2885/2885 2787/2787/2787 2919/2919/2919
f 2688/2688/2688 2885/2885/2885 2919/2919/2919
f 2882/2882/2882 2690/2690/2690 2919/2919/2919
f 2709/2709/2709 2882/2882/2882 2919/2919/2919
f 2879/2879/2879 2710/2710/2710 2919/2919/2919
f 2696/2696/2696 2879/2879/2879 2919/2919/2919
f 2874/2874/2874 2697/2697/2697 2919/2919/2919
f 2686/2686/2686 2873/2873/2873 2919/2919/2919
f 2871/2871/2871 2687/2687/2687 2919/2919/2919
f 2705/2705/2705 2871/2871/2871 2919/2919/2919
f 2868/2868/2868 2703/2703/2703 2919/2919/2919
f 2707/2707/2707 2870/2870/2870 2919/2919/2919
f 2866/2866/2866 2707/2707/2707 2919/2919/2919
f 2693/2693/2693 2865/2865/2865 2919/2919/2919
f 2863/2863/2863 2693/2693/2693 2919/2919/2919
f 2675/2675/2675 2864/2864/2864 2919/2919/2919
f 2877/2877/2877 2817/2817/2817 2921/2921/2921
f 2698/2698/2698 2876/2876/2876 2921/2921/2921
f 2881/2881/2881 2698/2698/2698 2921/2921/2921
f 2725/2725/2725 2881/2881/2881 2921/2921/2921
f 2888/2888/2888 2727/2727/2727 2921/2921/2921
f 2732/2732/2732 2886/2886/2886 2921/2921/2921
f 2890/2890/2890 2733/2733/2733 2921/2921/2921
f 2722/2722/2722 2890/2890/2890 2921/2921/2921
f 2894/2894/2894 2723/2723/2723 2921/2921/2921
f 2712/2712/2712 2891/2891/2891 2921/2921/2921
f 2895/2895/2895 2711/2711/2711 2921/2921/2921
f 2716/2716/2716 2895/2895/2895 2921/2921/2921
f 2896/2896/2896 2716/2716/2716 2921/2921/2921
f 2718/2718/2718 2897/2897/2897 2921/2921/2921
f 2898/2898/2898 2717/2717/2717 2922/2922/2922
f 2720/2720/2720 2899/2899/2899 2922/2922/2922
f 2903/2903/2903 2720/2720/2720 2922/2922/2922
f 2730/2730/2730 2903/2903/2903 2922/2922/2922
f 2906/2906/2906 2730/2730/2730 2922/2922/2922
f 2708/2708/2708 2907/2907/2907 2922/2922/2922
f 2909/2909/2909 2708/2708/2708 2922/2922/2922
f 2728/2728/2728 2911/2911/2911 2922/2922/2922
f 2913/2913/2913 2728/2728/2728 2920/2920/2920
f 2818/2818/2818 2913/2913/2913 2921/2921/2921
f 1916/1916/1916 1470/1470/1470 1393/1393/1393
f 1520/1520/1520 1526/1526/1526 1536/1536/1536
f 2654/2654/2654 2923/2923/2923 2581/2581/2581
f 2507/2507/2507 2508/2508/2508 3415/3415/3415
f 3415/3415/3415 3481/3481/3481 3472/3472/3472
f 3482/3482/3482 1166/1166/1166 3480/3480/3480
f 3483/3483/3483 2516/2516/2516 2184/2184/2184
f 2183/2183/2183 3482/3482/3482 3483/3483/3483
f 2923/2923/2923 2651/2651/2651 2649/2649/2649
f 2923/2923/2923 2649/2649/2649 2648/2648/2648
f 2924/2924/2924 2648/2648/2648 2926/2926/2926
f 1109/1109/1109 2652/2652/2652 2923/2923/2923
f 2925/2925/2925 2623/2623/2623 2626/2626/2626
f 2927/2927/2927 2630/2630/2630 2633/2633/2633
f 2646/2646/2646 2643/2643/2643 2926/2926/2926
f 1197/1197/1197 2623/2623/2623 2926/2926/2926
f 2928/2928/2928 2602/2602/2602 2603/2603/2603
f 2929/2929/2929 2206/2206/2206 2600/2600/2600
f 2929/2929/2929 2200/2200/2200 2202/2202/2202
f 2929/2929/2929 2201/2201/2201 2203/2203/2203
f 2929/2929/2929 2599/2599/2599 2601/2601/2601
f 1175/1175/1175 2200/2200/2200 2930/2930/2930
f 1157/1157/1157 2929/2929/2929 2604/2604/2604
f 1029/1029/1029 921/921/921 3041/3041/3041
f 1866/1866/1866 2273/2273/2273 3183/3183/3183
f 2452/2452/2452 1664/1664/1664 1745/1745/1745
f 2452/2452/2452 1745/1745/1745 1741/1741/1741
f 2288/2288/2288 1995/1995/1995 1846/1846/1846
f 2288/2288/2288 1983/1983/1983 1995/1995/1995
f 2276/2276/2276 2278/2278/2278 1573/1573/1573
f 1502/1502/1502 2268/2268/2268 2270/2270/2270
f 1886/1886/1886 1883/1883/1883 1426/1426/1426
f 2938/2938/2938 958/958/958 1054/1054/1054
f 1054/1054/1054 2940/2940/2940 2938/2938/2938
f 2350/2350/2350 989/989/989 960/960/960
f 960/960/960 2939/2939/2939 2350/2350/2350
f 2943/2943/2943 951/951/951 1066/1066/1066
f 1066/1066/1066 2948/2948/2948 2943/2943/2943
f 2955/2955/2955 954/954/954 1062/1062/1062
f 1062/1062/1062 2949/2949/2949 2955/2955/2955
f 2960/2960/2960 956/956/956 1056/1056/1056
f 1058/1058/1058 2956/2956/2956 2961/2961/2961
f 2969/2969/2969 962/962/962 1052/1052/1052
f 1052/1052/1052 2966/2966/2966 2969/2969/2969
f 2978/2978/2978 965/965/965 1050/1050/1050
f 1051/1051/1051 2972/2972/2972 2976/2976/2976
f 2352/2352/2352 990/990/990 956/956/956
f 956/956/956 2962/2962/2962 2352/2352/2352
f 2132/2132/2132 1067/1067/1067 2947/2947/2947
f 2946/2946/2946 1065/1065/1065 1168/1168/1168
f 1168/1168/1168 1064/1064/1064 2952/2952/2952
f 2950/2950/2950 1061/1061/1061 3479/3479/3479
f 3479/3479/3479 1063/1063/1063 2957/2957/2957
f 2958/2958/2958 1057/1057/1057 3476/3476/3476
f 3476/3476/3476 1060/1060/1060 2940/2940/2940
f 2940/2940/2940 1055/1055/1055 3475/3475/3475
f 3475/3475/3475 1055/1055/1055 2965/2965/2965
f 2965/2965/2965 1052/1052/1052 3472/3472/3472
f 3472/3472/3472 1052/1052/1052 2970/2970/2970
f 2973/2973/2973 1051/1051/1051 1162/1162/1162
f 2979/2979/2979 949/949/949 1068/1068/1068
f 1068/1068/1068 2982/2982/2982 2979/2979/2979
f 1171/1171/1171 1071/1071/1071 2983/2983/2983
f 2982/2982/2982 1069/1069/1069 2133/2133/2133
f 2987/2987/2987 968/968/968 1047/1047/1047
f 1048/1048/1048 2990/2990/2990 2986/2986/2986
f 2333/2333/2333 977/977/977 970/970/970
f 970/970/970 2988/2988/2988 2333/2333/2333
f 1164/1164/1164 1051/1051/1051 2990/2990/2990
f 947/947/947 1073/1073/1073 2994/2994/2994
f 2994/2994/2994 2996/2996/2996 945/945/945
f 1174/1174/1174 1074/1074/1074 2995/2995/2995
f 2992/2992/2992 1071/1071/1071 1171/1171/1171
f 3003/3003/3003 1049/1049/1049 968/968/968
f 968/968/968 2999/2999/2999 3004/3004/3004
f 1046/1046/1046 3412/3412/3412 3414/3414/3414
f 3414/3414/3414 3003/3003/3003 1046/1046/1046
f 1312/1312/1312 3404/3404/3404 3399/3399/3399
f 3399/3399/3399 1918/1918/1918 1314/1314/1314
f 2670/2670/2670 1017/1017/1017 3007/3007/3007
f 1340/1340/1340 2660/2660/2660 3009/3009/3009
f 3011/3011/3011 3066/3066/3066 3014/3014/3014
f 2669/2669/2669 1340/1340/1340 3014/3014/3014
f 3023/3023/3023 3029/3029/3029 3022/3022/3022
f 3029/3029/3029 2665/2665/2665 3027/3027/3027
f 3034/3034/3034 1474/1474/1474 3108/3108/3108
f 3107/3107/3107 3033/3033/3033 3036/3036/3036
f 3023/3023/3023 3022/3022/3022 1963/1963/1963
f 3028/3028/3028 3027/3027/3027 3021/3021/3021
f 3015/3015/3015 2665/2665/2665 3028/3028/3028
f 3035/3035/3035 2667/2667/2667 3016/3016/3016
f 3039/3039/3039 918/918/918 3047/3047/3047
f 3048/3048/3048 3050/3050/3050 3039/3039/3039
f 3038/3038/3038 3050/3050/3050 3051/3051/3051
f 3051/3051/3051 3041/3041/3041 3039/3039/3039
f 921/921/921 3038/3038/3038 3040/3040/3040
f 3043/3043/3043 2662/2662/2662 2261/2261/2261
f 3045/3045/3045 3332/3332/3332 3043/3043/3043
f 3045/3045/3045 1872/1872/1872 3103/3103/3103
f 1872/1872/1872 3015/3015/3015 3029/3029/3029
f 3043/3043/3043 2262/2262/2262 3109/3109/3109
f 3052/3052/3052 3025/3025/3025 2664/2664/2664
f 2666/2666/2666 3053/3053/3053 3051/3051/3051
f 3031/3031/3031 3065/3065/3065 1029/1029/1029
f 1029/1029/1029 3054/3054/3054 3030/3030/3030
f 1962/1962/1962 3020/3020/3020 3050/3050/3050
f 3050/3050/3050 3046/3046/3046 1962/1962/1962
f 3050/3050/3050 3019/3019/3019 3026/3026/3026
f 3026/3026/3026 3051/3051/3051 3050/3050/3050
f 3048/3048/3048 918/918/918 915/915/915
f 1030/1030/1030 1962/1962/1962 3049/3049/3049
f 1476/1476/1476 3441/3441/3441 3444/3444/3444
f 3445/3445/3445 3064/3064/3064 1476/1476/1476
f 1480/1480/1480 2448/2448/2448 3061/3061/3061
f 3061/3061/3061 3063/3063/3063 1479/1479/1479
f 3058/3058/3058 1483/1483/1483 1484/1484/1484
f 1484/1484/1484 3055/3055/3055 3058/3058/3058
f 3060/3060/3060 2447/2447/2447 1482/1482/1482
f 1482/1482/1482 3058/3058/3058 3060/3060/3060
f 3033/3033/3033 3107/3107/3107 1478/1478/1478
f 1477/1477/1477 3065/3065/3065 3033/3033/3033
f 1352/1352/1352 3349/3349/3349 3351/3351/3351
f 3351/3351/3351 3097/3097/3097 1351/1351/1351
f 1348/1348/1348 3338/3338/3338 3340/3340/3340
f 3340/3340/3340 3099/3099/3099 1348/1348/1348
f 1961/1961/1961 3322/3322/3322 3324/3324/3324
f 3324/3324/3324 3102/3102/3102 1961/1961/1961
f 3066/3066/3066 3012/3012/3012 1338/1338/1338
f 1337/1337/1337 3067/3067/3067 3066/3066/3066
f 3067/3067/3067 1337/1337/1337 3455/3455/3455
f 3455/3455/3455 3451/3451/3451 3067/3067/3067
f 3068/3068/3068 1334/1334/1334 1333/1333/1333
f 1333/1333/1333 3073/3073/3073 3068/3068/3068
f 3075/3075/3075 1932/1932/1932 1931/1931/1931
f 1931/1931/1931 3073/3073/3073 3075/3075/3075
f 1933/1933/1933 1932/1932/1932 3075/3075/3075
f 3074/3074/3074 3076/3076/3076 1933/1933/1933
f 1936/1936/1936 1933/1933/1933 3076/3076/3076
f 3076/3076/3076 3079/3079/3079 1936/1936/1936
f 1938/1938/1938 1936/1936/1936 3077/3077/3077
f 3079/3079/3079 3081/3081/3081 1938/1938/1938
f 1940/1940/1940 1939/1939/1939 3082/3082/3082
f 3082/3082/3082 3084/3084/3084 1940/1940/1940
f 1943/1943/1943 1940/1940/1940 3084/3084/3084
f 3085/3085/3085 3087/3087/3087 1943/1943/1943
f 1318/1318/1318 1314/1314/1314 3089/3089/3089
f 3089/3089/3089 3086/3086/3086 1320/1320/1320
f 1315/1315/1315 1311/1311/1311 3092/3092/3092
f 3091/3091/3091 3090/3090/3090 1314/1314/1314
f 1311/1311/1311 1308/1308/1308 3095/3095/3095
f 3094/3094/3094 3092/3092/3092 1311/1311/1311
f 1309/1309/1309 3467/3467/3467 3469/3469/3469
f 3468/3468/3468 3096/3096/3096 1309/1309/1309
f 1342/1342/1342 3045/3045/3045 3103/3103/3103
f 3103/3103/3103 3101/3101/3101 1342/1342/1342
f 1872/1872/1872 3029/3029/3029 3103/3103/3103
f 3066/3066/3066 1927/1927/1927 3014/3014/3014
f 3029/3029/3029 3024/3024/3024 3103/3103/3103
f 3106/3106/3106 1502/1502/1502 1478/1478/1478
f 1477/1477/1477 3107/3107/3107 3106/3106/3106
f 1475/1475/1475 3037/3037/3037 3017/3017/3017
f 3018/3018/3018 3110/3110/3110 1475/1475/1475
f 2267/2267/2267 1475/1475/1475 3111/3111/3111
f 3043/3043/3043 3109/3109/3109 3113/3113/3113
f 3113/3113/3113 3109/3109/3109 3110/3110/3110
f 3116/3116/3116 2658/2658/2658 3006/3006/3006
f 3005/3005/3005 3117/3117/3117 3115/3115/3115
f 3117/3117/3117 3005/3005/3005 1016/1016/1016
f 1016/1016/1016 3119/3119/3119 3117/3117/3117
f 934/934/934 1078/1078/1078 3125/3125/3125
f 3125/3125/3125 3121/3121/3121 933/933/933
f 1159/1159/1159 1081/1081/1081 3123/3123/3123
f 3124/3124/3124 1077/1077/1077 1157/1157/1157
f 936/936/936 3122/3122/3122 3130/3130/3130
f 3130/3130/3130 3126/3126/3126 934/934/934
f 3122/3122/3122 932/932/932 3118/3118/3118
f 3118/3118/3118 3130/3130/3130 3122/3122/3122
f 938/938/938 1076/1076/1076 3135/3135/3135
f 3135/3135/3135 3132/3132/3132 937/937/937
f 3133/3133/3133 935/935/935 3126/3126/3126
f 2321/2321/2321 3133/3133/3133 3127/3127/3127
f 1157/1157/1157 1077/1077/1077 3134/3134/3134
f 3134/3134/3134 1075/1075/1075 1177/1177/1177
f 3142/3142/3142 3056/3056/3056 3149/3149/3149
f 3149/3149/3149 3151/3151/3151 3141/3141/3141
f 3137/3137/3137 1488/1488/1488 3423/3423/3423
f 3423/3423/3423 3421/3421/3421 3138/3138/3138
f 3059/3059/3059 3055/3055/3055 3140/3140/3140
f 3140/3140/3140 1024/1024/1024 3058/3058/3058
f 1019/1019/1019 929/929/929 3153/3153/3153
f 3153/3153/3153 3152/3152/3152 1020/1020/1020
f 929/929/929 3381/3381/3381 3383/3383/3383
f 3383/3383/3383 3153/3153/3153 929/929/929
f 1022/1022/1022 3143/3143/3143 3151/3151/3151
f 3151/3151/3151 3152/3152/3152 1022/1022/1022
f 1493/1493/1493 1487/1487/1487 3150/3150/3150
f 3150/3150/3150 3147/3147/3147 1493/1493/1493
f 1967/1967/1967 3156/3156/3156 3157/3157/3157
f 3157/3157/3157 3145/3145/3145 1967/1967/1967
f 1487/1487/1487 3137/3137/3137 3151/3151/3151
f 3151/3151/3151 3149/3149/3149 1487/1487/1487
f 3154/3154/3154 1085/1085/1085 1160/1160/1160
f 3154/3154/3154 1160/1160/1160 1197/1197/1197
f 1500/1500/1500 2937/2937/2937 3163/3163/3163
f 3163/3163/3163 3164/3164/3164 1499/1499/1499
f 3161/3161/3161 1497/1497/1497 2933/2933/2933
f 2933/2933/2933 3158/3158/3158 3161/3161/3161
f 3156/3156/3156 1968/1968/1968 3432/3432/3432
f 3432/3432/3432 3430/3430/3430 3156/3156/3156
f 3157/3157/3157 3148/3148/3148 1485/1485/1485
f 1486/1486/1486 3159/3159/3159 3157/3157/3157
f 3162/3162/3162 2935/2935/2935 1496/1496/1496
f 1496/1496/1496 3160/3160/3160 3163/3163/3163
f 3155/3155/3155 1493/1493/1493 3148/3148/3148
f 3147/3147/3147 3157/3157/3157 3156/3156/3156
f 3171/3171/3171 1094/1094/1094 922/922/922
f 922/922/922 3167/3167/3167 3171/3171/3171
f 3169/3169/3169 1091/1091/1091 2650/2650/2650
f 3170/3170/3170 2650/2650/2650 2651/2651/2651
f 2451/2451/2451 3175/3175/3175 3172/3172/3172
f 3172/3172/3172 1302/1302/1302 2451/2451/2451
f 2937/2937/2937 1498/1498/1498 3172/3172/3172
f 3172/3172/3172 3175/3175/3175 2937/2937/2937
f 1298/1298/1298 3179/3179/3179 3178/3178/3178
f 3178/3178/3178 1300/1300/1300 1298/1298/1298
f 2933/2933/2933 1497/1497/1497 3178/3178/3178
f 3178/3178/3178 3179/3179/3179 2933/2933/2933
f 3182/3182/3182 1851/1851/1851 1600/1600/1600
f 1600/1600/1600 1305/1305/1305 3182/3182/3182
f 3182/3182/3182 1304/1304/1304 1303/1303/1303
f 1303/1303/1303 3173/3173/3173 3181/3181/3181
f 2931/2931/2931 3187/3187/3187 3189/3189/3189
f 3189/3189/3189 1970/1970/1970 2931/2931/2931
f 2450/2450/2450 1299/1299/1299 3177/3177/3177
f 3176/3176/3176 3175/3175/3175 2450/2450/2450
f 3184/3184/3184 3145/3145/3145 3180/3180/3180
f 3186/3186/3186 2932/2932/2932 3432/3432/3432
f 3432/3432/3432 3433/3433/3433 3186/3186/3186
f 2273/2273/2273 1851/1851/1851 3182/3182/3182
f 3191/3191/3191 1644/1644/1644 1624/1624/1624
f 1299/1299/1299 2450/2450/2450 3195/3195/3195
f 3194/3194/3194 1615/1615/1615 1299/1299/1299
f 1614/1614/1614 1610/1610/1610 3197/3197/3197
f 3198/3198/3198 1612/1612/1612 1628/1628/1628
f 1628/1628/1628 3200/3200/3200 3197/3197/3197
f 1629/1629/1629 1627/1627/1627 3203/3203/3203
f 3203/3203/3203 3201/3201/3201 1629/1629/1629
f 3204/3204/3204 1630/1630/1630 1637/1637/1637
f 1625/1625/1625 1631/1631/1631 3205/3205/3205
f 3206/3206/3206 3202/3202/3202 1625/1625/1625
f 1643/1643/1643 1639/1639/1639 3207/3207/3207
f 3208/3208/3208 1641/1641/1641 1649/1649/1649
f 1650/1650/1650 3210/3210/3210 3208/3208/3208
f 3214/3214/3214 1647/1647/1647 1653/1653/1653
f 1653/1653/1653 3215/3215/3215 3214/3214/3214
f 3211/3211/3211 1650/1650/1650 1648/1648/1648
f 1648/1648/1648 3213/3213/3213 3212/3212/3212
f 3215/3215/3215 1653/1653/1653 1646/1646/1646
f 1646/1646/1646 3193/3193/3193 3215/3215/3215
f 2451/2451/2451 1302/1302/1302 1618/1618/1618
f 1618/1618/1618 3194/3194/3194 2451/2451/2451
f 3217/3217/3217 1728/1728/1728 3223/3223/3223
f 3220/3220/3220 3270/3270/3270 3274/3274/3274
f 3274/3274/3274 3224/3224/3224 3220/3220/3220
f 3274/3274/3274 3277/3277/3277 3226/3226/3226
f 3226/3226/3226 3224/3224/3224 3274/3274/3274
f 1707/1707/1707 3278/3278/3278 3232/3232/3232
f 3232/3232/3232 3230/3230/3230 1707/1707/1707
f 3232/3232/3232 1709/1709/1709 3234/3234/3234
f 1709/1709/1709 1711/1711/1711 3237/3237/3237
f 3240/3240/3240 3236/3236/3236 1709/1709/1709
f 1710/1710/1710 1712/1712/1712 3243/3243/3243
f 3243/3243/3243 3238/3238/3238 1710/1710/1710
f 1714/1714/1714 3294/3294/3294 3247/3247/3247
f 3248/3248/3248 3244/3244/3244 1715/1715/1715
f 1713/1713/1713 1716/1716/1716 3244/3244/3244
f 3244/3244/3244 3242/3242/3242 1713/1713/1713
f 3245/3245/3245 3292/3292/3292 3296/3296/3296
f 3295/3295/3295 3249/3249/3249 3245/3245/3245
f 3297/3297/3297 3298/3298/3298 3254/3254/3254
f 3254/3254/3254 3251/3251/3251 3297/3297/3297
f 3299/3299/3299 1717/1717/1717 3256/3256/3256
f 3256/3256/3256 3255/3255/3255 3300/3300/3300
f 1718/1718/1718 1719/1719/1719 3260/3260/3260
f 3259/3259/3259 3257/3257/3257 1718/1718/1718
f 3263/3263/3263 1724/1724/1724 1726/1726/1726
f 1727/1727/1727 3266/3266/3266 3263/3263/3263
f 1720/1720/1720 1723/1723/1723 3262/3262/3262
f 3262/3262/3262 3260/3260/3260 1720/1720/1720
f 3265/3265/3265 1725/1725/1725 1730/1730/1730
f 1729/1729/1729 3218/3218/3218 3265/3265/3265
f 3276/3276/3276 1706/1706/1706 3228/3228/3228
f 3229/3229/3229 3226/3226/3226 3276/3276/3276
f 3268/3268/3268 1670/1670/1670 3272/3272/3272
f 3271/3271/3271 1667/1667/1667 1665/1665/1665
f 1665/1665/1665 3275/3275/3275 3271/3271/3271
f 1663/1663/1663 2453/2453/2453 3277/3277/3277
f 3277/3277/3277 3273/3273/3273 1664/1664/1664
f 3281/3281/3281 1709/1709/1709 3279/3279/3279
f 3283/3283/3283 1711/1711/1711 1709/1709/1709
f 1709/1709/1709 3282/3282/3282 3284/3284/3284
f 1712/1712/1712 1710/1710/1710 3285/3285/3285
f 3285/3285/3285 3287/3287/3287 1712/1712/1712
f 3293/3293/3293 1715/1715/1715 3290/3290/3290
f 3291/3291/3291 1716/1716/1716 1713/1713/1713
f 1713/1713/1713 3287/3287/3287 3291/3291/3291
f 3293/3293/3293 1683/1683/1683 1679/1679/1679
f 1679/1679/1679 3295/3295/3295 3293/3293/3293
f 3301/3301/3301 1717/1717/1717 3299/3299/3299
f 1686/1686/1686 1700/1700/1700 3303/3303/3303
f 3304/3304/3304 3301/3301/3301 1687/1687/1687
f 3306/3306/3306 1697/1697/1697 1705/1705/1705
f 1704/1704/1704 3313/3313/3313 3306/3306/3306
f 1701/1701/1701 1698/1698/1698 3307/3307/3307
f 3307/3307/3307 3303/3303/3303 1700/1700/1700
f 3311/3311/3311 1704/1704/1704 1693/1693/1693
f 1694/1694/1694 3268/3268/3268 3310/3310/3310
f 2455/2455/2455 1660/1660/1660 1706/1706/1706
f 1706/1706/1706 3276/3276/3276 2455/2455/2455
f 1508/1508/1508 3344/3344/3344 3345/3345/3345
f 3346/3346/3346 3319/3319/3319 1508/1508/1508
f 1511/1511/1511 3336/3336/3336 3337/3337/3337
f 3337/3337/3337 3318/3318/3318 1512/1512/1512
f 1921/1921/1921 3461/3461/3461 3464/3464/3464
f 3463/3463/3463 3321/3321/3321 1921/1921/1921
f 2663/2663/2663 3333/3333/3333 3335/3335/3335
f 3335/3335/3335 3331/3331/3331 2661/2661/2661
f 3324/3324/3324 3100/3100/3100 1346/1346/1346
f 1346/1346/1346 3327/3327/3327 3325/3325/3325
f 3322/3322/3322 1957/1957/1957 3100/3100/3100
f 3100/3100/3100 3324/3324/3324 3322/3322/3322
f 1961/1961/1961 1033/1033/1033 2324/2324/2324
f 2324/2324/2324 3323/3323/3323 1960/1960/1960
f 1343/1343/1343 3327/3327/3327 3335/3335/3335
f 3335/3335/3335 3333/3333/3333 1343/1343/1343
f 3327/3327/3327 1345/1345/1345 3316/3316/3316
f 3316/3316/3316 3335/3335/3335 3327/3327/3327
f 3044/3044/3044 1344/1344/1344 3332/3332/3332
f 3332/3332/3332 2662/2662/2662 3042/3042/3042
f 3331/3331/3331 3334/3334/3334 3315/3315/3315
f 1918/1918/1918 1920/1920/1920 3320/3320/3320
f 1311/1311/1311 1919/1919/1919 3320/3320/3320
f 3338/3338/3338 1348/1348/1348 3318/3318/3318
f 3318/3318/3318 3337/3337/3337 3338/3338/3338
f 3340/3340/3340 3100/3100/3100 1957/1957/1957
f 1958/1958/1958 3341/3341/3341 3340/3340/3340
f 3338/3338/3338 1346/1346/1346 3100/3100/3100
f 3100/3100/3100 3340/3340/3340 3338/3338/3338
f 3336/3336/3336 2308/2308/2308 3315/3315/3315
f 3315/3315/3315 3337/3337/3337 3336/3336/3336
f 3347/3347/3347 1349/1349/1349 3319/3319/3319
f 3319/3319/3319 3345/3345/3345 3347/3347/3347
f 3351/3351/3351 3099/3099/3099 1954/1954/1954
f 1955/1955/1955 3353/3353/3353 3351/3351/3351
f 3348/3348/3348 1348/1348/1348 3099/3099/3099
f 3099/3099/3099 3350/3350/3350 3348/3348/3348
f 3344/3344/3344 1511/1511/1511 3318/3318/3318
f 3318/3318/3318 3346/3346/3346 3344/3344/3344
f 1958/1958/1958 1034/1034/1034 2307/2307/2307
f 2305/2305/2305 3342/3342/3342 1958/1958/1958
f 1955/1955/1955 1039/1039/1039 2303/2303/2303
f 2303/2303/2303 3353/3353/3353 1956/1956/1956
f 1510/1510/1510 3363/3363/3363 3364/3364/3364
f 3364/3364/3364 3336/3336/3336 1510/1510/1510
f 1508/1508/1508 3359/3359/3359 3361/3361/3361
f 3361/3361/3361 3344/3344/3344 1508/1508/1508
f 1897/1897/1897 1896/1896/1896 3355/3355/3355
f 1895/1895/1895 1519/1519/1519 3356/3356/3356
f 3363/3363/3363 1511/1511/1511 3344/3344/3344
f 3343/3343/3343 3361/3361/3361 3363/3363/3363
f 3364/3364/3364 2309/2309/2309 1531/1531/1531
f 1532/1532/1532 3365/3365/3365 3364/3364/3364
f 3362/3362/3362 1518/1518/1518 2310/2310/2310
f 2310/2310/2310 3364/3364/3364 3363/3363/3363
f 3358/3358/3358 1915/1915/1915 3357/3357/3357
f 3357/3357/3357 3361/3361/3361 3359/3359/3359
f 2254/2254/2254 2257/2257/2257 2308/2308/2308
f 2308/2308/2308 3367/3367/3367 2254/2254/2254
f 1925/1925/1925 1916/1916/1916 3360/3360/3360
f 3369/3369/3369 1543/1543/1543 1540/1540/1540
f 1540/1540/1540 3371/3371/3371 3368/3368/3368
f 3371/3371/3371 1540/1540/1540 1361/1361/1361
f 1361/1361/1361 3373/3373/3373 3371/3371/3371
f 1490/1490/1490 1543/1543/1543 3368/3368/3368
f 3368/3368/3368 1966/1966/1966 1490/1490/1490
f 3375/3375/3375 2653/2653/2653 1113/1113/1113
f 3375/3375/3375 1093/1093/1093 2653/2653/2653
f 917/917/917 3038/3038/3038 3377/3377/3377
f 3377/3377/3377 3379/3379/3379 919/919/919
f 922/922/922 1094/1094/1094 3375/3375/3375
f 3375/3375/3375 3376/3376/3376 922/922/922
f 916/916/916 919/919/919 3379/3379/3379
f 3380/3380/3380 1097/1097/1097 1099/1099/1099
f 3385/3385/3385 928/928/928 3153/3153/3153
f 3153/3153/3153 3383/3383/3383 3385/3385/3385
f 1085/1085/1085 3154/3154/3154 3382/3382/3382
f 3383/3383/3383 3381/3381/3381 1086/1086/1086
f 3381/3381/3381 929/929/929 3391/3391/3391
f 3392/3392/3392 3389/3389/3389 3381/3381/3381
f 3385/3385/3385 1087/1087/1087 1089/1089/1089
f 3384/3384/3384 1090/1090/1090 926/926/926
f 3389/3389/3389 1082/1082/1082 3387/3387/3387
f 1081/1081/1081 1159/1159/1159 1193/1193/1193
f 1193/1193/1193 3388/3388/3388 1080/1080/1080
f 3392/3392/3392 931/931/931 3390/3390/3390
f 3389/3389/3389 931/931/931 1083/1083/1083
f 3394/3394/3394 932/932/932 3393/3393/3393
f 3117/3117/3117 3118/3118/3118 3395/3395/3395
f 1018/1018/1018 3115/3115/3115 3117/3117/3117
f 3139/3139/3139 3421/3421/3421 3114/3114/3114
f 3118/3118/3118 932/932/932 3394/3394/3394
f 3396/3396/3396 1888/1888/1888 1468/1468/1468
f 1361/1361/1361 1888/1888/1888 3459/3459/3459
f 3401/3401/3401 1920/1920/1920 1918/1918/1918
f 1918/1918/1918 3399/3399/3399 3400/3400/3400
f 3400/3400/3400 1432/1432/1432 1438/1438/1438
f 1922/1922/1922 1920/1920/1920 3401/3401/3401
f 1353/1353/1353 1387/1387/1387 3398/3398/3398
f 3398/3398/3398 3402/3402/3402 1353/1353/1353
f 1355/1355/1355 1353/1353/1353 3403/3403/3403
f 3403/3403/3403 1317/1317/1317 1355/1355/1355
f 1122/1122/1122 2638/2638/2638 3415/3415/3415
f 1047/1047/1047 3003/3003/3003 3414/3414/3414
f 3414/3414/3414 3410/3410/3410 1048/1048/1048
f 920/920/920 3376/3376/3376 3039/3039/3039
f 1087/1087/1087 1197/1197/1197 2643/2643/2643
f 3406/3406/3406 916/916/916 1099/1099/1099
f 1102/1102/1102 912/912/912 3405/3405/3405
f 3410/3410/3410 3416/3416/3416 3408/3408/3408
f 1165/1165/1165 2989/2989/2989 3408/3408/3408
f 3411/3411/3411 1121/1121/1121 3418/3418/3418
f 3418/3418/3418 3413/3413/3413 3411/3411/3411
f 3414/3414/3414 3418/3418/3418 3416/3416/3416
f 3416/3416/3416 3410/3410/3410 3413/3413/3413
f 3412/3412/3412 1046/1046/1046 1045/1045/1045
f 1120/1120/1120 1121/1121/1121 3411/3411/3411
f 3415/3415/3415 1163/1163/1163 3416/3416/3416
f 1163/1163/1163 3408/3408/3408 3416/3416/3416
f 1121/1121/1121 1122/1122/1122 3418/3418/3418
f 3417/3417/3417 1122/1122/1122 3415/3415/3415
f 3415/3415/3415 3416/3416/3416 3418/3418/3418
f 3394/3394/3394 3393/3393/3393 930/930/930
f 1884/1884/1884 1334/1334/1334 3456/3456/3456
f 1537/1537/1537 1517/1517/1517 3419/3419/3419
f 3419/3419/3419 3420/3420/3420 1537/1537/1537
f 1520/1520/1520 1537/1537/1537 3420/3420/3420
f 3419/3419/3419 1517/1517/1517 1887/1887/1887
f 1540/1540/1540 1541/1541/1541 1521/1521/1521
f 1489/1489/1489 1965/1965/1965 3425/3425/3425
f 3425/3425/3425 3428/3428/3428 1489/1489/1489
f 1830/1830/1830 1492/1492/1492 3428/3428/3428
f 3428/3428/3428 3431/3431/3431 1830/1830/1830
f 3184/3184/3184 1297/1297/1297 3435/3435/3435
f 3435/3435/3435 3433/3433/3433 3185/3185/3185
f 1964/1964/1964 3010/3010/3010 3422/3422/3422
f 3422/3422/3422 3424/3424/3424 1965/1965/1965
f 2932/2932/2932 1830/1830/1830 3431/3431/3431
f 3431/3431/3431 3432/3432/3432 2932/2932/2932
f 1968/1968/1968 3185/3185/3185 3433/3433/3433
f 3433/3433/3433 3432/3432/3432 1968/1968/1968
f 3435/3435/3435 1297/1297/1297 3197/3197/3197
f 3435/3435/3435 3198/3198/3198 3200/3200/3200
f 3010/3010/3010 2658/2658/2658 3115/3115/3115
f 3115/3115/3115 3422/3422/3422 3010/3010/3010
f 3447/3447/3447 1028/1028/1028 3064/3064/3064
f 3065/3065/3065 3444/3444/3444 3448/3448/3448
f 3438/3438/3438 3165/3165/3165 1481/1481/1481
f 1481/1481/1481 3440/3440/3440 3437/3437/3437
f 3436/3436/3436 1500/1500/1500 3165/3165/3165
f 3165/3165/3165 3438/3438/3438 3436/3436/3436
f 3441/3441/3441 1481/1481/1481 3063/3063/3063
f 3063/3063/3063 3443/3443/3443 3440/3440/3440
f 3446/3446/3446 1025/1025/1025 924/924/924
f 924/924/924 3167/3167/3167 3446/3446/3446
f 1729/1729/1729 3272/3272/3272 3222/3222/3222
f 3268/3268/3268 1691/1691/1691 1670/1670/1670
f 1645/1645/1645 3217/3217/3217 3223/3223/3223
f 1305/1305/1305 1600/1600/1600 3191/3191/3191
f 1298/1298/1298 1614/1614/1614 3197/3197/3197
f 1612/1612/1612 1614/1614/1614 3232/3232/3232
f 3233/3233/3233 3279/3279/3279 1709/1709/1709
f 1659/1659/1659 1655/1655/1655 3281/3281/3281
f 3436/3436/3436 3181/3181/3181 3173/3173/3173
f 3436/3436/3436 1864/1864/1864 3182/3182/3182
f 3145/3145/3145 2933/2933/2933 3180/3180/3180
f 3184/3184/3184 1967/1967/1967 3146/3146/3146
f 1771/1771/1771 1808/1808/1808 1789/1789/1789
f 1096/1096/1096 3378/3378/3378 3377/3377/3377
f 2248/2248/2248 2244/2244/2244 1354/1354/1354
f 1321/1321/1321 2247/2247/2247 1355/1355/1355
f 1514/1514/1514 1908/1908/1908 1909/1909/1909
f 1912/1912/1912 1906/1906/1906 1513/1513/1513
f 1888/1888/1888 1904/1904/1904 1468/1468/1468
f 1539/1539/1539 3420/3420/3420 3419/3419/3419
f 3457/3457/3457 1884/1884/1884 3456/3456/3456
f 3070/3070/3070 1930/1930/1930 3449/3449/3449
f 3449/3449/3449 3450/3450/3450 3071/3071/3071
f 1335/1335/1335 3070/3070/3070 3450/3450/3450
f 3450/3450/3450 3454/3454/3454 1335/1335/1335
f 3453/3453/3453 1336/1336/1336 3373/3373/3373
f 3373/3373/3373 3456/3456/3456 3454/3454/3454
f 3467/3467/3467 1307/1307/1307 3321/3321/3321
f 3321/3321/3321 3464/3464/3464 3465/3465/3465
f 3469/3469/3469 3098/3098/3098 1951/1951/1951
f 1951/1951/1951 3471/3471/3471 3469/3469/3469
f 3466/3466/3466 1352/1352/1352 3097/3097/3097
f 3097/3097/3097 3469/3469/3469 3466/3466/3466
f 3460/3460/3460 1509/1509/1509 3319/3319/3319
f 3319/3319/3319 3463/3463/3463 3462/3462/3462
f 1924/1924/1924 3359/3359/3359 1507/1507/1507
f 1508/1508/1508 3462/3462/3462 1924/1924/1924
f 1951/1951/1951 1042/1042/1042 2329/2329/2329
f 2329/2329/2329 3471/3471/3471 1953/1953/1953
f 2375/2375/2375 1010/1010/1010 1928/1928/1928
f 1928/1928/1928 3449/3449/3449 2375/2375/2375
f 1888/1888/1888 3397/3397/3397 3459/3459/3459
f 3458/3458/3458 3396/3396/3396 1884/1884/1884
f 1335/1335/1335 3454/3454/3454 3456/3456/3456
f 2517/2517/2517 3483/3483/3483 3484/3484/3484
f 3484/3484/3484 2515/2515/2515 2517/2517/2517
f 2515/2515/2515 3485/3485/3485 3487/3487/3487
f 3487/3487/3487 2514/2514/2514 2515/2515/2515
f 2513/2513/2513 2514/2514/2514 3487/3487/3487
f 3487/3487/3487 3481/3481/3481 2513/2513/2513
f 2508/2508/2508 2509/2509/2509 3415/3415/3415
f 2511/2511/2511 2513/2513/2513 3481/3481/3481
f 3415/3415/3415 2509/2509/2509 3481/3481/3481
f 3415/3415/3415 3473/3473/3473 1163/1163/1163
f 3483/3483/3483 3478/3478/3478 3477/3477/3477
f 3477/3477/3477 3484/3484/3484 3483/3483/3483
f 3484/3484/3484 3477/3477/3477 3474/3474/3474
f 3475/3475/3475 3486/3486/3486 3484/3484/3484
f 3482/3482/3482 3478/3478/3478 3483/3483/3483
f 3475/3475/3475 3472/3472/3472 3481/3481/3481
f 3481/3481/3481 3487/3487/3487 3475/3475/3475
f 2509/2509/2509 2511/2511/2511 3481/3481/3481
f 3488/3488/3488 1167/1167/1167 3482/3482/3482
f 3490/3490/3490 2192/2192/2192 2195/2195/2195
f 1170/1170/1170 2132/2132/2132 3490/3490/3490
f 3491/3491/3491 2131/2131/2131 3488/3488/3488
f 2132/2132/2132 3492/3492/3492 3490/3490/3490
f 2185/2185/2185 2187/2187/2187 3488/3488/3488
f 2517/2517/2517 2520/2520/2520 2181/2181/2181
f 2181/2181/2181 2184/2184/2184 2518/2518/2518
f 3494/3494/3494 3542/3542/3542 3555/3555/3555
f 3555/3555/3555 3520/3520/3520 3494/3494/3494
f 3500/3500/3500 3545/3545/3545 3558/3558/3558
f 3558/3558/3558 3525/3525/3525 3500/3500/3500
f 3508/3508/3508 3549/3549/3549 3562/3562/3562
f 3562/3562/3562 3533/3533/3533 3508/3508/3508
f 3506/3506/3506 3548/3548/3548 3561/3561/3561
f 3561/3561/3561 3531/3531/3531 3506/3506/3506
f 3504/3504/3504 3547/3547/3547 3560/3560/3560
f 3560/3560/3560 3529/3529/3529 3504/3504/3504
f 3512/3512/3512 3551/3551/3551 3564/3564/3564
f 3564/3564/3564 3537/3537/3537 3512/3512/3512
f 3510/3510/3510 3550/3550/3550 3563/3563/3563
f 3563/3563/3563 3535/3535/3535 3510/3510/3510
f 3514/3514/3514 3552/3552/3552 3565/3565/3565
f 3565/3565/3565 3539/3539/3539 3514/3514/3514
f 3496/3496/3496 3543/3543/3543 3554/3554/3554
f 3554/3554/3554 3518/3518/3518 3496/3496/3496
f 3502/3502/3502 3546/3546/3546 3559/3559/3559
f 3559/3559/3559 3527/3527/3527 3502/3502/3502
f 3516/3516/3516 3553/3553/3553 3566/3566/3566
f 3566/3566/3566 3541/3541/3541 3516/3516/3516
f 3498/3498/3498 3544/3544/3544 3556/3556/3556
f 3556/3556/3556 3522/3522/3522 3498/3498/3498
f 3518/3518/3518 3554/3554/3554 3544/3544/3544
f 3544/3544/3544 3498/3498/3498 3518/3518/3518
f 3520/3520/3520 3555/3555/3555 3543/3543/3543
f 3543/3543/3543 3496/3496/3496 3520/3520/3520
f 3523/3523/3523 3557/3557/3557 3545/3545/3545
f 3545/3545/3545 3500/3500/3500 3523/3523/3523
f 3525/3525/3525 3558/3558/3558 3546/3546/3546
f 3546/3546/3546 3502/3502/3502 3525/3525/3525
f 3527/3527/3527 3559/3559/3559 3547/3547/3547
f 3547/3547/3547 3504/3504/3504 3527/3527/3527
f 3529/3529/3529 3560/3560/3560 3548/3548/3548
f 3548/3548/3548 3506/3506/3506 3529/3529/3529
f 3531/3531/3531 3561/3561/3561 3549/3549/3549
f 3549/3549/3549 3508/3508/3508 3531/3531/3531
f 3533/3533/3533 3562/3562/3562 3550/3550/3550
f 3550/3550/3550 3510/3510/3510 3533/3533/3533
f 3535/3535/3535 3563/3563/3563 3551/3551/3551
f 3551/3551/3551 3512/3512/3512 3535/3535/3535
f 3537/3537/3537 3564/3564/3564 3552/3552/3552
f 3552/3552/3552 3514/3514/3514 3537/3537/3537
f 3539/3539/3539 3565/3565/3565 3553/3553/3553
f 3553/3553/3553 3516/3516/3516 3539/3539/3539
f 3541/3541/3541 3566/3566/3566 3542/3542/3542
f 3542/3542/3542 3494/3494/3494 3541/3541/3541
f 3575/3575/3575 3576/3576/3576 3493/3493/3493
f 3493/3493/3493 3519/3519/3519 3575/3575/3575
f 3574/3574/3574 3575/3575/3575 3519/3519/3519
f 3519/3519/3519 3495/3495/3495 3574/3574/3574
f 3573/3573/3573 3574/3574/3574 3495/3495/3495
f 3495/3495/3495 3517/3517/3517 3573/3573/3573
f 3497/3497/3497 3572/3572/3572 3573/3573/3573
f 3573/3573/3573 3517/3517/3517 3497/3497/3497
f 3521/3521/3521 3571/3571/3571 3572/3572/3572
f 3572/3572/3572 3497/3497/3497 3521/3521/3521
f 3571/3571/3571 3521/3521/3521 3499/3499/3499
f 3499/3499/3499 3570/3570/3570 3571/3571/3571
f 3569/3569/3569 3570/3570/3570 3499/3499/3499
f 3499/3499/3499 3524/3524/3524 3569/3569/3569
f 3568/3568/3568 3569/3569/3569 3524/3524/3524
f 3524/3524/3524 3501/3501/3501 3568/3568/3568
f 3567/3567/3567 3568/3568/3568 3501/3501/3501
f 3501/3501/3501 3526/3526/3526 3567/3567/3567
f 3503/3503/3503 3590/3590/3590 3567/3567/3567
f 3567/3567/3567 3526/3526/3526 3503/3503/3503
f 3528/3528/3528 3589/3589/3589 3590/3590/3590
f 3590/3590/3590 3503/3503/3503 3528/3528/3528
f 3505/3505/3505 3588/3588/3588 3589/3589/3589
f 3589/3589/3589 3528/3528/3528 3505/3505/3505
f 3587/3587/3587 3588/3588/3588 3505/3505/3505
f 3505/3505/3505 3530/3530/3530 3587/3587/3587
f 3586/3586/3586 3587/3587/3587 3530/3530/3530
f 3530/3530/3530 3507/3507/3507 3586/3586/3586
f 3585/3585/3585 3586/3586/3586 3507/3507/3507
f 3507/3507/3507 3532/3532/3532 3585/3585/3585
f 3509/3509/3509 3584/3584/3584 3585/3585/3585
f 3585/3585/3585 3532/3532/3532 3509/3509/3509
f 3534/3534/3534 3583/3583/3583 3584/3584/3584
f 3584/3584/3584 3509/3509/3509 3534/3534/3534
f 3511/3511/3511 3582/3582/3582 3583/3583/3583
f 3583/3583/3583 3534/3534/3534 3511/3511/3511
f 3581/3581/3581 3582/3582/3582 3511/3511/3511
f 3511/3511/3511 3536/3536/3536 3581/3581/3581
f 3580/3580/3580 3581/3581/3581 3536/3536/3536
f 3536/3536/3536 3513/3513/3513 3580/3580/3580
f 3579/3579/3579 3580/3580/3580 3513/3513/3513
f 3513/3513/3513 3538/3538/3538 3579/3579/3579
f 3515/3515/3515 3578/3578/3578 3579/3579/3579
f 3579/3579/3579 3538/3538/3538 3515/3515/3515
f 3540/3540/3540 3577/3577/3577 3578/3578/3578
f 3578/3578/3578 3515/3515/3515 3540/3540/3540
f 3493/3493/3493 3576/3576/3576 3577/3577/3577
f 3577/3577/3577 3540/3540/3540 3493/3493/3493
f 3576/3576/3576 3575/3575/3575 3591/3591/3591
f 3575/3575/3575 3574/3574/3574 3591/3591/3591
f 3574/3574/3574 3573/3573/3573 3591/3591/3591
f 3573/3573/3573 3572/3572/3572 3591/3591/3591
f 3572/3572/3572 3571/3571/3571 3591/3591/3591
f 3571/3571/3571 3570/3570/3570 3591/3591/3591
f 3570/3570/3570 3569/3569/3569 3591/3591/3591
f 3569/3569/3569 3568/3568/3568 3591/3591/3591
f 3568/3568/3568 3567/3567/3567 3591/3591/3591
f 3567/3567/3567 3590/3590/3590 3591/3591/3591
f 3590/3590/3590 3589/3589/3589 3591/3591/3591
f 3589/3589/3589 3588/3588/3588 3591/3591/3591
f 3588/3588/3588 3587/3587/3587 3591/3591/3591
f 3587/3587/3587 3586/3586/3586 3591/3591/3591
f 3586/3586/3586 3585/3585/3585 3591/3591/3591
f 3585/3585/3585 3584/3584/3584 3591/3591/3591
f 3584/3584/3584 3583/3583/3583 3591/3591/3591
f 3583/3583/3583 3582/3582/3582 3591/3591/3591
f 3582/3582/3582 3581/3581/3581 3591/3591/3591
f 3581/3581/3581 3580/3580/3580 3591/3591/3591
f 3580/3580/3580 3579/3579/3579 3591/3591/3591
f 3579/3579/3579 3578/3578/3578 3591/3591/3591
f 3578/3578/3578 3577/3577/3577 3591/3591/3591
f 3577/3577/3577 3576/3576/3576 3591/3591/3591
f 3593/3593/3593 3641/3641/3641 3654/3654/3654
f 3654/3654/3654 3619/3619/3619 3593/3593/3593
f 3599/3599/3599 3644/3644/3644 3657/3657/3657
f 3657/3657/3657 3624/3624/3624 3599/3599/3599
f 3607/3607/3607 3648/3648/3648 3661/3661/3661
f 3661/3661/3661 3632/3632/3632 3607/3607/3607
f 3605/3605/3605 3647/3647/3647 3660/3660/3660
f 3660/3660/3660 3630/3630/3630 3605/3605/3605
f 3603/3603/3603 3646/3646/3646 3659/3659/3659
f 3659/3659/3659 3628/3628/3628 3603/3603/3603
f 3611/3611/3611 3650/3650/3650 3663/3663/3663
f 3663/3663/3663 3636/3636/3636 3611/3611/3611
f 3609/3609/3609 3649/3649/3649 3662/3662/3662
f 3662/3662/3662 3634/3634/3634 3609/3609/3609
f 3613/3613/3613 3651/3651/3651 3664/3664/3664
f 3664/3664/3664 3638/3638/3638 3613/3613/3613
f 3595/3595/3595 3642/3642/3642 3653/3653/3653
f 3653/3653/3653 3617/3617/3617 3595/3595/3595
f 3601/3601/3601 3645/3645/3645 3658/3658/3658
f 3658/3658/3658 3626/3626/3626 3601/3601/3601
f 3615/3615/3615 3652/3652/3652 3665/3665/3665
f 3665/3665/3665 3640/3640/3640 3615/3615/3615
f 3597/3597/3597 3643/3643/3643 3655/3655/3655
f 3655/3655/3655 3621/3621/3621 3597/3597/3597
f 3617/3617/3617 3653/3653/3653 3643/3643/3643
f 3643/3643/3643 3597/3597/3597 3617/3617/3617
f 3619/3619/3619 3654/3654/3654 3642/3642/3642
f 3642/3642/3642 3595/3595/3595 3619/3619/3619
f 3622/3622/3622 3656/3656/3656 3644/3644/3644
f 3644/3644/3644 3599/3599/3599 3622/3622/3622
f 3624/3624/3624 3657/3657/3657 3645/3645/3645
f 3645/3645/3645 3601/3601/3601 3624/3624/3624
f 3626/3626/3626 3658/3658/3658 3646/3646/3646
f 3646/3646/3646 3603/3603/3603 3626/3626/3626
f 3628/3628/3628 3659/3659/3659 3647/3647/3647
f 3647/3647/3647 3605/3605/3605 3628/3628/3628
f 3630/3630/3630 3660/3660/3660 3648/3648/3648
f 3648/3648/3648 3607/3607/3607 3630/3630/3630
f 3632/3632/3632 3661/3661/3661 3649/3649/3649
f 3649/3649/3649 3609/3609/3609 3632/3632/3632
f 3634/3634/3634 3662/3662/3662 3650/3650/3650
f 3650/3650/3650 3611/3611/3611 3634/3634/3634
f 3636/3636/3636 3663/3663/3663 3651/3651/3651
f 3651/3651/3651 3613/3613/3613 3636/3636/3636
f 3638/3638/3638 3664/3664/3664 3652/3652/3652
f 3652/3652/3652 3615/3615/3615 3638/3638/3638
f 3640/3640/3640 3665/3665/3665 3641/3641/3641
f 3641/3641/3641 3593/3593/3593 3640/3640/3640
f 3674/3674/3674 3675/3675/3675 3592/3592/3592
f 3592/3592/3592 3618/3618/3618 3674/3674/3674
f 3673/3673/3673 3674/3674/3674 3618/3618/3618
f 3618/3618/3618 3594/3594/3594 3673/3673/3673
f 3672/3672/3672 3673/3673/3673 3594/3594/3594
f 3594/3594/3594 3616/3616/3616 3672/3672/3672
f 3596/3596/3596 3671/3671/3671 3672/3672/3672
f 3672/3672/3672 3616/3616/3616 3596/3596/3596
f 3620/3620/3620 3670/3670/3670 3671/3671/3671
f 3671/3671/3671 3596/3596/3596 3620/3620/3620
f 3670/3670/3670 3620/3620/3620 3598/3598/3598
f 3598/3598/3598 3669/3669/3669 3670/3670/3670
f 3668/3668/3668 3669/3669/3669 3598/3598/3598
f 3598/3598/3598 3623/3623/3623 3668/3668/3668
f 3667/3667/3667 3668/3668/3668 3623/3623/3623
f 3623/3623/3623 3600/3600/3600 3667/3667/3667
f 3666/3666/3666 3667/3667/3667 3600/3600/3600
f 3600/3600/3600 3625/3625/3625 3666/3666/3666
f 3602/3602/3602 3689/3689/3689 3666/3666/3666
f 3666/3666/3666 3625/3625/3625 3602/3602/3602
f 3627/3627/3627 3688/3688/3688 3689/3689/3689
f 3689/3689/3689 3602/3602/3602 3627/3627/3627
f 3604/3604/3604 3687/3687/3687 3688/3688/3688
f 3688/3688/3688 3627/3627/3627 3604/3604/3604
f 3686/3686/3686 3687/3687/3687 3604/3604/3604
f 3604/3604/3604 3629/3629/3629 3686/3686/3686
f 3685/3685/3685 3686/3686/3686 3629/3629/3629
f 3629/3629/3629 3606/3606/3606 3685/3685/3685
f 3684/3684/3684 3685/3685/3685 3606/3606/3606
f 3606/3606/3606 3631/3631/3631 3684/3684/3684
f 3608/3608/3608 3683/3683/3683 3684/3684/3684
f 3684/3684/3684 3631/3631/3631 3608/3608/3608
f 3633/3633/3633 3682/3682/3682 3683/3683/3683
f 3683/3683/3683 3608/3608/3608 3633/3633/3633
f 3610/3610/3610 3681/3681/3681 3682/3682/3682
f 3682/3682/3682 3633/3633/3633 3610/3610/3610
f 3680/3680/3680 3681/3681/3681 3610/3610/3610
f 3610/3610/3610 3635/3635/3635 3680/3680/3680
f 3679/3679/3679 3680/3680/3680 3635/3635/3635
f 3635/3635/3635 3612/3612/3612 3679/3679/3679
f 3678/3678/3678 3679/3679/3679 3612/3612/3612
f 3612/3612/3612 3637/3637/3637 3678/3678/3678
f 3614/3614/3614 3677/3677/3677 3678/3678/3678
f 3678/3678/3678 3637/3637/3637 3614/3614/3614
f 3639/3639/3639 3676/3676/3676 3677/3677/3677
f 3677/3677/3677 3614/3614/3614 3639/3639/3639
f 3592/3592/3592 3675/3675/3675 3676/3676/3676
f 3676/3676/3676 3639/3639/3639 3592/3592/3592
f 3675/3675/3675 3674/3674/3674 3690/3690/3690
f 3674/3674/3674 3673/3673/3673 3690/3690/3690
f 3673/3673/3673 3672/3672/3672 3690/3690/3690
f 3672/3672/3672 3671/3671/3671 3690/3690/3690
f 3671/3671/3671 3670/3670/3670 3690/3690/3690
f 3670/3670/3670 3669/3669/3669 3690/3690/3690
f 3669/3669/3669 3668/3668/3668 3690/3690/3690
f 3668/3668/3668 3667/3667/3667 3690/3690/3690
f 3667/3667/3667 3666/3666/3666 3690/3690/3690
f 3666/3666/3666 3689/3689/3689 3690/3690/3690
f 3689/3689/3689 3688/3688/3688 3690/3690/3690
f 3688/3688/3688 3687/3687/3687 3690/3690/3690
f 3687/3687/3687 3686/3686/3686 3690/3690/3690
f 3686/3686/3686 3685/3685/3685 3690/3690/3690
f 3685/3685/3685 3684/3684/3684 3690/3690/3690
f 3684/3684/3684 3683/3683/3683 3690/3690/3690
f 3683/3683/3683 3682/3682/3682 3690/3690/3690
f 3682/3682/3682 3681/3681/3681 3690/3690/3690
f 3681/3681/3681 3680/3680/3680 3690/3690/3690
f 3680/3680/3680 3679/3679/3679 3690/3690/3690
f 3679/3679/3679 3678/3678/3678 3690/3690/3690
f 3678/3678/3678 3677/3677/3677 3690/3690/3690
f 3677/3677/3677 3676/3676/3676 3690/3690/3690
f 3676/3676/3676 3675/3675/3675 3690/3690/3690
